2025-07-07 10:41:20,144 - INFO - Initializing broker connection
2025-07-07 10:41:20,144 - INFO - Dhan.py  started system
2025-07-07 10:41:20,144 - INFO - STARTED THE PROGRAM
2025-07-07 10:47:42,504 - INFO - Initializing broker connection
2025-07-07 10:47:42,504 - INFO - Dhan.py  started system
2025-07-07 10:47:42,506 - INFO - STARTED THE PROGRAM
2025-07-07 10:47:46,123 - INFO - Broker connection established
2025-07-07 10:47:46,130 - INFO - Starting trading engine
2025-07-07 10:48:07,836 - INFO - Bot stopped by user
2025-07-07 10:48:07,838 - INFO - Trading bot shutdown complete
2025-07-07 10:48:15,802 - INFO - Initializing broker connection
2025-07-07 10:48:15,804 - INFO - Dhan.py  started system
2025-07-07 10:48:15,804 - INFO - STARTED THE PROGRAM
2025-07-07 10:48:19,440 - INFO - Broker connection established
2025-07-07 10:48:19,444 - INFO - Starting trading engine
2025-07-07 10:49:19,856 - INFO - Bot stopped by user
2025-07-07 10:49:19,857 - INFO - Trading bot shutdown complete
2025-07-07 10:50:10,611 - INFO - Initializing broker connection
2025-07-07 10:50:10,612 - INFO - Dhan.py  started system
2025-07-07 10:50:10,612 - INFO - STARTED THE PROGRAM
2025-07-07 10:50:14,810 - INFO - Broker connection established
2025-07-07 10:50:14,814 - INFO - Starting trading engine
2025-07-07 10:56:02,183 - INFO - Bot stopped by user
2025-07-07 10:56:02,185 - INFO - Trading bot shutdown complete
2025-09-30 13:47:23,389 - INFO - Preparing SELL order for ADANIENT using RSI_50_Crossover
2025-09-30 13:47:25,667 - INFO - ATR calculated: 2.86
2025-09-30 13:47:25,671 - INFO - Position size: 1 shares
2025-09-30 13:47:25,671 - INFO - Placing SELL order for 1 shares of ADANIENT
2025-09-30 13:47:25,771 - INFO - Order placed successfully: 3125093027326
2025-09-30 13:47:28,817 - INFO - Entry price: 2499.3
2025-09-30 13:47:28,818 - ERROR - Failed to save trade to database: 'options_name'
2025-09-30 13:47:28,860 - WARNING - Failed to place SL order - will monitor manually
2025-09-30 13:47:29,544 - INFO - ✅ SELL order executed: 1 shares of ADANIENT @ 2499.3, SL: 2502.16
2025-09-30 13:47:29,552 - ERROR - Error monitoring position ADANIENT: 'options_name'
2025-09-30 13:47:55,948 - ERROR - Error monitoring position ADANIENT: 'options_name'
2025-09-30 13:48:22,465 - ERROR - Error monitoring position ADANIENT: 'options_name'
2025-09-30 13:48:48,780 - ERROR - Error monitoring position ADANIENT: 'options_name'
2025-09-30 13:49:15,647 - ERROR - Error monitoring position ADANIENT: 'options_name'
2025-09-30 13:49:17,973 - INFO - Preparing BUY order for ADANIPORTS using RSI_50_Crossover
2025-09-30 13:49:20,289 - INFO - ATR calculated: 1.22
2025-09-30 13:49:20,292 - INFO - Position size: 1 shares
2025-09-30 13:49:20,293 - INFO - Placing BUY order for 1 shares of ADANIPORTS
2025-09-30 13:49:20,471 - INFO - Order placed successfully: 9125093026346
2025-09-30 13:49:23,522 - INFO - Entry price: 1398.6
2025-09-30 13:49:23,522 - ERROR - Failed to save trade to database: 'options_name'
2025-09-30 13:49:23,554 - WARNING - Failed to place SL order - will monitor manually
2025-09-30 13:49:27,417 - INFO - ✅ BUY order executed: 1 shares of ADANIPORTS @ 1398.6, SL: 1397.38
2025-09-30 13:49:27,422 - ERROR - Error monitoring position ADANIPORTS: 'options_name'
2025-09-30 13:49:29,676 - INFO - Preparing SELL order for APOLLOHOSP using RSI_50_Crossover
2025-09-30 13:49:31,915 - INFO - ATR calculated: 7.03
2025-09-30 13:49:31,917 - INFO - Position size: 1 shares
2025-09-30 13:49:31,918 - INFO - Placing SELL order for 1 shares of APOLLOHOSP
2025-09-30 13:49:32,025 - INFO - Order placed successfully: 10125093023466
2025-09-30 13:49:35,065 - INFO - Entry price: 7450.0
2025-09-30 13:49:35,067 - ERROR - Failed to save trade to database: 'options_name'
2025-09-30 13:49:35,102 - WARNING - Failed to place SL order - will monitor manually
2025-09-30 13:49:35,881 - INFO - ✅ SELL order executed: 1 shares of APOLLOHOSP @ 7450.0, SL: 7457.03
2025-09-30 13:49:35,885 - ERROR - Error monitoring position APOLLOHOSP: 'options_name'
2025-09-30 13:49:38,162 - INFO - Preparing BUY order for ASIANPAINT using RSI_50_Crossover
2025-09-30 13:49:40,388 - INFO - ATR calculated: 1.59
2025-09-30 13:49:40,390 - INFO - Position size: 1 shares
2025-09-30 13:49:40,390 - INFO - Placing BUY order for 1 shares of ASIANPAINT
2025-09-30 13:49:40,496 - INFO - Order placed successfully: 3125093027526
2025-09-30 13:49:45,676 - INFO - Using LTP as entry price: 2347.6
2025-09-30 13:49:45,676 - INFO - Entry price: 2347.6
2025-09-30 13:49:45,678 - ERROR - Failed to save trade to database: 'options_name'
2025-09-30 13:49:45,716 - WARNING - Failed to place SL order - will monitor manually
2025-09-30 13:49:46,408 - INFO - ✅ BUY order executed: 1 shares of ASIANPAINT @ 2347.6, SL: 2346.01
2025-09-30 13:49:46,412 - ERROR - Error monitoring position ASIANPAINT: 'options_name'
2025-09-30 13:49:48,674 - INFO - Preparing SELL order for AXISBANK using RSI_50_Crossover
2025-09-30 13:49:50,914 - INFO - ATR calculated: 0.68
2025-09-30 13:49:50,916 - INFO - Position size: 1 shares
2025-09-30 13:49:50,917 - INFO - Placing SELL order for 1 shares of AXISBANK
2025-09-30 13:49:51,012 - INFO - Order placed successfully: 4125093025536
2025-09-30 13:49:54,059 - INFO - Entry price: 1130.1
2025-09-30 13:49:54,061 - ERROR - Failed to save trade to database: 'options_name'
2025-09-30 13:49:54,093 - WARNING - Failed to place SL order - will monitor manually
2025-09-30 13:49:54,792 - INFO - ✅ SELL order executed: 1 shares of AXISBANK @ 1130.1, SL: 1130.78
2025-09-30 13:49:54,796 - ERROR - Error monitoring position AXISBANK: 'options_name'
2025-09-30 13:50:12,093 - ERROR - Error monitoring position ADANIENT: 'options_name'
2025-09-30 13:50:14,369 - ERROR - Error monitoring position ADANIPORTS: 'options_name'
2025-09-30 13:50:16,649 - ERROR - Error monitoring position APOLLOHOSP: 'options_name'
2025-09-30 13:50:18,960 - ERROR - Error monitoring position ASIANPAINT: 'options_name'
2025-09-30 13:50:21,270 - ERROR - Error monitoring position AXISBANK: 'options_name'
2025-09-30 13:50:38,512 - ERROR - Error monitoring position ADANIENT: 'options_name'
2025-09-30 13:50:40,733 - ERROR - Error monitoring position ADANIPORTS: 'options_name'
2025-09-30 13:50:41,072 - INFO - 
Strategy Performance Analysis:
2025-09-30 13:50:41,073 - INFO - 
+------------------+----------------+---------+--------+----------------+------------+--------------+
| Strategy         |   Total Trades |   Calls |   Puts | Total Profit   | Win Rate   | Avg Profit   |
+==================+================+=========+========+================+============+==============+
| RSI_50_Crossover |             31 |       0 |     31 | ₹0.00          | 0.0%       | ₹0.00        |
+------------------+----------------+---------+--------+----------------+------------+--------------+
2025-09-30 13:50:41,080 - INFO - 
Total Overall Profit: ₹0.00
2025-09-30 13:50:41,092 - INFO - Closing all positions...
2025-09-30 13:50:41,093 - ERROR - Failed to close position for ADANIENT: 'sl_orderid'
2025-09-30 13:50:41,798 - ERROR - Failed to close position for ADANIPORTS: 'sl_orderid'
2025-09-30 13:50:42,526 - ERROR - Failed to close position for APOLLOHOSP: 'sl_orderid'
2025-09-30 13:50:43,301 - ERROR - Failed to close position for ASIANPAINT: 'sl_orderid'
2025-09-30 13:50:45,586 - ERROR - Failed to close position for AXISBANK: 'sl_orderid'
2025-09-30 14:25:51,970 - INFO - Preparing SELL order for ADANIENT using RSI_50_Crossover
2025-09-30 14:25:54,237 - INFO - ATR calculated: 4.30
2025-09-30 14:25:54,240 - INFO - Position size: 1 shares
2025-09-30 14:25:54,240 - INFO - Placing SELL order for 1 shares of ADANIENT
2025-09-30 14:25:54,424 - INFO - Order placed successfully: 9125093028826
2025-09-30 14:25:57,474 - INFO - Entry price: 2496.6
2025-09-30 14:25:57,486 - WARNING - Failed to place SL order - will monitor manually
2025-09-30 14:25:58,223 - INFO - ✅ SELL order executed: 1 shares of ADANIENT @ 2496.6, SL: 2500.9
2025-09-30 14:27:27,324 - INFO - SL triggered for ADANIENT
2025-09-30 14:27:27,325 - ERROR - Failed to process SL hit for ADANIENT: 'sl_orderid'
2025-09-30 14:27:56,579 - INFO - SL triggered for ADANIENT
2025-09-30 14:27:56,580 - ERROR - Failed to process SL hit for ADANIENT: 'sl_orderid'
2025-09-30 14:27:59,021 - INFO - Preparing BUY order for ADANIPORTS using RSI_50_Crossover
2025-09-30 14:28:01,429 - INFO - ATR calculated: 1.52
2025-09-30 14:28:01,432 - INFO - Position size: 1 shares
2025-09-30 14:28:01,433 - INFO - Placing BUY order for 1 shares of ADANIPORTS
2025-09-30 14:28:01,597 - INFO - Order placed successfully: 34125093028656
2025-09-30 14:28:04,641 - INFO - Entry price: 1399.9
2025-09-30 14:28:04,648 - WARNING - Failed to place SL order - will monitor manually
2025-09-30 14:28:05,435 - INFO - ✅ BUY order executed: 1 shares of ADANIPORTS @ 1399.9, SL: 1398.38
2025-09-30 14:28:10,266 - INFO - Preparing SELL order for APOLLOHOSP using RSI_50_Crossover
2025-09-30 14:28:12,662 - INFO - ATR calculated: 7.08
2025-09-30 14:28:12,664 - INFO - Position size: 1 shares
2025-09-30 14:28:12,665 - INFO - Placing SELL order for 1 shares of APOLLOHOSP
2025-09-30 14:28:12,820 - INFO - Order placed successfully: 4125093028146
2025-09-30 14:28:15,869 - INFO - Entry price: 7414.5
2025-09-30 14:28:15,877 - WARNING - Failed to place SL order - will monitor manually
2025-09-30 14:28:16,660 - INFO - ✅ SELL order executed: 1 shares of APOLLOHOSP @ 7414.5, SL: 7421.58
2025-09-30 14:28:21,144 - INFO - Preparing BUY order for ASIANPAINT using RSI_50_Crossover
2025-09-30 14:28:23,564 - INFO - ATR calculated: 2.12
2025-09-30 14:28:23,568 - INFO - Position size: 1 shares
2025-09-30 14:28:23,568 - INFO - Placing BUY order for 1 shares of ASIANPAINT
2025-09-30 14:28:23,762 - INFO - Order placed successfully: 33125093030776
2025-09-30 14:28:28,959 - INFO - Using LTP as entry price: 2350.1
2025-09-30 14:28:28,961 - INFO - Entry price: 2350.1
2025-09-30 14:28:28,983 - WARNING - Failed to place SL order - will monitor manually
2025-09-30 14:28:29,699 - INFO - ✅ BUY order executed: 1 shares of ASIANPAINT @ 2350.1, SL: 2347.98
2025-09-30 14:28:34,267 - INFO - Preparing BUY order for AXISBANK using RSI_50_Crossover
2025-09-30 14:28:36,606 - INFO - ATR calculated: 1.21
2025-09-30 14:28:36,610 - INFO - Position size: 1 shares
2025-09-30 14:28:36,611 - INFO - Placing BUY order for 1 shares of AXISBANK
2025-09-30 14:28:36,781 - INFO - Order placed successfully: 9125093029046
2025-09-30 14:28:39,903 - INFO - Entry price: 1131.8
2025-09-30 14:28:39,914 - WARNING - Failed to place SL order - will monitor manually
2025-09-30 14:28:40,612 - INFO - ✅ BUY order executed: 1 shares of AXISBANK @ 1131.8, SL: 1130.59
2025-09-30 14:29:40,187 - INFO - SL triggered for ADANIENT
2025-09-30 14:29:40,188 - ERROR - Failed to process SL hit for ADANIENT: 'sl_orderid'
2025-09-30 14:30:57,073 - INFO - 
Strategy Performance Analysis:
2025-09-30 14:30:57,074 - INFO - 
+------------------+----------------+---------+--------+----------------+------------+--------------+
| Strategy         |   Total Trades |   Calls |   Puts | Total Profit   | Win Rate   | Avg Profit   |
+==================+================+=========+========+================+============+==============+
| RSI_50_Crossover |             36 |       0 |     36 | ₹0.00          | 0.0%       | ₹0.00        |
+------------------+----------------+---------+--------+----------------+------------+--------------+
2025-09-30 14:30:57,082 - INFO - 
Total Overall Profit: ₹0.00
2025-09-30 14:30:57,094 - INFO - Closing all positions...
2025-09-30 14:30:57,096 - ERROR - Failed to close position for ADANIENT: 'sl_orderid'
2025-09-30 14:30:57,830 - ERROR - Failed to close position for ADANIPORTS: 'sl_orderid'
2025-09-30 14:47:02,982 - INFO - Preparing BUY order for ADANIENT using RSI_50_Crossover
2025-09-30 14:47:05,264 - INFO - ATR calculated: 4.07
2025-09-30 14:47:05,266 - INFO - Position size: 1 shares
2025-09-30 14:47:05,267 - INFO - Placing BUY order for 1 shares of ADANIENT
2025-09-30 14:47:05,389 - INFO - Order placed successfully: 34125093030456
2025-09-30 14:47:08,436 - INFO - Entry price: 2510.7
2025-09-30 14:47:08,503 - WARNING - Failed to place SL order - will monitor manually
2025-09-30 14:48:14,025 - INFO - Preparing BUY order for ADANIPORTS using RSI_50_Crossover
2025-09-30 14:48:16,452 - INFO - ATR calculated: 1.40
2025-09-30 14:48:16,454 - INFO - Position size: 1 shares
2025-09-30 14:48:16,455 - INFO - Placing BUY order for 1 shares of ADANIPORTS
2025-09-30 14:48:16,623 - INFO - Order placed successfully: 34125093030596
2025-09-30 14:48:19,658 - INFO - Entry price: 1403.9
2025-09-30 14:48:19,721 - WARNING - Failed to place SL order - will monitor manually
2025-09-30 14:48:25,039 - INFO - Preparing SELL order for APOLLOHOSP using RSI_50_Crossover
2025-09-30 14:48:27,456 - INFO - ATR calculated: 7.27
2025-09-30 14:48:27,458 - INFO - Position size: 1 shares
2025-09-30 14:48:27,458 - INFO - Placing SELL order for 1 shares of APOLLOHOSP
2025-09-30 14:48:27,590 - INFO - Order placed successfully: 4125093030086
2025-09-30 14:48:30,627 - INFO - Entry price: 7405.5
2025-09-30 14:48:30,689 - WARNING - Failed to place SL order - will monitor manually
2025-09-30 14:48:35,947 - INFO - Preparing SELL order for ASIANPAINT using RSI_50_Crossover
2025-09-30 14:48:38,390 - INFO - ATR calculated: 2.14
2025-09-30 14:48:38,398 - INFO - Position size: 1 shares
2025-09-30 14:48:38,400 - INFO - Placing SELL order for 1 shares of ASIANPAINT
2025-09-30 14:48:38,629 - INFO - Order placed successfully: 33125093032436
2025-09-30 14:48:43,806 - INFO - Using LTP as entry price: 2350.4
2025-09-30 14:48:43,807 - INFO - Entry price: 2350.4
2025-09-30 14:48:43,872 - WARNING - Failed to place SL order - will monitor manually
2025-09-30 14:48:50,526 - INFO - Preparing SELL order for AXISBANK using RSI_50_Crossover
2025-09-30 14:48:52,841 - INFO - ATR calculated: 1.41
2025-09-30 14:48:52,844 - INFO - Position size: 1 shares
2025-09-30 14:48:52,844 - INFO - Placing SELL order for 1 shares of AXISBANK
2025-09-30 14:48:52,954 - INFO - Order placed successfully: 3125093032806
2025-09-30 14:48:55,994 - INFO - Entry price: 1131.1
2025-09-30 14:48:56,060 - WARNING - Failed to place SL order - will monitor manually
2025-09-30 14:51:04,342 - INFO - 
Strategy Performance Analysis:
2025-09-30 14:51:04,343 - INFO - 
+------------------+----------------+---------+--------+----------------+------------+--------------+
| Strategy         |   Total Trades |   Calls |   Puts | Total Profit   | Win Rate   | Avg Profit   |
+==================+================+=========+========+================+============+==============+
| RSI_50_Crossover |             43 |       0 |     43 | ₹-7.10         | 0.0%       | ₹-0.17       |
+------------------+----------------+---------+--------+----------------+------------+--------------+
2025-09-30 14:51:04,492 - INFO - 
Total Overall Profit: ₹-7.10
2025-09-30 14:51:04,515 - INFO - Closing all positions...
2025-09-30 14:51:04,516 - ERROR - Failed to close position for ADANIPORTS: 'sl_orderid'
2025-09-30 14:51:05,244 - ERROR - Failed to close position for APOLLOHOSP: 'sl_orderid'
2025-09-30 14:51:05,942 - ERROR - Failed to close position for AXISBANK: 'sl_orderid'
2025-09-30 15:27:08,935 - INFO - Preparing BUY order for ADANIENT using RSI_50_Crossover
2025-09-30 15:27:11,525 - INFO - ATR calculated: 3.15
2025-09-30 15:27:11,526 - INFO - Position size: 1 shares
2025-09-30 15:27:11,526 - INFO - Placing BUY order for 1 shares of ADANIENT
2025-09-30 15:27:20,801 - INFO - Using LTP as entry price: 2510
2025-09-30 15:27:20,802 - INFO - Entry price: 2510
2025-09-30 15:29:02,016 - INFO - 
Strategy Performance Analysis:
2025-09-30 15:29:02,017 - INFO - 
+------------------+----------------+---------+--------+----------------+------------+--------------+
| Strategy         |   Total Trades |   Calls |   Puts | Total Profit   | Win Rate   | Avg Profit   |
+==================+================+=========+========+================+============+==============+
| RSI_50_Crossover |             44 |       0 |     44 | ₹-7.10         | 0.0%       | ₹-0.16       |
+------------------+----------------+---------+--------+----------------+------------+--------------+
2025-09-30 15:29:02,031 - INFO - 
Total Overall Profit: ₹-7.10
2025-09-30 15:29:02,034 - INFO - Closing all positions...
2025-09-30 15:29:35,232 - INFO - Preparing BUY order for ADANIENT using RSI_50_Crossover
2025-09-30 15:29:37,543 - INFO - ATR calculated: 3.45
2025-09-30 15:29:37,546 - INFO - Position size: 1 shares
2025-09-30 15:29:37,546 - INFO - Placing BUY order for 1 shares of ADANIENT
2025-09-30 15:29:46,939 - INFO - Using LTP as entry price: 2508.5
2025-09-30 15:29:46,940 - INFO - Entry price: 2508.5
2025-09-30 15:29:54,106 - INFO - 
Strategy Performance Analysis:
2025-09-30 15:29:54,107 - INFO - 
+------------------+----------------+---------+--------+----------------+------------+--------------+
| Strategy         |   Total Trades |   Calls |   Puts | Total Profit   | Win Rate   | Avg Profit   |
+==================+================+=========+========+================+============+==============+
| RSI_50_Crossover |             45 |       0 |     45 | ₹-7.10         | 0.0%       | ₹-0.16       |
+------------------+----------------+---------+--------+----------------+------------+--------------+
2025-09-30 15:29:54,116 - INFO - 
Total Overall Profit: ₹-7.10
2025-09-30 15:29:54,130 - INFO - Closing all positions...
2025-09-30 15:44:35,972 - INFO - Preparing BUY order for ADANIENT using RSI_50_Crossover
2025-09-30 15:44:38,265 - INFO - ATR calculated: 3.56
2025-09-30 15:44:38,267 - INFO - Position size: 1 shares
2025-09-30 15:44:38,267 - INFO - Placing BUY order for 1 shares of ADANIENT
2025-09-30 15:44:48,274 - INFO - Using LTP as entry price: 2505.9
2025-09-30 15:44:48,275 - INFO - Entry price: 2505.9
2025-09-30 15:44:51,089 - INFO - Preparing BUY order for ADANIPORTS using RSI_50_Crossover
2025-09-30 15:44:53,805 - INFO - ATR calculated: 2.15
2025-09-30 15:44:53,809 - INFO - Position size: 1 shares
2025-09-30 15:44:53,809 - INFO - Placing BUY order for 1 shares of ADANIPORTS
2025-09-30 15:45:03,341 - INFO - Using LTP as entry price: 1403.5
2025-09-30 15:45:03,342 - INFO - Entry price: 1403.5
2025-09-30 15:45:05,881 - INFO - Preparing BUY order for APOLLOHOSP using RSI_50_Crossover
2025-09-30 15:45:08,163 - INFO - ATR calculated: 10.98
2025-09-30 15:45:08,166 - INFO - Position size: 1 shares
2025-09-30 15:45:08,166 - INFO - Placing BUY order for 1 shares of APOLLOHOSP
2025-09-30 15:45:17,666 - INFO - Using LTP as entry price: 7409
2025-09-30 15:45:17,666 - INFO - Entry price: 7409
2025-09-30 15:45:19,959 - INFO - Preparing BUY order for ASIANPAINT using RSI_50_Crossover
2025-09-30 15:45:22,243 - INFO - ATR calculated: 1.97
2025-09-30 15:45:22,244 - INFO - Position size: 1 shares
2025-09-30 15:45:22,244 - INFO - Placing BUY order for 1 shares of ASIANPAINT
2025-09-30 15:45:32,383 - INFO - Using LTP as entry price: 2350
2025-09-30 15:45:32,384 - INFO - Entry price: 2350
2025-09-30 15:45:34,673 - INFO - Preparing SELL order for AXISBANK using RSI_50_Crossover
2025-09-30 15:45:37,180 - INFO - ATR calculated: 2.07
2025-09-30 15:45:37,183 - INFO - Position size: 1 shares
2025-09-30 15:45:37,183 - INFO - Placing SELL order for 1 shares of AXISBANK
2025-09-30 15:45:43,618 - INFO - 
Strategy Performance Analysis:
2025-09-30 15:45:43,622 - INFO - 
+------------------+----------------+---------+--------+----------------+------------+--------------+
| Strategy         |   Total Trades |   Calls |   Puts | Total Profit   | Win Rate   | Avg Profit   |
+==================+================+=========+========+================+============+==============+
| RSI_50_Crossover |             45 |       0 |     45 | ₹-7.10         | 0.0%       | ₹-0.16       |
+------------------+----------------+---------+--------+----------------+------------+--------------+
2025-09-30 15:45:43,638 - INFO - 
Total Overall Profit: ₹-7.10
2025-09-30 15:45:43,643 - INFO - Closing all positions...
2025-10-01 12:17:18,990 - INFO - Preparing BUY order for ADANIENT using RSI_50_Crossover
2025-10-01 12:17:21,310 - INFO - ATR calculated: 3.58
2025-10-01 12:17:21,313 - INFO - Position size: 1 shares
2025-10-01 12:17:21,313 - INFO - Placing BUY order for 1 shares of ADANIENT
2025-10-01 12:17:28,597 - INFO - Entry price: 2498.0
2025-10-01 12:17:30,932 - INFO - Preparing SELL order for ADANIPORTS using RSI_50_Crossover
2025-10-01 12:17:33,232 - INFO - ATR calculated: 1.51
2025-10-01 12:17:33,235 - INFO - Position size: 1 shares
2025-10-01 12:17:33,235 - INFO - Placing SELL order for 1 shares of ADANIPORTS
2025-10-01 12:17:40,487 - INFO - Entry price: 1397.7
2025-10-01 12:17:43,350 - ERROR - Error monitoring position ADANIPORTS: 'sl'
2025-10-01 12:17:45,703 - INFO - Preparing BUY order for APOLLOHOSP using RSI_50_Crossover
2025-10-01 12:17:48,005 - INFO - ATR calculated: 7.68
2025-10-01 12:17:48,008 - INFO - Position size: 1 shares
2025-10-01 12:17:48,008 - INFO - Placing BUY order for 1 shares of APOLLOHOSP
2025-10-01 12:17:55,266 - INFO - Entry price: 7438.5
2025-10-01 12:17:57,582 - INFO - Preparing BUY order for ASIANPAINT using RSI_50_Crossover
2025-10-01 12:17:59,902 - INFO - ATR calculated: 1.88
2025-10-01 12:17:59,904 - INFO - Position size: 1 shares
2025-10-01 12:17:59,905 - INFO - Placing BUY order for 1 shares of ASIANPAINT
2025-10-01 12:18:09,364 - INFO - Using LTP as entry price: 2332.9
2025-10-01 12:18:09,366 - INFO - Entry price: 2332.9
2025-10-01 12:18:11,664 - INFO - Preparing SELL order for AXISBANK using RSI_50_Crossover
2025-10-01 12:18:14,059 - INFO - ATR calculated: 2.19
2025-10-01 12:18:14,061 - INFO - Position size: 1 shares
2025-10-01 12:18:14,062 - INFO - Placing SELL order for 1 shares of AXISBANK
2025-10-01 12:18:23,449 - INFO - Using LTP as entry price: 1157.1
2025-10-01 12:18:23,449 - INFO - Entry price: 1157.1
2025-10-01 12:18:41,191 - INFO - Preparing SELL order for ADANIENT using RSI_50_Crossover
2025-10-01 12:18:43,832 - INFO - ATR calculated: 3.87
2025-10-01 12:18:43,835 - INFO - Position size: 1 shares
2025-10-01 12:18:43,835 - INFO - Placing SELL order for 1 shares of ADANIENT
2025-10-01 12:18:51,506 - INFO - Entry price: 2493.5
2025-10-01 12:18:56,970 - ERROR - Error monitoring position ADANIPORTS: 'sl'
2025-10-01 12:18:59,526 - INFO - Preparing SELL order for APOLLOHOSP using RSI_50_Crossover
2025-10-01 12:19:02,010 - INFO - ATR calculated: 7.84
2025-10-01 12:19:02,013 - INFO - Position size: 1 shares
2025-10-01 12:19:02,013 - INFO - Placing SELL order for 1 shares of APOLLOHOSP
2025-10-01 12:19:09,302 - INFO - Entry price: 7435.5
2025-10-01 12:19:11,615 - INFO - Preparing BUY order for ASIANPAINT using RSI_50_Crossover
2025-10-01 12:19:14,083 - INFO - ATR calculated: 1.84
2025-10-01 12:19:14,086 - INFO - Position size: 1 shares
2025-10-01 12:19:14,087 - INFO - Placing BUY order for 1 shares of ASIANPAINT
2025-10-01 12:19:21,456 - INFO - Entry price: 2332.9
2025-10-01 12:19:23,969 - INFO - Preparing SELL order for AXISBANK using RSI_50_Crossover
2025-10-01 12:19:26,433 - INFO - ATR calculated: 2.18
2025-10-01 12:19:26,437 - INFO - Position size: 1 shares
2025-10-01 12:19:26,438 - INFO - Placing SELL order for 1 shares of AXISBANK
2025-10-01 12:19:33,795 - INFO - Entry price: 1156.9
2025-10-01 12:19:51,332 - INFO - Preparing SELL order for ADANIENT using RSI_50_Crossover
2025-10-01 12:19:53,853 - INFO - ATR calculated: 3.96
2025-10-01 12:19:53,856 - INFO - Position size: 1 shares
2025-10-01 12:19:53,857 - INFO - Placing SELL order for 1 shares of ADANIENT
2025-10-01 12:20:01,192 - INFO - Entry price: 2491.5
2025-10-01 12:20:05,760 - ERROR - Error monitoring position ADANIPORTS: 'sl'
2025-10-01 12:20:08,397 - INFO - Preparing SELL order for APOLLOHOSP using RSI_50_Crossover
2025-10-01 12:20:11,013 - INFO - ATR calculated: 7.96
2025-10-01 12:20:11,016 - INFO - Position size: 1 shares
2025-10-01 12:20:11,018 - INFO - Placing SELL order for 1 shares of APOLLOHOSP
2025-10-01 12:20:17,586 - INFO - 
Strategy Performance Analysis:
2025-10-01 12:20:17,592 - INFO - 
+------------------+----------------+---------+--------+----------------+------------+--------------+
| Strategy         |   Total Trades |   Calls |   Puts | Total Profit   | Win Rate   | Avg Profit   |
+==================+================+=========+========+================+============+==============+
| RSI_50_Crossover |             46 |       0 |     46 | ₹-7.10         | 0.0%       | ₹-0.15       |
+------------------+----------------+---------+--------+----------------+------------+--------------+
2025-10-01 12:20:17,725 - INFO - 
Total Overall Profit: ₹-7.10
2025-10-01 12:20:17,730 - INFO - Closing all positions...
2025-10-01 12:20:17,730 - ERROR - Failed to close position for ADANIPORTS: 'sl_orderid'
2025-10-01 13:19:44,291 - INFO - Closing all positions...
2025-10-01 13:45:43,180 - INFO - Preparing BUY order for ADANIENT using RSI_50_Crossover
2025-10-01 13:45:45,700 - INFO - ATR calculated: 3.15
2025-10-01 13:45:45,705 - INFO - Position size: 1 shares
2025-10-01 13:45:45,706 - INFO - Placing BUY order for 1 shares of ADANIENT
2025-10-01 13:45:52,962 - INFO - Entry price: 2501.0
2025-10-01 13:45:57,380 - INFO - Preparing BUY order for ADANIPORTS using RSI_50_Crossover
2025-10-01 13:45:59,702 - INFO - ATR calculated: 1.56
2025-10-01 13:45:59,704 - INFO - Position size: 1 shares
2025-10-01 13:45:59,705 - INFO - Placing BUY order for 1 shares of ADANIPORTS
2025-10-01 13:46:06,911 - INFO - Entry price: 1402.3
2025-10-01 13:46:18,706 - INFO - Preparing SELL order for ASIANPAINT using RSI_50_Crossover
2025-10-01 13:46:20,990 - INFO - ATR calculated: 2.03
2025-10-01 13:46:20,993 - INFO - Position size: 1 shares
2025-10-01 13:46:20,994 - INFO - Placing SELL order for 1 shares of ASIANPAINT
2025-10-01 13:46:28,215 - INFO - Entry price: 2326.8
2025-10-01 13:46:32,632 - INFO - Preparing SELL order for AXISBANK using RSI_50_Crossover
2025-10-01 13:46:34,902 - INFO - ATR calculated: 1.35
2025-10-01 13:46:34,905 - INFO - Position size: 1 shares
2025-10-01 13:46:34,905 - INFO - Placing SELL order for 1 shares of AXISBANK
2025-10-01 13:46:42,146 - INFO - Entry price: 1159.6
2025-10-01 13:47:01,642 - INFO - Preparing BUY order for ADANIENT using RSI_50_Crossover
2025-10-01 13:47:04,096 - INFO - ATR calculated: 3.04
2025-10-01 13:47:04,099 - INFO - Position size: 1 shares
2025-10-01 13:47:04,100 - INFO - Placing BUY order for 1 shares of ADANIENT
2025-10-01 13:47:11,462 - INFO - Entry price: 2502.8
2025-10-01 13:47:25,208 - INFO - Preparing SELL order for ASIANPAINT using RSI_50_Crossover
2025-10-01 13:47:27,605 - INFO - ATR calculated: 2.03
2025-10-01 13:47:27,609 - INFO - Position size: 1 shares
2025-10-01 13:47:27,610 - INFO - Placing SELL order for 1 shares of ASIANPAINT
2025-10-01 13:47:36,438 - INFO - Preparing SELL order for AXISBANK using RSI_50_Crossover
2025-10-01 13:47:38,924 - INFO - ATR calculated: 1.35
2025-10-01 13:47:38,927 - INFO - Position size: 1 shares
2025-10-01 13:47:38,929 - INFO - Placing SELL order for 1 shares of AXISBANK
2025-10-01 13:47:46,236 - INFO - Entry price: 1159.2
2025-10-01 13:48:32,119 - INFO - Preparing SELL order for AXISBANK using RSI_50_Crossover
2025-10-01 13:48:34,585 - INFO - ATR calculated: 1.32
2025-10-01 13:48:34,588 - INFO - Position size: 1 shares
2025-10-01 13:48:34,589 - INFO - Placing SELL order for 1 shares of AXISBANK
2025-10-01 13:48:41,855 - INFO - Entry price: 1159.3
2025-10-01 13:49:19,393 - INFO - Preparing SELL order for AXISBANK using RSI_50_Crossover
2025-10-01 13:49:21,679 - INFO - ATR calculated: 1.33
2025-10-01 13:49:21,681 - INFO - Position size: 1 shares
2025-10-01 13:49:21,681 - INFO - Placing SELL order for 1 shares of AXISBANK
2025-10-01 13:49:24,626 - INFO - 
Strategy Performance Analysis:
2025-10-01 13:49:24,630 - INFO - 
+------------------+----------------+---------+--------+----------------+------------+--------------+
| Strategy         |   Total Trades |   Calls |   Puts | Total Profit   | Win Rate   | Avg Profit   |
+==================+================+=========+========+================+============+==============+
| RSI_50_Crossover |             49 |       0 |     49 | ₹-1,166.40     | 0.0%       | ₹-23.80      |
+------------------+----------------+---------+--------+----------------+------------+--------------+
2025-10-01 13:49:24,654 - INFO - 
Total Overall Profit: ₹-1,166.40
2025-10-01 13:49:24,661 - INFO - Closing all positions...
2025-10-01 13:49:24,701 - ERROR - Failed to close position for ADANIPORTS: order_placement() missing 2 required positional arguments: 'price' and 'trigger_price'
2025-10-01 14:10:52,235 - INFO - Preparing BUY order for ONGC using RSI_50_Crossover
2025-10-01 14:10:54,532 - INFO - ATR calculated: 0.26
2025-10-01 14:10:54,535 - INFO - Position size: 5 shares
2025-10-01 14:10:54,535 - ERROR - ❌ Order failed for ONGC: local variable 'sl_price' referenced before assignment
2025-10-01 14:10:59,679 - INFO - Preparing BUY order for JSWSTEEL using RSI_50_Crossover
2025-10-01 14:11:01,957 - INFO - ATR calculated: 1.02
2025-10-01 14:11:01,960 - INFO - Position size: 1 shares
2025-10-01 14:11:01,961 - ERROR - ❌ Order failed for JSWSTEEL: local variable 'sl_price' referenced before assignment
2025-10-01 14:11:07,114 - INFO - Preparing SELL order for ITC using RSI_50_Crossover
2025-10-01 14:11:09,396 - INFO - ATR calculated: 0.30
2025-10-01 14:11:09,399 - INFO - Position size: 3 shares
2025-10-01 14:11:09,399 - ERROR - ❌ Order failed for ITC: local variable 'sl_price' referenced before assignment
2025-10-01 14:11:14,492 - INFO - Preparing BUY order for BPCL using RSI_50_Crossover
2025-10-01 14:11:16,746 - INFO - ATR calculated: 0.42
2025-10-01 14:11:16,750 - INFO - Position size: 3 shares
2025-10-01 14:11:16,750 - ERROR - ❌ Order failed for BPCL: local variable 'sl_price' referenced before assignment
2025-10-01 14:11:21,887 - INFO - Preparing BUY order for HDFCBANK using RSI_50_Crossover
2025-10-01 14:11:24,183 - INFO - ATR calculated: 1.09
2025-10-01 14:11:24,185 - INFO - Position size: 1 shares
2025-10-01 14:11:24,186 - ERROR - ❌ Order failed for HDFCBANK: local variable 'sl_price' referenced before assignment
2025-10-01 14:11:30,176 - INFO - 
Strategy Performance Analysis:
2025-10-01 14:11:30,180 - INFO - 
+------------------+----------------+---------+--------+----------------+------------+--------------+
| Strategy         |   Total Trades |   Calls |   Puts | Total Profit   | Win Rate   | Avg Profit   |
+==================+================+=========+========+================+============+==============+
| RSI_50_Crossover |             49 |       0 |     49 | ₹-1,166.40     | 0.0%       | ₹-23.80      |
+------------------+----------------+---------+--------+----------------+------------+--------------+
2025-10-01 14:11:30,192 - INFO - 
Total Overall Profit: ₹-1,166.40
2025-10-01 14:11:30,204 - INFO - Closing all positions...
2025-10-01 14:23:18,896 - INFO - Preparing SELL order for ONGC using RSI_50_Crossover
2025-10-01 14:23:21,358 - INFO - ATR calculated: 0.27
2025-10-01 14:23:21,363 - INFO - Position size: 5 shares
2025-10-01 14:23:21,366 - INFO - Placing SELL order for 5 shares of ONGC
2025-10-01 14:23:28,639 - INFO - Entry price: 243.1
2025-10-01 14:26:10,364 - INFO - Preparing SELL order for JSWSTEEL using RSI_50_Crossover
2025-10-01 14:26:12,823 - INFO - ATR calculated: 0.93
2025-10-01 14:26:12,829 - INFO - Position size: 1 shares
2025-10-01 14:26:12,831 - INFO - Placing SELL order for 1 shares of JSWSTEEL
2025-10-01 14:26:20,209 - INFO - Entry price: 1141.5
2025-10-01 14:26:27,892 - INFO - Preparing SELL order for ITC using RSI_50_Crossover
2025-10-01 14:26:30,446 - INFO - ATR calculated: 0.38
2025-10-01 14:26:30,451 - INFO - Position size: 1 shares
2025-10-01 14:26:30,453 - INFO - Placing SELL order for 1 shares of ITC
2025-10-01 14:26:37,933 - INFO - Entry price: 405.3
2025-10-01 14:26:46,095 - INFO - Preparing SELL order for BPCL using RSI_50_Crossover
2025-10-01 14:26:48,946 - INFO - ATR calculated: 0.26
2025-10-01 14:26:48,954 - INFO - Position size: 1 shares
2025-10-01 14:26:48,956 - INFO - Placing SELL order for 1 shares of BPCL
2025-10-01 14:26:56,444 - INFO - Entry price: 339.05
2025-10-01 14:27:35,425 - INFO - Preparing BUY order for BPCL using RSI_50_Crossover
2025-10-01 14:27:37,977 - INFO - ATR calculated: 0.25
2025-10-01 14:27:37,979 - INFO - Position size: 1 shares
2025-10-01 14:27:37,981 - INFO - Placing BUY order for 1 shares of BPCL
2025-10-01 14:27:45,226 - INFO - Entry price: 339.15
2025-10-01 14:28:10,318 - INFO - 
Strategy Performance Analysis:
2025-10-01 14:28:10,322 - INFO - 
+------------------+----------------+---------+--------+----------------+------------+--------------+
| Strategy         |   Total Trades |   Calls |   Puts | Total Profit   | Win Rate   | Avg Profit   |
+==================+================+=========+========+================+============+==============+
| RSI_50_Crossover |             52 |       0 |     52 | ₹-1,166.40     | 0.0%       | ₹-22.43      |
+------------------+----------------+---------+--------+----------------+------------+--------------+
2025-10-01 14:28:10,353 - INFO - 
Total Overall Profit: ₹-1,166.40
2025-10-01 14:28:10,398 - INFO - Closing all positions...
2025-10-01 14:28:10,448 - ERROR - Failed to close position for ONGC: order_placement() missing 2 required positional arguments: 'price' and 'trigger_price'
2025-10-01 14:41:29,207 - INFO - Preparing BUY order for ONGC using RSI_50_Crossover
2025-10-01 14:41:31,744 - INFO - ATR calculated: 0.29
2025-10-01 14:41:31,747 - INFO - Position size: 5 shares
2025-10-01 14:41:31,748 - INFO - Placing BUY order for 5 shares of ONGC
2025-10-01 14:41:39,045 - INFO - Entry price: 243.34
2025-10-01 14:41:46,746 - INFO - Preparing BUY order for JSWSTEEL using RSI_50_Crossover
2025-10-01 14:41:49,222 - INFO - ATR calculated: 0.99
2025-10-01 14:41:49,226 - INFO - Position size: 1 shares
2025-10-01 14:41:49,227 - INFO - Placing BUY order for 1 shares of JSWSTEEL
2025-10-01 14:41:56,555 - INFO - Entry price: 1143.9
2025-10-01 14:43:00,555 - INFO - 
Strategy Performance Analysis:
2025-10-01 14:43:00,558 - INFO - 
+------------------+----------------+---------+--------+----------------+------------+--------------+
| Strategy         |   Total Trades |   Calls |   Puts | Total Profit   | Win Rate   | Avg Profit   |
+==================+================+=========+========+================+============+==============+
| RSI_50_Crossover |             54 |       0 |     54 | ₹-1,166.40     | 0.0%       | ₹-21.60      |
+------------------+----------------+---------+--------+----------------+------------+--------------+
2025-10-01 14:43:00,581 - INFO - 
Total Overall Profit: ₹-1,166.40
2025-10-01 14:43:00,594 - INFO - Closing all positions...
2025-10-01 14:43:00,649 - ERROR - Failed to close position for ONGC: order_placement() missing 2 required positional arguments: 'price' and 'trigger_price'
2025-12-30 12:01:23,882 - INFO - Closing all positions...
2025-12-31 11:13:20,769 - INFO - Preparing BUY order for ONGC using RSI_50_Crossover
2025-12-31 11:13:23,099 - INFO - ATR calculated: 0.16
2025-12-31 11:13:23,101 - INFO - Position size: 298 shares
2025-12-31 11:13:23,103 - INFO - Placing BUY order for 298 shares of ONGC
2025-12-31 11:13:30,344 - INFO - Entry price: 237.15
2025-12-31 11:13:37,824 - INFO - Preparing BUY order for JSWSTEEL using RSI_50_Crossover
2025-12-31 11:13:40,246 - INFO - ATR calculated: 1.57
2025-12-31 11:13:40,249 - INFO - Position size: 1 shares
2025-12-31 11:13:40,250 - INFO - Placing BUY order for 1 shares of JSWSTEEL
2025-12-31 11:13:47,523 - INFO - Entry price: 1166.2
2025-12-31 11:13:52,114 - INFO - Preparing BUY order for ITC using RSI_50_Crossover
2025-12-31 11:13:54,576 - INFO - ATR calculated: 0.26
2025-12-31 11:13:54,579 - INFO - Position size: 1 shares
2025-12-31 11:13:54,580 - INFO - Placing BUY order for 1 shares of ITC
2025-12-31 11:14:01,856 - INFO - Entry price: 402.8
2025-12-31 11:14:06,387 - INFO - Preparing BUY order for BPCL using RSI_50_Crossover
2025-12-31 11:14:08,740 - INFO - ATR calculated: 0.65
2025-12-31 11:14:08,743 - INFO - Position size: 1 shares
2025-12-31 11:14:08,743 - INFO - Placing BUY order for 1 shares of BPCL
2025-12-31 11:14:16,002 - INFO - Entry price: 376.85
2025-12-31 11:14:20,681 - INFO - Preparing BUY order for HDFCBANK using RSI_50_Crossover
2025-12-31 11:14:23,178 - INFO - ATR calculated: 0.87
2025-12-31 11:14:23,180 - INFO - Position size: 1 shares
2025-12-31 11:14:23,182 - INFO - Placing BUY order for 1 shares of HDFCBANK
2025-12-31 11:14:30,474 - INFO - Entry price: 990.1
2025-12-31 11:14:54,854 - INFO - Preparing BUY order for JSWSTEEL using RSI_50_Crossover
2025-12-31 11:14:57,329 - INFO - ATR calculated: 1.50
2025-12-31 11:14:57,333 - INFO - Position size: 1 shares
2025-12-31 11:14:57,334 - INFO - Placing BUY order for 1 shares of JSWSTEEL
2025-12-31 11:15:04,672 - INFO - Entry price: 1166.0
2025-12-31 11:15:09,292 - INFO - Preparing BUY order for ITC using RSI_50_Crossover
2025-12-31 11:15:11,557 - INFO - ATR calculated: 0.24
2025-12-31 11:15:11,559 - INFO - Position size: 1 shares
2025-12-31 11:15:11,560 - INFO - Placing BUY order for 1 shares of ITC
2025-12-31 11:15:18,837 - INFO - Entry price: 402.8
2025-12-31 11:15:23,450 - INFO - Preparing BUY order for BPCL using RSI_50_Crossover
2025-12-31 11:15:25,728 - INFO - ATR calculated: 0.67
2025-12-31 11:15:25,731 - INFO - Position size: 1 shares
2025-12-31 11:15:25,732 - INFO - Placing BUY order for 1 shares of BPCL
2025-12-31 11:15:33,029 - INFO - Entry price: 376.6
2025-12-31 11:15:34,550 - INFO - 
Strategy Performance Analysis:
2025-12-31 11:15:34,554 - INFO - 
+------------------+----------------+---------+--------+----------------+------------+--------------+
| Strategy         |   Total Trades |   Calls |   Puts | Total Profit   | Win Rate   | Avg Profit   |
+==================+================+=========+========+================+============+==============+
| RSI_50_Crossover |             55 |       0 |     55 | ₹-1,166.40     | 0.0%       | ₹-21.21      |
+------------------+----------------+---------+--------+----------------+------------+--------------+
2025-12-31 11:15:34,650 - INFO - 
Total Overall Profit: ₹-1,166.40
2025-12-31 11:15:34,670 - INFO - Closing all positions...
2025-12-31 11:15:34,714 - ERROR - Failed to close position for ONGC: order_placement() missing 2 required positional arguments: 'price' and 'trigger_price'
2025-12-31 11:59:01,430 - INFO - Preparing BUY order for ONGC using RSI_50_Crossover
2025-12-31 11:59:03,699 - INFO - ATR calculated: 0.27
2025-12-31 11:59:03,702 - INFO - Position size: 148 shares
2025-12-31 11:59:03,703 - INFO - Placing BUY order for 148 shares of ONGC
2025-12-31 11:59:10,987 - INFO - Entry price: 238.16
2025-12-31 11:59:18,373 - INFO - Preparing SELL order for JSWSTEEL using RSI_50_Crossover
2025-12-31 11:59:20,630 - INFO - ATR calculated: 1.33
2025-12-31 11:59:20,635 - INFO - Position size: 15 shares
2025-12-31 11:59:20,643 - INFO - Placing SELL order for 15 shares of JSWSTEEL
2025-12-31 11:59:28,722 - INFO - Entry price: 1165.0
2025-12-31 11:59:36,110 - INFO - Preparing BUY order for ITC using RSI_50_Crossover
2025-12-31 11:59:38,470 - INFO - ATR calculated: 0.31
2025-12-31 11:59:38,473 - INFO - Position size: 22 shares
2025-12-31 11:59:38,474 - INFO - Placing BUY order for 22 shares of ITC
2025-12-31 11:59:45,710 - INFO - Entry price: 403.25
2025-12-31 11:59:53,252 - INFO - Preparing BUY order for BPCL using RSI_50_Crossover
2025-12-31 11:59:55,583 - INFO - ATR calculated: 0.70
2025-12-31 11:59:55,585 - INFO - Position size: 11 shares
2025-12-31 11:59:55,585 - INFO - Placing BUY order for 11 shares of BPCL
2025-12-31 12:00:02,801 - INFO - Entry price: 379.45
2025-12-31 12:00:10,107 - INFO - Preparing BUY order for HDFCBANK using RSI_50_Crossover
2025-12-31 12:00:12,568 - INFO - ATR calculated: 0.91
2025-12-31 12:00:12,571 - INFO - Position size: 2 shares
2025-12-31 12:00:12,572 - INFO - Placing BUY order for 2 shares of HDFCBANK
2025-12-31 12:00:19,815 - INFO - Entry price: 989.9
2025-12-31 12:06:39,045 - INFO - 
Strategy Performance Analysis:
2025-12-31 12:06:39,049 - INFO - 
+------------------+----------------+---------+--------+----------------+------------+--------------+
| Strategy         |   Total Trades |   Calls |   Puts | Total Profit   | Win Rate   | Avg Profit   |
+==================+================+=========+========+================+============+==============+
| RSI_50_Crossover |             60 |       0 |     60 | ₹-1,166.40     | 0.0%       | ₹-19.44      |
+------------------+----------------+---------+--------+----------------+------------+--------------+
2025-12-31 12:06:39,074 - INFO - 
Total Overall Profit: ₹-1,166.40
2025-12-31 12:06:39,117 - INFO - Closing all positions...
2025-12-31 12:06:39,145 - ERROR - Failed to close position for ONGC: order_placement() missing 2 required positional arguments: 'price' and 'trigger_price'
2025-12-31 12:38:23,611 - INFO - Closing all positions...
2025-12-31 12:40:03,752 - INFO - Preparing BUY order for ONGC using RSI_50_Crossover
2025-12-31 12:40:06,215 - INFO - ATR calculated: 0.26
2025-12-31 12:40:06,219 - INFO - Position size: 147 shares
2025-12-31 12:40:06,220 - INFO - Placing BUY order for 147 shares of ONGC
2025-12-31 12:40:13,522 - INFO - Entry price: 238.7
2025-12-31 12:40:21,692 - INFO - Preparing BUY order for JSWSTEEL using RSI_50_Crossover
2025-12-31 12:40:24,628 - INFO - ATR calculated: 0.95
2025-12-31 12:40:24,633 - INFO - Position size: 15 shares
2025-12-31 12:40:24,634 - INFO - Placing BUY order for 15 shares of JSWSTEEL
2025-12-31 12:40:31,976 - INFO - Entry price: 1166.3
2025-12-31 12:40:39,863 - INFO - Preparing SELL order for ITC using RSI_50_Crossover
2025-12-31 12:40:42,428 - INFO - ATR calculated: 0.30
2025-12-31 12:40:42,431 - INFO - Position size: 22 shares
2025-12-31 12:40:42,431 - INFO - Placing SELL order for 22 shares of ITC
2025-12-31 12:40:49,778 - INFO - Entry price: 403.0
2025-12-31 12:40:58,094 - INFO - Preparing BUY order for BPCL using RSI_50_Crossover
2025-12-31 12:41:00,773 - INFO - ATR calculated: 0.72
2025-12-31 12:41:00,776 - INFO - Position size: 11 shares
2025-12-31 12:41:00,777 - INFO - Placing BUY order for 11 shares of BPCL
2025-12-31 12:41:08,158 - INFO - Entry price: 383.55
2025-12-31 12:41:16,542 - INFO - Preparing BUY order for HDFCBANK using RSI_50_Crossover
2025-12-31 12:41:19,008 - INFO - ATR calculated: 0.94
2025-12-31 12:41:19,011 - INFO - Position size: 2 shares
2025-12-31 12:41:19,012 - INFO - Placing BUY order for 2 shares of HDFCBANK
2025-12-31 12:41:26,341 - INFO - Entry price: 993.1
2025-12-31 12:42:59,593 - INFO - 
Strategy Performance Analysis:
2025-12-31 12:42:59,595 - INFO - 
+------------------+----------------+---------+--------+----------------+------------+--------------+
| Strategy         |   Total Trades |   Calls |   Puts | Total Profit   | Win Rate   | Avg Profit   |
+==================+================+=========+========+================+============+==============+
| RSI_50_Crossover |             65 |       0 |     65 | ₹-1,166.40     | 0.0%       | ₹-17.94      |
+------------------+----------------+---------+--------+----------------+------------+--------------+
2025-12-31 12:42:59,632 - INFO - 
Total Overall Profit: ₹-1,166.40
2025-12-31 12:42:59,641 - INFO - Closing all positions...
2025-12-31 12:42:59,713 - ERROR - Failed to close position for ONGC: order_placement() missing 2 required positional arguments: 'price' and 'trigger_price'
2025-12-31 13:45:22,000 - INFO - Preparing BUY order for INDUSINDBK using RSI_50_Crossover
2025-12-31 13:45:24,288 - INFO - ATR calculated: 1.13
2025-12-31 13:45:24,290 - INFO - Position size: 40 shares
2025-12-31 13:45:24,291 - INFO - Placing BUY order for 40 shares of INDUSINDBK
2025-12-31 13:45:31,512 - INFO - Entry price: 868.0
2025-12-31 13:45:41,938 - INFO - Preparing BUY order for INFY using RSI_50_Crossover
2025-12-31 13:45:44,238 - INFO - ATR calculated: 1.04
2025-12-31 13:45:44,240 - INFO - Position size: 11 shares
2025-12-31 13:45:44,241 - INFO - Placing BUY order for 11 shares of INFY
2025-12-31 13:45:51,508 - INFO - Entry price: 1620.8
2025-12-31 13:46:01,910 - INFO - Preparing SELL order for ITC using RSI_50_Crossover
2025-12-31 13:46:04,161 - INFO - ATR calculated: 0.19
2025-12-31 13:46:04,163 - INFO - Position size: 22 shares
2025-12-31 13:46:04,164 - INFO - Placing SELL order for 22 shares of ITC
2025-12-31 13:46:11,400 - INFO - Entry price: 403.25
2025-12-31 13:46:21,981 - INFO - Preparing BUY order for JSWSTEEL using RSI_50_Crossover
2025-12-31 13:46:24,251 - INFO - ATR calculated: 1.17
2025-12-31 13:46:24,255 - INFO - Position size: 3 shares
2025-12-31 13:46:24,256 - INFO - Placing BUY order for 3 shares of JSWSTEEL
2025-12-31 13:46:27,747 - INFO - 
Strategy Performance Analysis:
2025-12-31 13:46:27,748 - INFO - 
+------------------+----------------+---------+--------+----------------+------------+--------------+
| Strategy         |   Total Trades |   Calls |   Puts | Total Profit   | Win Rate   | Avg Profit   |
+==================+================+=========+========+================+============+==============+
| RSI_50_Crossover |             68 |       0 |     68 | ₹-1,166.40     | 0.0%       | ₹-17.15      |
+------------------+----------------+---------+--------+----------------+------------+--------------+
2025-12-31 13:46:27,815 - INFO - 
Total Overall Profit: ₹-1,166.40
2025-12-31 13:46:27,820 - INFO - Closing all positions...
2025-12-31 13:58:56,845 - INFO - Preparing BUY order for INDUSINDBK using RSI_50_Crossover
2025-12-31 13:58:59,148 - INFO - ATR calculated: 1.00
2025-12-31 13:58:59,150 - INFO - Position size: 40 shares
2025-12-31 13:58:59,151 - INFO - Placing BUY order for 40 shares of INDUSINDBK
2025-12-31 13:59:06,430 - INFO - Entry price: 869.4
2025-12-31 13:59:16,931 - INFO - Preparing BUY order for INFY using RSI_50_Crossover
2025-12-31 13:59:19,239 - INFO - ATR calculated: 1.29
2025-12-31 13:59:19,241 - INFO - Position size: 10 shares
2025-12-31 13:59:19,242 - INFO - Placing BUY order for 10 shares of INFY
2025-12-31 13:59:26,538 - INFO - Entry price: 1622.6
2025-12-31 14:01:36,509 - INFO - Preparing BUY order for INDUSINDBK using RSI_50_Crossover
2025-12-31 14:01:38,826 - INFO - ATR calculated: 1.00
2025-12-31 14:01:38,828 - INFO - Position size: 32 shares
2025-12-31 14:01:38,828 - INFO - Placing BUY order for 32 shares of INDUSINDBK
2025-12-31 14:01:46,111 - INFO - Entry price: 867.95
2025-12-31 14:01:56,692 - INFO - Preparing SELL order for INFY using RSI_50_Crossover
2025-12-31 14:01:59,003 - INFO - ATR calculated: 1.35
2025-12-31 14:01:59,005 - INFO - Position size: 9 shares
2025-12-31 14:01:59,006 - INFO - Placing SELL order for 9 shares of INFY
2025-12-31 14:02:06,262 - INFO - Entry price: 1620.8778
2025-12-31 14:02:13,417 - INFO - 
Strategy Performance Analysis:
2025-12-31 14:02:13,417 - INFO - 
+------------------+----------------+---------+--------+----------------+------------+--------------+
| Strategy         |   Total Trades |   Calls |   Puts | Total Profit   | Win Rate   | Avg Profit   |
+==================+================+=========+========+================+============+==============+
| RSI_50_Crossover |             74 |       0 |     74 | ₹-1,246.40     | 0.0%       | ₹-16.84      |
+------------------+----------------+---------+--------+----------------+------------+--------------+
2025-12-31 14:02:13,424 - INFO - 
Total Overall Profit: ₹-1,246.40
2025-12-31 14:02:13,429 - INFO - Closing all positions...
2025-12-31 14:38:23,361 - INFO - Preparing SELL order for INDUSINDBK using RSI_50_Crossover
2025-12-31 14:38:25,688 - INFO - ATR calculated: 1.08
2025-12-31 14:38:25,689 - INFO - Position size: 40 shares
2025-12-31 14:38:25,690 - INFO - Placing SELL order for 40 shares of INDUSINDBK
2025-12-31 14:38:32,900 - INFO - Entry price: 862.5
2025-12-31 14:38:45,261 - INFO - Preparing SELL order for INFY using RSI_50_Crossover
2025-12-31 14:38:47,569 - INFO - ATR calculated: 1.55
2025-12-31 14:38:47,572 - INFO - Position size: 10 shares
2025-12-31 14:38:47,573 - INFO - Placing SELL order for 10 shares of INFY
2025-12-31 14:38:54,803 - INFO - Entry price: 1620.0
2025-12-31 14:51:38,901 - INFO - 
Strategy Performance Analysis:
2025-12-31 14:51:38,902 - INFO - 
+------------------+----------------+---------+--------+----------------+------------+--------------+
| Strategy         |   Total Trades |   Calls |   Puts | Total Profit   | Win Rate   | Avg Profit   |
+==================+================+=========+========+================+============+==============+
| RSI_50_Crossover |             76 |       0 |     76 | ₹-1,246.40     | 0.0%       | ₹-16.40      |
+------------------+----------------+---------+--------+----------------+------------+--------------+
2025-12-31 14:51:38,910 - INFO - 
Total Overall Profit: ₹-1,246.40
2025-12-31 14:51:38,924 - INFO - Closing all positions...
2025-12-31 14:55:30,818 - INFO - Preparing BUY order for INDUSINDBK using RSI_50_Crossover
2025-12-31 14:55:33,105 - INFO - ATR calculated: 1.23
2025-12-31 14:55:33,107 - INFO - Position size: 39 shares
2025-12-31 14:55:33,108 - INFO - Placing BUY order for 39 shares of INDUSINDBK
2025-12-31 14:55:40,346 - INFO - Entry price: 864.95
2025-12-31 14:55:51,912 - INFO - Preparing SELL order for INFY using RSI_50_Crossover
2025-12-31 14:55:54,172 - INFO - ATR calculated: 1.68
2025-12-31 14:55:54,174 - INFO - Position size: 10 shares
2025-12-31 14:55:54,175 - INFO - Placing SELL order for 10 shares of INFY
2025-12-31 14:56:01,410 - INFO - Entry price: 1621.1
2025-12-31 14:56:05,093 - INFO - 
Strategy Performance Analysis:
2025-12-31 14:56:05,095 - INFO - 
+------------------+----------------+---------+--------+----------------+------------+--------------+
| Strategy         |   Total Trades |   Calls |   Puts | Total Profit   | Win Rate   | Avg Profit   |
+==================+================+=========+========+================+============+==============+
| RSI_50_Crossover |             78 |       0 |     78 | ₹-1,246.40     | 0.0%       | ₹-15.98      |
+------------------+----------------+---------+--------+----------------+------------+--------------+
2025-12-31 14:56:05,105 - INFO - 
Total Overall Profit: ₹-1,246.40
2025-12-31 14:56:05,109 - INFO - Closing all positions...
2025-12-31 15:25:24,096 - INFO - Preparing BUY order for INDUSINDBK using RSI_50_Crossover
2025-12-31 15:25:26,409 - INFO - ATR calculated: 0.94
2025-12-31 15:25:26,411 - INFO - Position size: 39 shares
2025-12-31 15:25:26,412 - INFO - Placing BUY order for 39 shares of INDUSINDBK
2025-12-31 15:25:37,118 - INFO - Preparing SELL order for INFY using RSI_50_Crossover
2025-12-31 15:25:39,418 - INFO - ATR calculated: 1.66
2025-12-31 15:25:39,420 - INFO - Position size: 63 shares
2025-12-31 15:25:39,421 - INFO - Placing SELL order for 63 shares of INFY
2025-12-31 15:26:32,398 - INFO - 
Strategy Performance Analysis:
2025-12-31 15:26:32,399 - INFO - 
+------------------+----------------+---------+--------+----------------+------------+--------------+
| Strategy         |   Total Trades |   Calls |   Puts | Total Profit   | Win Rate   | Avg Profit   |
+==================+================+=========+========+================+============+==============+
| RSI_50_Crossover |             78 |       0 |     78 | ₹-1,246.40     | 0.0%       | ₹-15.98      |
+------------------+----------------+---------+--------+----------------+------------+--------------+
2025-12-31 15:26:32,406 - INFO - 
Total Overall Profit: ₹-1,246.40
2025-12-31 15:26:32,424 - INFO - Closing all positions...
2025-12-31 15:49:58,979 - INFO - Preparing BUY order for INDUSINDBK using RSI_50_Crossover
2025-12-31 15:50:01,244 - INFO - ATR calculated: 0.95
2025-12-31 15:50:01,246 - INFO - Position size: 39 shares
2025-12-31 15:50:01,246 - INFO - Placing BUY order for 39 shares of INDUSINDBK
2025-12-31 15:50:12,174 - INFO - Preparing BUY order for INFY using RSI_50_Crossover
2025-12-31 15:50:14,545 - INFO - ATR calculated: 1.83
2025-12-31 15:50:14,547 - INFO - Position size: 31 shares
2025-12-31 15:50:14,548 - INFO - Placing BUY order for 31 shares of INFY
2025-12-31 15:51:57,137 - INFO - 
Strategy Performance Analysis:
2025-12-31 15:51:57,138 - INFO - 
+------------------+----------------+---------+--------+----------------+------------+--------------+
| Strategy         |   Total Trades |   Calls |   Puts | Total Profit   | Win Rate   | Avg Profit   |
+==================+================+=========+========+================+============+==============+
| RSI_50_Crossover |             78 |       0 |     78 | ₹-1,246.40     | 0.0%       | ₹-15.98      |
+------------------+----------------+---------+--------+----------------+------------+--------------+
2025-12-31 15:51:57,188 - INFO - 
Total Overall Profit: ₹-1,246.40
2025-12-31 15:51:57,192 - INFO - Closing all positions...
2025-12-31 16:22:51,621 - INFO - Preparing BUY order for INDUSINDBK using RSI_50_Crossover
2025-12-31 16:22:53,925 - INFO - [DEBUG] Calculating ATR as it's missing from data
2025-12-31 16:22:53,928 - INFO - ATR calculated: 1.90
2025-12-31 16:22:53,928 - INFO - [DEBUG] ATR raw value: 0.6346663424301878
2025-12-31 16:22:53,929 - INFO - [DEBUG] ATR Points: 1.9039990272905634
2025-12-31 16:22:53,929 - INFO - [DEBUG] Current Price: 864.2
2025-12-31 16:22:53,930 - INFO - [DEBUG] Config.ATR_MULTIPLIER: 3
2025-12-31 16:22:53,931 - INFO - Position size: 39 shares
2025-12-31 16:22:53,932 - INFO - Placing BUY order for 39 shares of INDUSINDBK
2025-12-31 16:23:00,525 - INFO - Preparing BUY order for INFY using RSI_50_Crossover
2025-12-31 16:23:02,806 - INFO - [DEBUG] Calculating ATR as it's missing from data
2025-12-31 16:23:02,808 - INFO - ATR calculated: 3.65
2025-12-31 16:23:02,809 - INFO - [DEBUG] ATR raw value: 1.2166858563666778
2025-12-31 16:23:02,809 - INFO - [DEBUG] ATR Points: 3.650057569100033
2025-12-31 16:23:02,810 - INFO - [DEBUG] Current Price: 1615.4
2025-12-31 16:23:02,810 - INFO - [DEBUG] Config.ATR_MULTIPLIER: 3
2025-12-31 16:23:02,812 - INFO - Position size: 21 shares
2025-12-31 16:23:02,813 - INFO - Placing BUY order for 21 shares of INFY
2025-12-31 16:23:44,083 - INFO - 
Strategy Performance Analysis:
2025-12-31 16:23:44,084 - INFO - 
+------------------+----------------+---------+--------+----------------+------------+--------------+
| Strategy         |   Total Trades |   Calls |   Puts | Total Profit   | Win Rate   | Avg Profit   |
+==================+================+=========+========+================+============+==============+
| RSI_50_Crossover |             78 |       0 |     78 | ₹-1,246.40     | 0.0%       | ₹-15.98      |
+------------------+----------------+---------+--------+----------------+------------+--------------+
2025-12-31 16:23:44,096 - INFO - 
Total Overall Profit: ₹-1,246.40
2025-12-31 16:23:44,113 - INFO - Closing all positions...
2026-01-01 10:42:22,661 - INFO - Preparing BUY order for INDUSINDBK using RSI_50_Crossover
2026-01-01 10:42:25,117 - INFO - ATR calculated: 1.79
2026-01-01 10:42:25,122 - INFO - Position size: 20 shares
2026-01-01 10:42:25,122 - INFO - Placing BUY order for 20 shares of INDUSINDBK
2026-01-01 10:42:32,413 - INFO - Entry price: 873.5
2026-01-01 10:42:46,522 - INFO - Preparing BUY order for INFY using RSI_50_Crossover
2026-01-01 10:42:48,815 - INFO - ATR calculated: 1.63
2026-01-01 10:42:48,817 - INFO - Position size: 5 shares
2026-01-01 10:42:48,817 - INFO - Placing BUY order for 5 shares of INFY
2026-01-01 10:42:56,122 - INFO - Entry price: 1625.7
2026-01-01 10:43:20,230 - INFO - 
Strategy Performance Analysis:
2026-01-01 10:43:20,233 - INFO - 
+------------------+----------------+---------+--------+----------------+------------+--------------+
| Strategy         |   Total Trades |   Calls |   Puts | Total Profit   | Win Rate   | Avg Profit   |
+==================+================+=========+========+================+============+==============+
| RSI_50_Crossover |             80 |       0 |     80 | ₹-1,246.40     | 0.0%       | ₹-15.58      |
+------------------+----------------+---------+--------+----------------+------------+--------------+
2026-01-01 10:43:20,244 - INFO - 
Total Overall Profit: ₹-1,246.40
2026-01-01 10:43:20,247 - INFO - Closing all positions...
2026-01-01 10:44:06,591 - INFO - Preparing BUY order for INDUSINDBK using RSI_50_Crossover
2026-01-01 10:44:08,911 - INFO - [DEBUG] Calculating ATR as it's missing from data
2026-01-01 10:44:08,913 - INFO - ATR calculated: 3.56
2026-01-01 10:44:08,914 - INFO - [DEBUG] ATR raw value: 1.1875579732706814
2026-01-01 10:44:08,914 - INFO - [DEBUG] ATR Points: 3.562673919812044
2026-01-01 10:44:08,915 - INFO - [DEBUG] Current Price: 874.5
2026-01-01 10:44:08,915 - INFO - [DEBUG] Config.ATR_MULTIPLIER: 3
2026-01-01 10:44:08,917 - INFO - Position size: 12 shares
2026-01-01 10:44:08,919 - INFO - Placing BUY order for 12 shares of INDUSINDBK
2026-01-01 10:44:16,178 - INFO - Entry price: 874.5
2026-01-01 10:44:23,026 - INFO - Preparing BUY order for INFY using RSI_50_Crossover
2026-01-01 10:44:25,323 - INFO - [DEBUG] Calculating ATR as it's missing from data
2026-01-01 10:44:25,325 - INFO - ATR calculated: 3.08
2026-01-01 10:44:25,325 - INFO - [DEBUG] ATR raw value: 1.0259117806553573
2026-01-01 10:44:25,326 - INFO - [DEBUG] ATR Points: 3.077735341966072
2026-01-01 10:44:25,326 - INFO - [DEBUG] Current Price: 1626
2026-01-01 10:44:25,327 - INFO - [DEBUG] Config.ATR_MULTIPLIER: 3
2026-01-01 10:44:25,329 - INFO - Position size: 7 shares
2026-01-01 10:44:25,330 - INFO - Placing BUY order for 7 shares of INFY
2026-01-01 10:44:32,601 - INFO - Entry price: 1626.0
2026-01-01 10:52:29,802 - INFO - 
Strategy Performance Analysis:
2026-01-01 10:52:29,803 - INFO - 
+------------------+----------------+---------+--------+----------------+------------+--------------+
| Strategy         |   Total Trades |   Calls |   Puts | Total Profit   | Win Rate   | Avg Profit   |
+==================+================+=========+========+================+============+==============+
| RSI_50_Crossover |             80 |       0 |     80 | ₹-1,246.40     | 0.0%       | ₹-15.58      |
+------------------+----------------+---------+--------+----------------+------------+--------------+
2026-01-01 10:52:29,811 - INFO - 
Total Overall Profit: ₹-1,246.40
2026-01-01 10:52:29,813 - INFO - Closing all positions...
2026-01-01 11:10:29,613 - INFO - Preparing BUY order for INDUSINDBK using RSI_50_Crossover
2026-01-01 11:10:31,900 - INFO - [DEBUG] Calculating ATR as it's missing from data
2026-01-01 11:10:31,902 - INFO - ATR calculated: 3.87
2026-01-01 11:10:31,903 - INFO - [DEBUG] ATR raw value: 1.291005697483882
2026-01-01 11:10:31,903 - INFO - [DEBUG] ATR Points: 3.873017092451646
2026-01-01 11:10:31,903 - INFO - [DEBUG] Current Price: 878.15
2026-01-01 11:10:31,904 - INFO - [DEBUG] Config.ATR_MULTIPLIER: 3
2026-01-01 11:10:31,907 - INFO - Position size: 11 shares
2026-01-01 11:10:31,907 - INFO - Placing BUY order for 11 shares of INDUSINDBK
2026-01-01 11:10:39,132 - INFO - Entry price: 877.8
2026-01-01 11:10:45,711 - INFO - Preparing SELL order for INFY using RSI_50_Crossover
2026-01-01 11:10:47,995 - INFO - [DEBUG] Calculating ATR as it's missing from data
2026-01-01 11:10:47,997 - INFO - ATR calculated: 3.40
2026-01-01 11:10:47,997 - INFO - [DEBUG] ATR raw value: 1.1321379709374821
2026-01-01 11:10:47,998 - INFO - [DEBUG] ATR Points: 3.3964139128124464
2026-01-01 11:10:47,998 - INFO - [DEBUG] Current Price: 1622.1
2026-01-01 11:10:47,999 - INFO - [DEBUG] Config.ATR_MULTIPLIER: 3
2026-01-01 11:10:48,000 - INFO - Position size: 7 shares
2026-01-01 11:10:48,002 - INFO - Placing SELL order for 7 shares of INFY
2026-01-01 11:10:55,259 - INFO - Entry price: 1622.1
2026-01-01 11:11:05,286 - INFO - 
Strategy Performance Analysis:
2026-01-01 11:11:05,287 - INFO - 
+------------------+----------------+---------+--------+----------------+------------+--------------+
| Strategy         |   Total Trades |   Calls |   Puts | Total Profit   | Win Rate   | Avg Profit   |
+==================+================+=========+========+================+============+==============+
| RSI_50_Crossover |             80 |       0 |     80 | ₹-1,246.40     | 0.0%       | ₹-15.58      |
+------------------+----------------+---------+--------+----------------+------------+--------------+
2026-01-01 11:11:05,379 - INFO - 
Total Overall Profit: ₹-1,246.40
2026-01-01 11:11:05,384 - INFO - Closing all positions...
2026-01-01 11:31:12,535 - INFO - 
Strategy Performance Analysis:
2026-01-01 11:31:12,540 - INFO - 
+------------------+----------------+---------+--------+----------------+------------+--------------+
| Strategy         |   Total Trades |   Calls |   Puts | Total Profit   | Win Rate   | Avg Profit   |
+==================+================+=========+========+================+============+==============+
| RSI_50_Crossover |             80 |       0 |     80 | ₹-1,246.40     | 0.0%       | ₹-15.58      |
+------------------+----------------+---------+--------+----------------+------------+--------------+
2026-01-01 11:31:12,562 - INFO - 
Total Overall Profit: ₹-1,246.40
2026-01-01 11:31:12,580 - INFO - Closing all positions...
2026-01-01 11:31:58,382 - INFO - 
Strategy Performance Analysis:
2026-01-01 11:31:58,385 - INFO - 
+------------------+----------------+---------+--------+----------------+------------+--------------+
| Strategy         |   Total Trades |   Calls |   Puts | Total Profit   | Win Rate   | Avg Profit   |
+==================+================+=========+========+================+============+==============+
| RSI_50_Crossover |             80 |       0 |     80 | ₹-1,246.40     | 0.0%       | ₹-15.58      |
+------------------+----------------+---------+--------+----------------+------------+--------------+
2026-01-01 11:31:58,395 - INFO - 
Total Overall Profit: ₹-1,246.40
2026-01-01 11:31:58,398 - INFO - Closing all positions...
2026-01-01 11:40:46,397 - INFO - Preparing SELL order for ONGC using RSI_50_Crossover
2026-01-01 11:40:48,668 - INFO - [DEBUG] Calculating ATR as it's missing from data
2026-01-01 11:40:48,672 - INFO - ATR calculated: 0.55
2026-01-01 11:40:48,672 - INFO - [DEBUG] ATR raw value: 0.1822892141631631
2026-01-01 11:40:48,673 - INFO - [DEBUG] ATR Points: 0.5468676424894893
2026-01-01 11:40:48,674 - INFO - [DEBUG] Current Price: 238.77
2026-01-01 11:40:48,674 - INFO - [DEBUG] Config.ATR_MULTIPLIER: 3
2026-01-01 11:40:48,677 - INFO - Position size: 73 shares
2026-01-01 11:40:48,678 - INFO - Placing SELL order for 73 shares of ONGC
2026-01-01 11:40:55,914 - INFO - Entry price: 238.72
2026-01-01 11:41:02,482 - INFO - Preparing BUY order for COALINDIA using RSI_50_Crossover
2026-01-01 11:41:04,772 - INFO - [DEBUG] Calculating ATR as it's missing from data
2026-01-01 11:41:04,773 - INFO - ATR calculated: 1.02
2026-01-01 11:41:04,774 - INFO - [DEBUG] ATR raw value: 0.3399151835447511
2026-01-01 11:41:04,774 - INFO - [DEBUG] ATR Points: 1.0197455506342532
2026-01-01 11:41:04,775 - INFO - [DEBUG] Current Price: 400.8
2026-01-01 11:41:04,775 - INFO - [DEBUG] Config.ATR_MULTIPLIER: 3
2026-01-01 11:41:04,777 - INFO - Position size: 21 shares
2026-01-01 11:41:04,778 - INFO - Placing BUY order for 21 shares of COALINDIA
2026-01-01 11:41:12,041 - INFO - Entry price: 401.0
2026-01-01 11:44:14,006 - INFO - 
Strategy Performance Analysis:
2026-01-01 11:44:14,008 - INFO - 
+------------------+----------------+---------+--------+----------------+------------+--------------+
| Strategy         |   Total Trades |   Calls |   Puts | Total Profit   | Win Rate   | Avg Profit   |
+==================+================+=========+========+================+============+==============+
| RSI_50_Crossover |             80 |       0 |     80 | ₹-1,246.40     | 0.0%       | ₹-15.58      |
+------------------+----------------+---------+--------+----------------+------------+--------------+
2026-01-01 11:44:14,021 - INFO - 
Total Overall Profit: ₹-1,246.40
2026-01-01 11:44:14,028 - INFO - Closing all positions...
2026-01-01 13:00:28,032 - INFO - Closing all positions...
2026-01-01 13:01:43,601 - INFO - Preparing SELL order for ONGC using RSI_50_Crossover
2026-01-01 13:01:45,923 - INFO - [DEBUG] Calculating ATR as it's missing from data
2026-01-01 13:01:45,925 - INFO - ATR calculated: 0.55
2026-01-01 13:01:45,925 - INFO - [DEBUG] ATR raw value: 0.1841628387457078
2026-01-01 13:01:45,925 - INFO - [DEBUG] ATR Points: 0.5524885162371234
2026-01-01 13:01:45,926 - INFO - [DEBUG] Current Price: 238.55
2026-01-01 13:01:45,927 - INFO - [DEBUG] Config.ATR_MULTIPLIER: 3
2026-01-01 13:01:45,929 - INFO - Position size: 70 shares
2026-01-01 13:01:45,932 - INFO - Placing SELL order for 70 shares of ONGC
2026-01-01 13:01:53,600 - INFO - Entry price: 238.44
2026-01-01 13:01:59,226 - INFO - Preparing BUY order for COALINDIA using RSI_50_Crossover
2026-01-01 13:02:01,503 - INFO - [DEBUG] Calculating ATR as it's missing from data
2026-01-01 13:02:01,505 - INFO - ATR calculated: 1.26
2026-01-01 13:02:01,505 - INFO - [DEBUG] ATR raw value: 0.4188555230266328
2026-01-01 13:02:01,505 - INFO - [DEBUG] ATR Points: 1.2565665690798984
2026-01-01 13:02:01,506 - INFO - [DEBUG] Current Price: 401.2
2026-01-01 13:02:01,506 - INFO - [DEBUG] Config.ATR_MULTIPLIER: 3
2026-01-01 13:02:01,507 - INFO - Position size: 17 shares
2026-01-01 13:02:01,510 - INFO - Placing BUY order for 17 shares of COALINDIA
2026-01-01 13:02:08,847 - INFO - Entry price: 401.2
2026-01-01 13:02:12,578 - INFO - 
Strategy Performance Analysis:
2026-01-01 13:02:12,579 - INFO - 
+------------------+----------------+---------+--------+----------------+------------+--------------+
| Strategy         |   Total Trades |   Calls |   Puts | Total Profit   | Win Rate   | Avg Profit   |
+==================+================+=========+========+================+============+==============+
| RSI_50_Crossover |             82 |       0 |     82 | ₹-1,246.40     | 0.0%       | ₹-15.20      |
+------------------+----------------+---------+--------+----------------+------------+--------------+
2026-01-01 13:02:12,650 - INFO - 
Total Overall Profit: ₹-1,246.40
2026-01-01 13:02:12,653 - INFO - Closing all positions...
2026-01-01 13:08:07,738 - INFO - Preparing SELL order for ONGC using RSI_50_Crossover
2026-01-01 13:08:10,031 - INFO - [DEBUG] Calculating ATR as it's missing from data
2026-01-01 13:08:10,033 - INFO - ATR calculated: 0.51
2026-01-01 13:08:10,034 - INFO - [DEBUG] ATR raw value: 0.1684341876900639
2026-01-01 13:08:10,034 - INFO - [DEBUG] ATR Points: 0.5053025630701917
2026-01-01 13:08:10,035 - INFO - [DEBUG] Current Price: 238.24
2026-01-01 13:08:10,036 - INFO - [DEBUG] Config.ATR_MULTIPLIER: 3
2026-01-01 13:08:10,039 - INFO - Position size: 70 shares
2026-01-01 13:08:10,041 - INFO - Placing SELL order for 70 shares of ONGC
2026-01-01 13:08:17,306 - INFO - Entry price: 238.21257
2026-01-01 13:08:26,025 - INFO - Preparing SELL order for COALINDIA using RSI_50_Crossover
2026-01-01 13:08:28,285 - INFO - [DEBUG] Calculating ATR as it's missing from data
2026-01-01 13:08:28,287 - INFO - ATR calculated: 1.07
2026-01-01 13:08:28,288 - INFO - [DEBUG] ATR raw value: 0.3577472233271056
2026-01-01 13:08:28,288 - INFO - [DEBUG] ATR Points: 1.073241669981317
2026-01-01 13:08:28,289 - INFO - [DEBUG] Current Price: 401.15
2026-01-01 13:08:28,289 - INFO - [DEBUG] Config.ATR_MULTIPLIER: 3
2026-01-01 13:08:28,292 - INFO - Position size: 19 shares
2026-01-01 13:08:28,293 - INFO - Placing SELL order for 19 shares of COALINDIA
2026-01-01 13:08:35,573 - INFO - Entry price: 401.0
2026-01-01 13:08:58,961 - INFO - Preparing SELL order for ONGC using RSI_50_Crossover
2026-01-01 13:09:01,246 - INFO - [DEBUG] Calculating ATR as it's missing from data
2026-01-01 13:09:01,248 - INFO - ATR calculated: 0.54
2026-01-01 13:09:01,248 - INFO - [DEBUG] ATR raw value: 0.17843418769006497
2026-01-01 13:09:01,249 - INFO - [DEBUG] ATR Points: 0.5353025630701949
2026-01-01 13:09:01,249 - INFO - [DEBUG] Current Price: 238.2
2026-01-01 13:09:01,249 - INFO - [DEBUG] Config.ATR_MULTIPLIER: 3
2026-01-01 13:09:01,252 - INFO - Position size: 19 shares
2026-01-01 13:09:01,254 - INFO - Placing SELL order for 19 shares of ONGC
2026-01-01 13:09:08,537 - INFO - Entry price: 238.12105
2026-01-01 13:09:16,947 - INFO - Preparing SELL order for COALINDIA using RSI_50_Crossover
2026-01-01 13:09:19,268 - INFO - [DEBUG] Calculating ATR as it's missing from data
2026-01-01 13:09:19,269 - INFO - ATR calculated: 1.09
2026-01-01 13:09:19,270 - INFO - [DEBUG] ATR raw value: 0.36357140125271986
2026-01-01 13:09:19,270 - INFO - [DEBUG] ATR Points: 1.0907142037581596
2026-01-01 13:09:19,270 - INFO - [DEBUG] Current Price: 401.05
2026-01-01 13:09:19,271 - INFO - [DEBUG] Config.ATR_MULTIPLIER: 3
2026-01-01 13:09:19,273 - INFO - Position size: 5 shares
2026-01-01 13:09:19,274 - INFO - Placing SELL order for 5 shares of COALINDIA
2026-01-01 13:09:26,545 - INFO - Entry price: 400.95
2026-01-01 13:09:46,278 - INFO - 
Strategy Performance Analysis:
2026-01-01 13:09:46,280 - INFO - 
+------------------+----------------+---------+--------+----------------+------------+--------------+
| Strategy         |   Total Trades |   Calls |   Puts | Total Profit   | Win Rate   | Avg Profit   |
+==================+================+=========+========+================+============+==============+
| RSI_50_Crossover |             86 |       0 |     86 | ₹-1,246.40     | 0.0%       | ₹-14.49      |
+------------------+----------------+---------+--------+----------------+------------+--------------+
2026-01-01 13:09:46,290 - INFO - 
Total Overall Profit: ₹-1,246.40
2026-01-01 13:09:46,305 - INFO - Closing all positions...
2026-01-01 13:32:02,646 - INFO - Preparing BUY order for ONGC using RSI_50_Crossover
2026-01-01 13:32:04,917 - INFO - [DEBUG] Calculating ATR as it's missing from data
2026-01-01 13:32:04,918 - INFO - ATR calculated: 0.49
2026-01-01 13:32:04,919 - INFO - [DEBUG] ATR raw value: 0.16277674059479338
2026-01-01 13:32:04,919 - INFO - [DEBUG] ATR Points: 0.4883302217843801
2026-01-01 13:32:04,919 - INFO - [DEBUG] Current Price: 238.07
2026-01-01 13:32:04,921 - INFO - [DEBUG] Config.ATR_MULTIPLIER: 3
2026-01-01 13:32:04,923 - INFO - Position size: 70 shares
2026-01-01 13:32:04,924 - INFO - Placing BUY order for 70 shares of ONGC
2026-01-01 13:32:12,158 - INFO - Entry price: 238.06
2026-01-01 13:32:20,524 - INFO - Preparing SELL order for COALINDIA using RSI_50_Crossover
2026-01-01 13:32:22,776 - INFO - [DEBUG] Calculating ATR as it's missing from data
2026-01-01 13:32:22,778 - INFO - ATR calculated: 1.01
2026-01-01 13:32:22,779 - INFO - [DEBUG] ATR raw value: 0.33780615770811523
2026-01-01 13:32:22,779 - INFO - [DEBUG] ATR Points: 1.0134184731243456
2026-01-01 13:32:22,780 - INFO - [DEBUG] Current Price: 401.0
2026-01-01 13:32:22,780 - INFO - [DEBUG] Config.ATR_MULTIPLIER: 3
2026-01-01 13:32:22,782 - INFO - Position size: 20 shares
2026-01-01 13:32:22,783 - INFO - Placing SELL order for 20 shares of COALINDIA
2026-01-01 13:32:29,985 - INFO - Entry price: 400.95
2026-01-01 13:44:37,729 - INFO - 
Strategy Performance Analysis:
2026-01-01 13:44:37,733 - INFO - 
+------------------+----------------+---------+--------+----------------+------------+--------------+
| Strategy         |   Total Trades |   Calls |   Puts | Total Profit   | Win Rate   | Avg Profit   |
+==================+================+=========+========+================+============+==============+
| RSI_50_Crossover |             88 |       0 |     88 | ₹-1,246.40     | 0.0%       | ₹-14.16      |
+------------------+----------------+---------+--------+----------------+------------+--------------+
2026-01-01 13:44:37,751 - INFO - 
Total Overall Profit: ₹-1,246.40
2026-01-01 13:44:37,765 - INFO - Closing all positions...
2026-01-01 13:51:58,806 - INFO - Preparing BUY order for ONGC using RSI_50_Crossover
2026-01-01 13:52:01,087 - INFO - [DEBUG] Calculating ATR as it's missing from data
2026-01-01 13:52:01,088 - INFO - ATR calculated: 0.56
2026-01-01 13:52:01,089 - INFO - [DEBUG] ATR raw value: 0.1860219002913853
2026-01-01 13:52:01,089 - INFO - [DEBUG] ATR Points: 0.5580657008741559
2026-01-01 13:52:01,090 - INFO - [DEBUG] Current Price: 238.12
2026-01-01 13:52:01,090 - INFO - [DEBUG] Config.ATR_MULTIPLIER: 3
2026-01-01 13:52:01,094 - INFO - Position size: 70 shares
2026-01-01 13:52:01,095 - INFO - Placing BUY order for 70 shares of ONGC
2026-01-01 13:52:08,315 - INFO - Entry price: 238.14586
2026-01-01 13:52:17,025 - INFO - Preparing SELL order for COALINDIA using RSI_50_Crossover
2026-01-01 13:52:19,289 - INFO - [DEBUG] Calculating ATR as it's missing from data
2026-01-01 13:52:19,292 - INFO - ATR calculated: 0.84
2026-01-01 13:52:19,292 - INFO - [DEBUG] ATR raw value: 0.27898118810171957
2026-01-01 13:52:19,293 - INFO - [DEBUG] ATR Points: 0.8369435643051587
2026-01-01 13:52:19,293 - INFO - [DEBUG] Current Price: 400.9
2026-01-01 13:52:19,294 - INFO - [DEBUG] Config.ATR_MULTIPLIER: 3
2026-01-01 13:52:19,296 - INFO - Position size: 21 shares
2026-01-01 13:52:19,298 - INFO - Placing SELL order for 21 shares of COALINDIA
2026-01-01 13:52:26,503 - INFO - Entry price: 400.9
2026-01-01 14:04:56,284 - INFO - 
Strategy Performance Analysis:
2026-01-01 14:04:56,287 - INFO - 
+------------------+----------------+---------+--------+----------------+------------+--------------+
| Strategy         |   Total Trades |   Calls |   Puts | Total Profit   | Win Rate   | Avg Profit   |
+==================+================+=========+========+================+============+==============+
| RSI_50_Crossover |             90 |       0 |     90 | ₹-1,246.40     | 0.0%       | ₹-13.85      |
+------------------+----------------+---------+--------+----------------+------------+--------------+
2026-01-01 14:04:56,305 - INFO - 
Total Overall Profit: ₹-1,246.40
2026-01-01 14:04:56,319 - INFO - Closing all positions...
2026-01-02 09:31:24,294 - INFO - 
Strategy Performance Analysis:
2026-01-02 09:31:24,300 - INFO - 
+------------------+----------------+---------+--------+----------------+------------+--------------+
| Strategy         |   Total Trades |   Calls |   Puts | Total Profit   | Win Rate   | Avg Profit   |
+==================+================+=========+========+================+============+==============+
| RSI_50_Crossover |             90 |       0 |     90 | ₹-1,246.40     | 0.0%       | ₹-13.85      |
+------------------+----------------+---------+--------+----------------+------------+--------------+
2026-01-02 09:31:24,369 - INFO - 
Total Overall Profit: ₹-1,246.40
2026-01-02 09:31:24,373 - INFO - Closing all positions...
2026-01-02 09:33:01,960 - INFO - 
Strategy Performance Analysis:
2026-01-02 09:33:01,963 - INFO - 
+------------------+----------------+---------+--------+----------------+------------+--------------+
| Strategy         |   Total Trades |   Calls |   Puts | Total Profit   | Win Rate   | Avg Profit   |
+==================+================+=========+========+================+============+==============+
| RSI_50_Crossover |             90 |       0 |     90 | ₹-1,246.40     | 0.0%       | ₹-13.85      |
+------------------+----------------+---------+--------+----------------+------------+--------------+
2026-01-02 09:33:01,975 - INFO - 
Total Overall Profit: ₹-1,246.40
2026-01-02 09:33:01,982 - INFO - Closing all positions...
2026-01-02 09:43:25,946 - ERROR - Strategy EMA_RSI_Crossover failed: 'market_type'
2026-01-02 09:43:26,073 - ERROR - Strategy ORB_30min failed: Index must be DatetimeIndex
2026-01-02 09:43:28,437 - ERROR - Strategy EMA_RSI_Crossover failed: 'market_type'
2026-01-02 09:43:28,455 - ERROR - Strategy ORB_30min failed: Index must be DatetimeIndex
2026-01-02 09:43:45,913 - ERROR - Strategy EMA_RSI_Crossover failed: 'market_type'
2026-01-02 09:43:45,930 - ERROR - Strategy ORB_30min failed: Index must be DatetimeIndex
2026-01-02 09:43:48,217 - ERROR - Strategy EMA_RSI_Crossover failed: 'market_type'
2026-01-02 09:43:48,234 - ERROR - Strategy ORB_30min failed: Index must be DatetimeIndex
2026-01-02 09:44:05,544 - ERROR - Strategy EMA_RSI_Crossover failed: 'market_type'
2026-01-02 09:44:05,563 - ERROR - Strategy ORB_30min failed: Index must be DatetimeIndex
2026-01-02 09:44:07,861 - ERROR - Strategy EMA_RSI_Crossover failed: 'market_type'
2026-01-02 09:44:07,882 - ERROR - Strategy ORB_30min failed: Index must be DatetimeIndex
2026-01-02 09:44:23,208 - INFO - 
Strategy Performance Analysis:
2026-01-02 09:44:23,210 - INFO - 
+------------------+----------------+---------+--------+----------------+------------+--------------+
| Strategy         |   Total Trades |   Calls |   Puts | Total Profit   | Win Rate   | Avg Profit   |
+==================+================+=========+========+================+============+==============+
| RSI_50_Crossover |             90 |       0 |     90 | ₹-1,246.40     | 0.0%       | ₹-13.85      |
+------------------+----------------+---------+--------+----------------+------------+--------------+
2026-01-02 09:44:23,313 - INFO - 
Total Overall Profit: ₹-1,246.40
2026-01-02 09:44:23,362 - INFO - Closing all positions...
2026-01-02 09:45:22,002 - ERROR - Strategy EMA_RSI_Crossover failed: 'market_type'
2026-01-02 09:45:22,159 - ERROR - Strategy ORB_30min failed: Index must be DatetimeIndex
2026-01-02 09:45:24,739 - ERROR - Strategy EMA_RSI_Crossover failed: 'market_type'
2026-01-02 09:45:24,768 - ERROR - Strategy ORB_30min failed: Index must be DatetimeIndex
2026-01-02 09:45:42,296 - ERROR - Strategy EMA_RSI_Crossover failed: 'market_type'
2026-01-02 09:45:42,323 - ERROR - Strategy ORB_30min failed: Index must be DatetimeIndex
2026-01-02 09:45:44,810 - ERROR - Strategy EMA_RSI_Crossover failed: 'market_type'
2026-01-02 09:45:44,834 - ERROR - Strategy ORB_30min failed: Index must be DatetimeIndex
2026-01-02 09:46:02,359 - ERROR - Strategy EMA_RSI_Crossover failed: 'market_type'
2026-01-02 09:46:02,389 - ERROR - Strategy ORB_30min failed: Index must be DatetimeIndex
2026-01-02 09:46:04,892 - ERROR - Strategy EMA_RSI_Crossover failed: 'market_type'
2026-01-02 09:46:04,922 - ERROR - Strategy ORB_30min failed: Index must be DatetimeIndex
2026-01-02 09:46:22,466 - ERROR - Strategy EMA_RSI_Crossover failed: 'market_type'
2026-01-02 09:46:22,495 - ERROR - Strategy ORB_30min failed: Index must be DatetimeIndex
2026-01-02 09:46:24,983 - ERROR - Strategy EMA_RSI_Crossover failed: 'market_type'
2026-01-02 09:46:25,016 - ERROR - Strategy ORB_30min failed: Index must be DatetimeIndex
2026-01-02 09:46:35,369 - INFO - 
Strategy Performance Analysis:
2026-01-02 09:46:35,374 - INFO - 
+------------------+----------------+---------+--------+----------------+------------+--------------+
| Strategy         |   Total Trades |   Calls |   Puts | Total Profit   | Win Rate   | Avg Profit   |
+==================+================+=========+========+================+============+==============+
| RSI_50_Crossover |             90 |       0 |     90 | ₹-1,246.40     | 0.0%       | ₹-13.85      |
+------------------+----------------+---------+--------+----------------+------------+--------------+
2026-01-02 09:46:35,390 - INFO - 
Total Overall Profit: ₹-1,246.40
2026-01-02 09:46:35,401 - INFO - Closing all positions...
2026-01-02 10:40:07,187 - INFO - Closing all positions...
2026-01-02 10:40:07,194 - INFO - 
Strategy Performance Analysis:
2026-01-02 10:40:07,199 - INFO - 
+------------------+----------------+---------+--------+----------------+------------+--------------+
| Strategy         |   Total Trades |   Calls |   Puts | Total Profit   | Win Rate   | Avg Profit   |
+==================+================+=========+========+================+============+==============+
| RSI_50_Crossover |             90 |       0 |     90 | ₹-1,246.40     | 0.0%       | ₹-13.85      |
+------------------+----------------+---------+--------+----------------+------------+--------------+
2026-01-02 10:40:07,223 - INFO - 
Total Overall Profit: ₹-1,246.40
2026-01-02 10:40:07,228 - INFO - Closing all positions...
2026-01-02 10:46:52,556 - ERROR - Strategy MACD_Bollinger failed: 'volume_ma'
2026-01-02 10:46:52,563 - ERROR - Strategy VWAP_Reversion failed: 'volume_ma'
2026-01-02 10:46:52,567 - ERROR - Strategy MA_Crossover_50_200 failed: 'volume_ma'
2026-01-02 10:46:54,893 - ERROR - Strategy MACD_Bollinger failed: 'volume_ma'
2026-01-02 10:46:54,900 - ERROR - Strategy VWAP_Reversion failed: 'volume_ma'
2026-01-02 10:46:54,903 - ERROR - Strategy MA_Crossover_50_200 failed: 'volume_ma'
2026-01-02 10:47:26,566 - ERROR - Strategy MACD_Bollinger failed: 'volume_ma'
2026-01-02 10:47:26,571 - ERROR - Strategy VWAP_Reversion failed: 'volume_ma'
2026-01-02 10:47:26,573 - ERROR - Strategy MA_Crossover_50_200 failed: 'volume_ma'
2026-01-02 10:47:28,870 - ERROR - Strategy MACD_Bollinger failed: 'volume_ma'
2026-01-02 10:47:28,874 - ERROR - Strategy VWAP_Reversion failed: 'volume_ma'
2026-01-02 10:47:28,877 - ERROR - Strategy MA_Crossover_50_200 failed: 'volume_ma'
2026-01-02 10:47:46,251 - ERROR - Strategy MACD_Bollinger failed: 'volume_ma'
2026-01-02 10:47:46,256 - ERROR - Strategy VWAP_Reversion failed: 'volume_ma'
2026-01-02 10:47:46,260 - ERROR - Strategy MA_Crossover_50_200 failed: 'volume_ma'
2026-01-02 10:47:48,579 - ERROR - Strategy MACD_Bollinger failed: 'volume_ma'
2026-01-02 10:47:48,583 - ERROR - Strategy VWAP_Reversion failed: 'volume_ma'
2026-01-02 10:47:48,585 - ERROR - Strategy MA_Crossover_50_200 failed: 'volume_ma'
2026-01-02 10:48:09,418 - ERROR - Strategy MACD_Bollinger failed: 'volume_ma'
2026-01-02 10:48:09,422 - ERROR - Strategy VWAP_Reversion failed: 'volume_ma'
2026-01-02 10:48:09,424 - ERROR - Strategy MA_Crossover_50_200 failed: 'volume_ma'
2026-01-02 10:48:11,756 - ERROR - Strategy MACD_Bollinger failed: 'volume_ma'
2026-01-02 10:48:11,761 - ERROR - Strategy VWAP_Reversion failed: 'volume_ma'
2026-01-02 10:48:11,765 - ERROR - Strategy MA_Crossover_50_200 failed: 'volume_ma'
2026-01-02 10:48:20,052 - INFO - 
Strategy Performance Analysis:
2026-01-02 10:48:20,055 - INFO - 
+------------------+----------------+---------+--------+----------------+------------+--------------+
| Strategy         |   Total Trades |   Calls |   Puts | Total Profit   | Win Rate   | Avg Profit   |
+==================+================+=========+========+================+============+==============+
| RSI_50_Crossover |             90 |       0 |     90 | ₹-1,246.40     | 0.0%       | ₹-13.85      |
+------------------+----------------+---------+--------+----------------+------------+--------------+
2026-01-02 10:48:20,065 - INFO - 
Total Overall Profit: ₹-1,246.40
2026-01-02 10:48:20,070 - INFO - Closing all positions...
2026-01-02 11:06:29,823 - INFO - 
Strategy Performance Analysis:
2026-01-02 11:06:29,826 - INFO - 
+------------------+----------------+---------+--------+----------------+------------+--------------+
| Strategy         |   Total Trades |   Calls |   Puts | Total Profit   | Win Rate   | Avg Profit   |
+==================+================+=========+========+================+============+==============+
| RSI_50_Crossover |             90 |       0 |     90 | ₹-1,246.40     | 0.0%       | ₹-13.85      |
+------------------+----------------+---------+--------+----------------+------------+--------------+
2026-01-02 11:06:29,859 - INFO - 
Total Overall Profit: ₹-1,246.40
2026-01-02 11:06:29,875 - INFO - Closing all positions...
2026-01-02 11:28:43,204 - INFO - 
Strategy Performance Analysis:
2026-01-02 11:28:43,205 - INFO - 
+------------------+----------------+---------+--------+----------------+------------+--------------+
| Strategy         |   Total Trades |   Calls |   Puts | Total Profit   | Win Rate   | Avg Profit   |
+==================+================+=========+========+================+============+==============+
| RSI_50_Crossover |             90 |       0 |     90 | ₹-1,246.40     | 0.0%       | ₹-13.85      |
+------------------+----------------+---------+--------+----------------+------------+--------------+
2026-01-02 11:28:43,218 - INFO - 
Total Overall Profit: ₹-1,246.40
2026-01-02 11:28:43,223 - INFO - Closing all positions...
2026-01-02 12:05:42,084 - INFO - 
Strategy Performance Analysis:
2026-01-02 12:05:42,084 - INFO - 
+------------------+----------------+---------+--------+----------------+------------+--------------+
| Strategy         |   Total Trades |   Calls |   Puts | Total Profit   | Win Rate   | Avg Profit   |
+==================+================+=========+========+================+============+==============+
| RSI_50_Crossover |             90 |       0 |     90 | ₹-1,246.40     | 0.0%       | ₹-13.85      |
+------------------+----------------+---------+--------+----------------+------------+--------------+
2026-01-02 12:05:42,090 - INFO - 
Total Overall Profit: ₹-1,246.40
2026-01-02 12:05:43,261 - INFO - Closing all positions...
2026-01-02 12:17:42,327 - INFO - Preparing BUY order for ONGC using RSI_50_Crossover
2026-01-02 12:17:44,781 - INFO - [DEBUG] Calculating ATR as it's missing from data
2026-01-02 12:17:44,785 - INFO - ATR calculated: 0.80
2026-01-02 12:17:44,786 - INFO - [DEBUG] ATR raw value: 0.15945850024260402
2026-01-02 12:17:44,789 - INFO - [DEBUG] ATR Points: 0.7972925012130201
2026-01-02 12:17:44,790 - INFO - [DEBUG] Current Price: 240.41
2026-01-02 12:17:44,791 - INFO - [DEBUG] Config.ATR_MULTIPLIER: 5
2026-01-02 12:17:44,798 - INFO - Position size: 34 shares
2026-01-02 12:17:44,804 - INFO - Placing BUY order for 34 shares of ONGC
2026-01-02 12:17:52,140 - INFO - Entry price: 240.41
2026-01-02 12:22:27,009 - INFO - Closing all positions...
2026-01-02 12:22:30,039 - INFO - 
Strategy Performance Analysis:
2026-01-02 12:22:30,041 - INFO - 
+------------------+----------------+---------+--------+----------------+------------+--------------+
| Strategy         |   Total Trades |   Calls |   Puts | Total Profit   | Win Rate   | Avg Profit   |
+==================+================+=========+========+================+============+==============+
| RSI_50_Crossover |             91 |       0 |     91 | ₹-1,246.40     | 0.0%       | ₹-13.70      |
+------------------+----------------+---------+--------+----------------+------------+--------------+
2026-01-02 12:22:30,055 - INFO - 
Total Overall Profit: ₹-1,246.40
2026-01-02 12:22:31,244 - INFO - Closing all positions...
2026-01-02 13:09:10,236 - INFO - Closing all positions...
2026-01-02 13:09:23,382 - INFO - Closing all positions...
2026-01-02 13:10:34,278 - INFO - Closing all positions...
2026-01-02 13:13:35,383 - INFO - Closing all positions...
2026-01-02 13:14:41,155 - INFO - Preparing SELL order for ASIANPAINT using EMA_RSI_Crossover
2026-01-02 13:14:43,459 - INFO - [DEBUG] Calculating ATR as it's missing from data
2026-01-02 13:14:43,460 - INFO - ATR calculated: 5.14
2026-01-02 13:14:43,461 - INFO - [DEBUG] ATR raw value: 1.0284262089791527
2026-01-02 13:14:43,461 - INFO - [DEBUG] ATR Points: 5.142131044895764
2026-01-02 13:14:43,462 - INFO - [DEBUG] Current Price: 2764.3
2026-01-02 13:14:43,462 - INFO - [DEBUG] Config.ATR_MULTIPLIER: 5
2026-01-02 13:14:43,465 - INFO - Position size: 2 shares
2026-01-02 13:14:43,467 - INFO - Placing SELL order for 2 shares of ASIANPAINT
2026-01-02 13:14:51,107 - INFO - Entry price: 2764.2
2026-01-02 13:15:11,347 - INFO - Preparing BUY order for BEL using RSI_50_Crossover
2026-01-02 13:15:13,619 - INFO - [DEBUG] Calculating ATR as it's missing from data
2026-01-02 13:15:13,620 - INFO - ATR calculated: 1.32
2026-01-02 13:15:13,621 - INFO - [DEBUG] ATR raw value: 0.26462709163816334
2026-01-02 13:15:13,621 - INFO - [DEBUG] ATR Points: 1.3231354581908166
2026-01-02 13:15:13,621 - INFO - [DEBUG] Current Price: 402.2
2026-01-02 13:15:13,621 - INFO - [DEBUG] Config.ATR_MULTIPLIER: 5
2026-01-02 13:15:13,624 - INFO - Position size: 17 shares
2026-01-02 13:15:13,626 - INFO - Placing BUY order for 17 shares of BEL
2026-01-02 13:15:20,841 - INFO - Entry price: 402.2147
2026-01-02 13:15:33,863 - INFO - Preparing SELL order for BHARTIARTL using RSI_50_Crossover
2026-01-02 13:15:36,149 - INFO - [DEBUG] Calculating ATR as it's missing from data
2026-01-02 13:15:36,151 - INFO - ATR calculated: 4.13
2026-01-02 13:15:36,151 - INFO - [DEBUG] ATR raw value: 0.8253294291277938
2026-01-02 13:15:36,151 - INFO - [DEBUG] ATR Points: 4.1266471456389695
2026-01-02 13:15:36,152 - INFO - [DEBUG] Current Price: 2100.9
2026-01-02 13:15:36,152 - INFO - [DEBUG] Config.ATR_MULTIPLIER: 5
2026-01-02 13:15:36,156 - INFO - Position size: 2 shares
2026-01-02 13:15:36,158 - INFO - Placing SELL order for 2 shares of BHARTIARTL
2026-01-02 13:15:43,357 - INFO - Entry price: 2100.8
2026-01-02 13:15:58,744 - INFO - Preparing BUY order for COALINDIA using ORB_30min
2026-01-02 13:16:01,012 - INFO - [DEBUG] Calculating ATR as it's missing from data
2026-01-02 13:16:01,013 - INFO - ATR calculated: 3.50
2026-01-02 13:16:01,014 - INFO - [DEBUG] ATR raw value: 0.6990204239830912
2026-01-02 13:16:01,014 - INFO - [DEBUG] ATR Points: 3.495102119915456
2026-01-02 13:16:01,014 - INFO - [DEBUG] Current Price: 425.0
2026-01-02 13:16:01,016 - INFO - [DEBUG] Config.ATR_MULTIPLIER: 5
2026-01-02 13:16:01,018 - INFO - Position size: 5 shares
2026-01-02 13:16:01,020 - INFO - Placing BUY order for 5 shares of COALINDIA
2026-01-02 13:16:03,208 - INFO - Closing all positions...
2026-01-02 13:16:07,367 - INFO - Closing all positions...
2026-01-02 14:42:50,180 - INFO - Preparing BUY order for ADANIENT using RSI_50_Crossover
2026-01-02 14:42:52,466 - INFO - [DEBUG] Calculating ATR as it's missing from data
2026-01-02 14:42:52,467 - INFO - ATR calculated: 9.61
2026-01-02 14:42:52,468 - INFO - [DEBUG] ATR raw value: 1.9214328766001068
2026-01-02 14:42:52,468 - INFO - [DEBUG] ATR Points: 9.607164383000534
2026-01-02 14:42:52,469 - INFO - [DEBUG] Current Price: 2276.5
2026-01-02 14:42:52,469 - INFO - [DEBUG] Config.ATR_MULTIPLIER: 5
2026-01-02 14:42:52,472 - INFO - Position size: 3 shares
2026-01-02 14:42:52,474 - INFO - Placing BUY order for 3 shares of ADANIENT
2026-01-02 14:43:01,704 - INFO - Entry price: 2276.5
2026-01-02 14:43:48,767 - INFO - Preparing SELL order for ASIANPAINT using RSI_50_Crossover
2026-01-02 14:43:51,196 - INFO - [DEBUG] Calculating ATR as it's missing from data
2026-01-02 14:43:51,197 - INFO - ATR calculated: 6.27
2026-01-02 14:43:51,198 - INFO - [DEBUG] ATR raw value: 1.2549018211914593
2026-01-02 14:43:51,198 - INFO - [DEBUG] ATR Points: 6.274509105957296
2026-01-02 14:43:51,199 - INFO - [DEBUG] Current Price: 2763.9
2026-01-02 14:43:51,199 - INFO - [DEBUG] Config.ATR_MULTIPLIER: 5
2026-01-02 14:43:51,201 - INFO - Position size: 2 shares
2026-01-02 14:43:51,202 - INFO - Placing SELL order for 2 shares of ASIANPAINT
2026-01-02 14:44:00,432 - INFO - Entry price: 2763.7
2026-01-02 14:44:17,900 - INFO - Closing all positions...
2026-01-02 14:44:22,089 - INFO - Closing all positions...
2026-01-02 14:55:49,721 - INFO - Closing all positions...
2026-01-02 14:56:29,084 - INFO - Preparing BUY order for ADANIPORTS using RSI_50_Crossover
2026-01-02 14:56:31,487 - INFO - [DEBUG] Calculating ATR as it's missing from data
2026-01-02 14:56:31,489 - INFO - ATR calculated: 4.67
2026-01-02 14:56:31,490 - INFO - [DEBUG] ATR raw value: 0.9335298854896295
2026-01-02 14:56:31,490 - INFO - [DEBUG] ATR Points: 4.667649427448147
2026-01-02 14:56:31,491 - INFO - [DEBUG] Current Price: 1488.6
2026-01-02 14:56:31,492 - INFO - [DEBUG] Config.ATR_MULTIPLIER: 5
2026-01-02 14:56:31,494 - INFO - Position size: 5 shares
2026-01-02 14:56:31,495 - INFO - Placing BUY order for 5 shares of ADANIPORTS
2026-01-02 14:56:40,750 - INFO - Entry price: 1488.7
2026-01-02 15:00:22,806 - INFO - Closing all positions...
2026-01-02 15:00:27,025 - INFO - Closing all positions...
2026-02-02 09:42:58,979 - INFO - Dhan.py  started system
2026-02-02 09:42:58,980 - INFO - STARTED THE PROGRAM
2026-02-02 09:43:01,148 - INFO - Checking database schema...
2026-02-02 09:43:01,149 - WARNING - Column 'tg' missing in completed_orders, adding it...
2026-02-02 09:43:01,154 - INFO - Successfully added 'tg' column to completed_orders
2026-02-02 09:43:01,154 - INFO - Database schema check completed
2026-02-02 09:43:01,158 - INFO - Cleared all live orders from database
2026-02-02 09:43:01,158 - INFO - Starting Trading Bot...
2026-02-02 09:43:01,158 - INFO - Watchlist: ['BEL', 'BOSCHLTD', 'COLPAL', 'HCLTECH', 'HDFCBANK', 'HAVELLS', 'HAL']
2026-02-02 09:43:01,158 - INFO - Starting main loop iteration
2026-02-02 09:43:01,866 - INFO - Processing BEL
2026-02-02 09:43:02,254 - INFO - BUY signal for BEL
2026-02-02 09:43:02,285 - INFO - Placing entry order for BEL
2026-02-02 09:43:02,416 - ERROR - Error logging order event: no such table: order_logs
2026-02-02 09:43:05,462 - INFO - Entry order executed for BEL at 428.4
2026-02-02 09:43:05,463 - INFO - Placing SL order for BEL: Entry=428.4, SL=427.5, TG=429.3
2026-02-02 09:43:05,608 - INFO - Stop loss order placed successfully for BEL: OrderID=21126020293405
2026-02-02 09:43:05,609 - ERROR - Error logging order event: no such table: order_logs
2026-02-02 09:43:05,610 - INFO - Inserted new live order for BEL
2026-02-02 09:43:05,612 - INFO - Successfully saved order for BEL to database
2026-02-02 09:43:07,651 - INFO - Processing BOSCHLTD
2026-02-02 09:43:08,169 - INFO - BUY signal for BOSCHLTD
2026-02-02 09:43:08,204 - INFO - Placing entry order for BOSCHLTD
2026-02-02 09:43:08,346 - ERROR - Error logging order event: no such table: order_logs
2026-02-02 09:43:11,404 - INFO - Entry order executed for BOSCHLTD at 36020.0
2026-02-02 09:43:11,405 - INFO - Placing SL order for BOSCHLTD: Entry=36020.0, SL=35948.0, TG=36092.0
2026-02-02 09:43:11,558 - INFO - Stop loss order placed successfully for BOSCHLTD: OrderID=34126020289005
2026-02-02 09:43:11,558 - ERROR - Error logging order event: no such table: order_logs
2026-02-02 09:43:11,559 - INFO - Inserted new live order for BOSCHLTD
2026-02-02 09:43:11,561 - INFO - Successfully saved order for BOSCHLTD to database
2026-02-02 09:43:18,517 - INFO - Processing COLPAL
2026-02-02 09:43:19,284 - INFO - BUY signal for COLPAL
2026-02-02 09:43:19,309 - INFO - Placing entry order for COLPAL
2026-02-02 09:43:19,508 - ERROR - Error logging order event: no such table: order_logs
2026-02-02 09:43:22,566 - INFO - Entry order executed for COLPAL at 2132.8
2026-02-02 09:43:22,567 - INFO - Placing SL order for COLPAL: Entry=2132.8, SL=2128.5, TG=2137.1
2026-02-02 09:43:22,711 - INFO - Stop loss order placed successfully for COLPAL: OrderID=35126020291505
2026-02-02 09:43:22,711 - ERROR - Error logging order event: no such table: order_logs
2026-02-02 09:43:22,713 - INFO - Inserted new live order for COLPAL
2026-02-02 09:43:22,716 - INFO - Successfully saved order for COLPAL to database
2026-02-02 09:43:24,653 - INFO - Processing HCLTECH
2026-02-02 09:43:25,162 - INFO - BUY signal for HCLTECH
2026-02-02 09:43:25,189 - INFO - Placing entry order for HCLTECH
2026-02-02 09:43:25,328 - ERROR - Error logging order event: no such table: order_logs
2026-02-02 09:43:28,420 - INFO - Entry order executed for HCLTECH at 1666.7
2026-02-02 09:43:28,420 - INFO - Placing SL order for HCLTECH: Entry=1666.7, SL=1663.4, TG=1670.0
2026-02-02 09:43:28,550 - INFO - Stop loss order placed successfully for HCLTECH: OrderID=33126020210405
2026-02-02 09:43:28,553 - ERROR - Error logging order event: no such table: order_logs
2026-02-02 09:43:28,556 - INFO - Inserted new live order for HCLTECH
2026-02-02 09:43:28,558 - INFO - Successfully saved order for HCLTECH to database
2026-02-02 09:43:30,478 - INFO - Processing HDFCBANK
2026-02-02 09:43:30,896 - INFO - BUY signal for HDFCBANK
2026-02-02 09:43:30,937 - INFO - Placing entry order for HDFCBANK
2026-02-02 09:43:31,075 - ERROR - Error logging order event: no such table: order_logs
2026-02-02 09:43:34,131 - INFO - Entry order executed for HDFCBANK at 927.7
2026-02-02 09:43:34,132 - INFO - Placing SL order for HDFCBANK: Entry=927.7, SL=925.8, TG=929.6
2026-02-02 09:43:34,278 - INFO - Stop loss order placed successfully for HDFCBANK: OrderID=32126020219135
2026-02-02 09:43:34,278 - ERROR - Error logging order event: no such table: order_logs
2026-02-02 09:43:34,280 - INFO - Inserted new live order for HDFCBANK
2026-02-02 09:43:34,285 - INFO - Successfully saved order for HDFCBANK to database
2026-02-02 09:43:36,238 - INFO - Processing HAVELLS
2026-02-02 09:43:36,629 - INFO - Processing HAL
2026-02-02 09:43:39,023 - INFO - Starting main loop iteration
2026-02-02 09:43:39,745 - INFO - Processing BEL
2026-02-02 09:43:41,186 - INFO - Processing BOSCHLTD
2026-02-02 09:43:42,627 - INFO - Processing COLPAL
2026-02-02 09:43:44,060 - INFO - Processing HCLTECH
2026-02-02 09:43:45,525 - INFO - Processing HDFCBANK
2026-02-02 09:43:46,989 - INFO - Processing HAVELLS
2026-02-02 09:43:47,398 - INFO - Processing HAL
2026-02-02 09:43:49,806 - INFO - Starting main loop iteration
2026-02-02 09:43:50,529 - INFO - Processing BEL
2026-02-02 09:43:51,972 - INFO - Processing BOSCHLTD
2026-02-02 09:43:53,444 - INFO - Processing COLPAL
2026-02-02 09:43:54,879 - INFO - Processing HCLTECH
2026-02-02 09:43:56,297 - INFO - Processing HDFCBANK
2026-02-02 09:43:57,740 - INFO - Processing HAVELLS
2026-02-02 09:43:58,154 - INFO - Processing HAL
2026-02-02 09:44:00,606 - INFO - Starting main loop iteration
2026-02-02 09:44:01,337 - INFO - Processing BEL
2026-02-02 09:44:02,805 - INFO - Processing BOSCHLTD
2026-02-02 09:44:04,595 - INFO - Processing COLPAL
2026-02-02 09:44:06,043 - INFO - Processing HCLTECH
2026-02-02 09:44:07,510 - INFO - Processing HDFCBANK
2026-02-02 09:44:08,997 - INFO - Processing HAVELLS
2026-02-02 09:44:09,454 - INFO - Processing HAL
2026-02-02 09:44:11,947 - INFO - Starting main loop iteration
2026-02-02 09:44:12,681 - INFO - Processing BEL
2026-02-02 09:44:14,150 - INFO - Processing BOSCHLTD
2026-02-02 09:44:15,620 - INFO - Processing COLPAL
2026-02-02 09:44:17,177 - INFO - Processing HCLTECH
2026-02-02 09:44:18,654 - INFO - SL HIT for HCLTECH
2026-02-02 09:44:18,655 - ERROR - Error in insert_completed_order for HCLTECH: table completed_orders has no column named pl
2026-02-02 09:44:18,655 - ERROR - Order data: {'Name': 'HCLTECH', 'Date': '2026-02-02', 'Entry_time': '09:43:24', 'Entry_price': 1666.7, 'Buy_sell': 'BUY', 'Qty': 1, 'SL': 1663.4, 'tg': 1670.0, 'Exit_time': '09:44:17', 'Exit_price': 1663.4, 'P/L': -3.3, 'Traded': 'yes', 'Remark': 'Bought_SL_hit', 'Entry_orderid': '241260202182905', 'Sl_orderid': '33126020210405'}
2026-02-02 09:44:18,655 - ERROR - Failed to move HCLTECH to completed orders
2026-02-02 09:44:19,633 - INFO - Processing HDFCBANK
2026-02-02 09:44:21,166 - INFO - Processing HAVELLS
2026-02-02 09:44:21,686 - INFO - Processing HAL
2026-02-02 09:44:24,164 - INFO - Starting main loop iteration
2026-02-02 09:44:24,940 - INFO - Processing BEL
2026-02-02 09:44:26,421 - INFO - SL HIT for BEL
2026-02-02 09:44:26,422 - ERROR - Error in insert_completed_order for BEL: table completed_orders has no column named pl
2026-02-02 09:44:26,422 - ERROR - Order data: {'Name': 'BEL', 'Date': '2026-02-02', 'Entry_time': '09:43:01', 'Entry_price': 428.4, 'Buy_sell': 'BUY', 'Qty': 1, 'SL': 427.5, 'tg': 429.3, 'Exit_time': '09:44:24', 'Exit_price': 427.5, 'P/L': -0.9, 'Traded': 'yes', 'Remark': 'Bought_SL_hit', 'Entry_orderid': '221260202168005', 'Sl_orderid': '21126020293405'}
2026-02-02 09:44:26,423 - ERROR - Failed to move BEL to completed orders
2026-02-02 09:44:32,320 - INFO - Processing BOSCHLTD
2026-02-02 09:44:33,815 - INFO - Processing COLPAL
2026-02-02 09:44:35,346 - INFO - Processing HCLTECH
2026-02-02 09:44:35,800 - INFO - BUY signal for HCLTECH
2026-02-02 09:44:35,831 - INFO - Placing entry order for HCLTECH
2026-02-02 09:44:35,969 - ERROR - Error logging order event: no such table: order_logs
2026-02-02 09:44:39,024 - INFO - Entry order executed for HCLTECH at 1665.2
2026-02-02 09:44:39,024 - INFO - Placing SL order for HCLTECH: Entry=1665.2, SL=1661.9, TG=1668.5
2026-02-02 09:44:39,166 - INFO - Stop loss order placed successfully for HCLTECH: OrderID=23126020296305
2026-02-02 09:44:39,167 - ERROR - Error logging order event: no such table: order_logs
2026-02-02 09:44:39,169 - INFO - Updated live order for HCLTECH
2026-02-02 09:44:39,172 - INFO - Successfully saved order for HCLTECH to database
2026-02-02 09:44:41,126 - INFO - Processing HDFCBANK
2026-02-02 09:44:42,579 - INFO - Processing HAVELLS
2026-02-02 09:44:43,068 - INFO - Processing HAL
2026-02-02 09:44:45,474 - INFO - Starting main loop iteration
2026-02-02 09:44:46,198 - INFO - Processing BEL
2026-02-02 09:44:46,706 - INFO - BUY signal for BEL
2026-02-02 09:44:46,741 - INFO - Placing entry order for BEL
2026-02-02 09:44:46,910 - ERROR - Error logging order event: no such table: order_logs
2026-02-02 09:44:49,979 - INFO - Entry order executed for BEL at 427.55
2026-02-02 09:44:49,979 - INFO - Placing SL order for BEL: Entry=427.55, SL=426.7, TG=428.4
2026-02-02 09:44:50,117 - INFO - Stop loss order placed successfully for BEL: OrderID=32126020219335
2026-02-02 09:44:50,119 - ERROR - Error logging order event: no such table: order_logs
2026-02-02 09:44:50,120 - INFO - Updated live order for BEL
2026-02-02 09:44:50,122 - INFO - Successfully saved order for BEL to database
2026-02-02 09:44:52,168 - INFO - Processing BOSCHLTD
2026-02-02 09:44:53,626 - INFO - Processing COLPAL
2026-02-02 09:44:55,067 - INFO - Processing HCLTECH
2026-02-02 09:44:56,514 - INFO - Processing HDFCBANK
2026-02-02 09:44:58,151 - INFO - Processing HAVELLS
2026-02-02 09:44:58,648 - INFO - Processing HAL
2026-02-02 09:45:01,187 - INFO - Starting main loop iteration
2026-02-02 09:45:01,949 - INFO - Processing BEL
2026-02-02 09:45:03,535 - INFO - Processing BOSCHLTD
2026-02-02 09:45:05,184 - INFO - Processing COLPAL
2026-02-02 09:45:06,713 - INFO - Processing HCLTECH
2026-02-02 09:45:08,258 - INFO - Processing HDFCBANK
2026-02-02 09:45:09,805 - INFO - Processing HAVELLS
2026-02-02 09:45:10,278 - INFO - Processing HAL
2026-02-02 09:45:12,737 - INFO - Starting main loop iteration
2026-02-02 09:45:13,512 - INFO - Processing BEL
2026-02-02 09:45:15,129 - INFO - SL HIT for BEL
2026-02-02 09:45:15,131 - ERROR - Error in insert_completed_order for BEL: table completed_orders has no column named pl
2026-02-02 09:45:15,132 - ERROR - Order data: {'Name': 'BEL', 'Date': '2026-02-02', 'Entry_time': '09:44:46', 'Entry_price': 427.55, 'Buy_sell': 'BUY', 'Qty': 1, 'SL': 426.7, 'tg': 428.4, 'Exit_time': '09:45:13', 'Exit_price': 426.7, 'P/L': -0.85, 'Traded': 'yes', 'Remark': 'Bought_SL_hit', 'Entry_orderid': '36126020292305', 'Sl_orderid': '32126020219335'}
2026-02-02 09:45:15,134 - ERROR - Failed to move BEL to completed orders
2026-02-02 09:45:16,077 - INFO - Processing BOSCHLTD
2026-02-02 09:45:17,625 - INFO - Processing COLPAL
2026-02-02 09:45:19,173 - INFO - Processing HCLTECH
2026-02-02 09:45:20,766 - INFO - Processing HDFCBANK
2026-02-02 09:45:22,351 - INFO - Processing HAVELLS
2026-02-02 09:45:22,839 - INFO - Processing HAL
2026-02-02 09:45:25,319 - INFO - Starting main loop iteration
2026-02-02 09:45:26,170 - INFO - Processing BEL
2026-02-02 09:45:26,620 - INFO - BUY signal for BEL
2026-02-02 09:45:26,652 - INFO - Placing entry order for BEL
2026-02-02 09:45:26,780 - ERROR - Error logging order event: no such table: order_logs
2026-02-02 09:45:29,823 - INFO - Entry order executed for BEL at 427.75
2026-02-02 09:45:29,824 - INFO - Placing SL order for BEL: Entry=427.75, SL=426.9, TG=428.6
2026-02-02 09:45:29,971 - INFO - Stop loss order placed successfully for BEL: OrderID=311260202181105
2026-02-02 09:45:29,972 - ERROR - Error logging order event: no such table: order_logs
2026-02-02 09:45:29,973 - INFO - Updated live order for BEL
2026-02-02 09:45:29,976 - INFO - Successfully saved order for BEL to database
2026-02-02 09:45:31,992 - INFO - Processing BOSCHLTD
2026-02-02 09:54:06,216 - INFO - Dhan.py  started system
2026-02-02 09:54:06,217 - INFO - STARTED THE PROGRAM
2026-02-02 09:54:08,372 - INFO - Checking database schema...
2026-02-02 09:54:08,373 - INFO - Existing tables: ['live_trading', 'completed_orders', 'sqlite_sequence', 'live_orders', 'market_data']
2026-02-02 09:54:08,373 - INFO - Creating order_logs table...
2026-02-02 09:54:08,378 - WARNING - Column 'pl' missing in completed_orders, adding it...
2026-02-02 09:54:08,381 - INFO - Successfully added column 'pl' to completed_orders
2026-02-02 09:54:08,382 - INFO - Database schema check completed successfully
2026-02-02 09:54:08,385 - INFO - Cleared all live orders from database
2026-02-02 09:54:08,386 - INFO - ============================================================
2026-02-02 09:54:08,386 - INFO - STARTING TRADING BOT
2026-02-02 09:54:08,386 - INFO - Time: 2026-02-02 09:54:08.386584
2026-02-02 09:54:08,386 - INFO - Watchlist: 18 symbols
2026-02-02 09:54:08,387 - INFO - ============================================================
2026-02-02 09:54:08,388 - INFO - Main loop iteration at 2026-02-02 09:54:08.388169
2026-02-02 09:54:09,806 - INFO - BUY signal detected for BEL
2026-02-02 09:54:13,026 - INFO - Entry order executed for BEL at 429.55
2026-02-02 09:54:13,027 - INFO - Placing SL order for BEL: Entry=429.55, SL=425.3, TG=433.8
2026-02-02 09:54:13,168 - INFO - Stop loss order placed successfully for BEL: OrderID=231260202114505
2026-02-02 09:54:13,174 - INFO - Inserted new live order for BEL
2026-02-02 09:54:13,176 - INFO - Order for BEL saved to database
2026-02-02 09:54:13,176 - INFO - Sending Telegram message: ENTRY: BEL
Price: 429.55
SL: 425.3
TG: 433.8
Time: 2026-02-02 09:54:08.388169...
2026-02-02 09:54:14,140 - INFO - Telegram message sent successfully
2026-02-02 09:54:15,942 - INFO - BUY signal detected for COLPAL
2026-02-02 09:54:19,147 - INFO - Entry order executed for COLPAL at 2129.0
2026-02-02 09:54:19,148 - INFO - Placing SL order for COLPAL: Entry=2129.0, SL=2107.7, TG=2150.3
2026-02-02 09:54:19,289 - INFO - Stop loss order placed successfully for COLPAL: OrderID=231260202114705
2026-02-02 09:54:19,293 - INFO - Inserted new live order for COLPAL
2026-02-02 09:54:19,297 - INFO - Order for COLPAL saved to database
2026-02-02 09:54:19,297 - INFO - Sending Telegram message: ENTRY: COLPAL
Price: 2129.0
SL: 2107.7
TG: 2150.3
Time: 2026-02-02 09:54:08.388169...
2026-02-02 09:54:20,242 - INFO - Telegram message sent successfully
2026-02-02 09:54:21,666 - INFO - BUY signal detected for HCLTECH
2026-02-02 09:54:24,884 - INFO - Entry order executed for HCLTECH at 1674.8
2026-02-02 09:54:24,884 - INFO - Placing SL order for HCLTECH: Entry=1674.8, SL=1658.1, TG=1691.5
2026-02-02 09:54:25,037 - INFO - Stop loss order placed successfully for HCLTECH: OrderID=32126020221375
2026-02-02 09:54:25,041 - INFO - Inserted new live order for HCLTECH
2026-02-02 09:54:25,044 - INFO - Order for HCLTECH saved to database
2026-02-02 09:54:25,045 - INFO - Sending Telegram message: ENTRY: HCLTECH
Price: 1674.8
SL: 1658.1
TG: 1691.5
Time: 2026-02-02 09:54:08.388169...
2026-02-02 09:54:25,977 - INFO - Telegram message sent successfully
2026-02-02 09:54:27,440 - INFO - BUY signal detected for HDFCBANK
2026-02-02 09:54:30,676 - INFO - Entry order executed for HDFCBANK at 929.3
2026-02-02 09:54:30,677 - INFO - Placing SL order for HDFCBANK: Entry=929.3, SL=920.0, TG=938.6
2026-02-02 09:54:30,869 - INFO - Stop loss order placed successfully for HDFCBANK: OrderID=341260202111205
2026-02-02 09:54:30,875 - INFO - Inserted new live order for HDFCBANK
2026-02-02 09:54:30,880 - INFO - Order for HDFCBANK saved to database
2026-02-02 09:54:30,881 - INFO - Sending Telegram message: ENTRY: HDFCBANK
Price: 929.3
SL: 920.0
TG: 938.6
Time: 2026-02-02 09:54:08.388169...
2026-02-02 09:54:31,801 - INFO - Telegram message sent successfully
2026-02-02 09:54:36,257 - INFO - BUY signal detected for MARICO
2026-02-02 09:54:39,523 - INFO - Entry order executed for MARICO at 724.65
2026-02-02 09:54:39,523 - INFO - Placing SL order for MARICO: Entry=724.65, SL=717.4, TG=731.9
2026-02-02 09:54:39,660 - INFO - Stop loss order placed successfully for MARICO: OrderID=231260202115705
2026-02-02 09:54:39,664 - INFO - Inserted new live order for MARICO
2026-02-02 09:54:39,667 - INFO - Order for MARICO saved to database
2026-02-02 09:54:39,667 - INFO - Sending Telegram message: ENTRY: MARICO
Price: 724.65
SL: 717.4
TG: 731.9
Time: 2026-02-02 09:54:08.388169...
2026-02-02 09:54:40,563 - INFO - Telegram message sent successfully
2026-02-02 09:54:42,147 - INFO - BUY signal detected for MARUTI
2026-02-02 09:54:45,444 - INFO - Entry order executed for MARUTI at 14249.0
2026-02-02 09:54:45,444 - INFO - Placing SL order for MARUTI: Entry=14249.0, SL=14106.5, TG=14391.5
2026-02-02 09:54:45,631 - INFO - Stop loss order placed successfully for MARUTI: OrderID=241260202205705
2026-02-02 09:54:45,637 - INFO - Inserted new live order for MARUTI
2026-02-02 09:54:45,640 - INFO - Order for MARUTI saved to database
2026-02-02 09:54:45,641 - INFO - Sending Telegram message: ENTRY: MARUTI
Price: 14249.0
SL: 14106.5
TG: 14391.5
Time: 2026-02-02 09:54:08.388169...
2026-02-02 09:54:46,609 - INFO - Telegram message sent successfully
2026-02-02 09:54:48,042 - INFO - BUY signal detected for NESTLEIND
2026-02-02 09:54:51,274 - INFO - Entry order executed for NESTLEIND at 1289.9
2026-02-02 09:54:51,275 - INFO - Placing SL order for NESTLEIND: Entry=1289.9, SL=1277.0, TG=1302.8
2026-02-02 09:54:51,431 - INFO - Stop loss order placed successfully for NESTLEIND: OrderID=221260202192205
2026-02-02 09:54:51,435 - INFO - Inserted new live order for NESTLEIND
2026-02-02 09:54:51,438 - INFO - Order for NESTLEIND saved to database
2026-02-02 09:54:51,438 - INFO - Sending Telegram message: ENTRY: NESTLEIND
Price: 1289.9
SL: 1277.0
TG: 1302.8
Time: 2026-02-02 09:54:08.388169...
2026-02-02 09:54:52,315 - INFO - Telegram message sent successfully
2026-02-02 09:54:57,025 - INFO - Main loop iteration at 2026-02-02 09:54:57.025299
2026-02-02 09:55:06,610 - INFO - BUY signal detected for IRCTC
2026-02-02 09:55:09,877 - INFO - Entry order executed for IRCTC at 609.7
2026-02-02 09:55:09,877 - INFO - Placing SL order for IRCTC: Entry=609.7, SL=603.6, TG=615.8
2026-02-02 09:55:10,061 - INFO - Stop loss order placed successfully for IRCTC: OrderID=231260202116105
2026-02-02 09:55:10,068 - INFO - Inserted new live order for IRCTC
2026-02-02 09:55:10,071 - INFO - Order for IRCTC saved to database
2026-02-02 09:55:10,072 - INFO - Sending Telegram message: ENTRY: IRCTC
Price: 609.7
SL: 603.6
TG: 615.8
Time: 2026-02-02 09:54:57.025299...
2026-02-02 09:55:21,259 - INFO - Telegram message sent successfully
2026-02-02 09:55:28,146 - INFO - BUY signal detected for PIDILITIND
2026-02-02 09:55:31,382 - INFO - Entry order executed for PIDILITIND at 1416.4
2026-02-02 09:55:31,383 - INFO - Placing SL order for PIDILITIND: Entry=1416.4, SL=1402.2, TG=1430.6
2026-02-02 09:55:31,537 - INFO - Stop loss order placed successfully for PIDILITIND: OrderID=33126020212905
2026-02-02 09:55:31,544 - INFO - Inserted new live order for PIDILITIND
2026-02-02 09:55:31,552 - INFO - Order for PIDILITIND saved to database
2026-02-02 09:55:31,552 - INFO - Sending Telegram message: ENTRY: PIDILITIND
Price: 1416.4
SL: 1402.2
TG: 1430.6
Time: 2026-02-02 09:54:57.025299...
2026-02-02 09:55:32,415 - INFO - Telegram message sent successfully
2026-02-02 09:55:34,854 - INFO - BUY signal detected for WIPRO
2026-02-02 09:55:38,128 - INFO - Entry order executed for WIPRO at 242.2
2026-02-02 09:55:38,130 - INFO - Placing SL order for WIPRO: Entry=242.2, SL=239.8, TG=244.6
2026-02-02 09:55:38,310 - INFO - Stop loss order placed successfully for WIPRO: OrderID=361260202113705
2026-02-02 09:55:38,315 - INFO - Inserted new live order for WIPRO
2026-02-02 09:55:38,319 - INFO - Order for WIPRO saved to database
2026-02-02 09:55:38,319 - INFO - Sending Telegram message: ENTRY: WIPRO
Price: 242.2
SL: 239.8
TG: 244.6
Time: 2026-02-02 09:54:57.025299...
2026-02-02 09:55:39,291 - INFO - Telegram message sent successfully
2026-02-02 09:55:42,357 - INFO - Main loop iteration at 2026-02-02 09:55:42.357578
2026-02-02 09:55:45,347 - INFO - BUY signal detected for BOSCHLTD
2026-02-02 09:55:48,586 - INFO - Entry order executed for BOSCHLTD at 36190.0
2026-02-02 09:55:48,586 - INFO - Placing SL order for BOSCHLTD: Entry=36190.0, SL=35828.1, TG=36551.9
2026-02-02 09:55:48,767 - INFO - Stop loss order placed successfully for BOSCHLTD: OrderID=361260202114005
2026-02-02 09:55:48,772 - INFO - Inserted new live order for BOSCHLTD
2026-02-02 09:55:48,777 - INFO - Order for BOSCHLTD saved to database
2026-02-02 09:55:48,777 - INFO - Sending Telegram message: ENTRY: BOSCHLTD
Price: 36190.0
SL: 35828.1
TG: 36551.9
Time: 2026-02-02 09:55:42.357578...
2026-02-02 09:55:49,718 - INFO - Telegram message sent successfully
2026-02-02 09:56:09,720 - INFO - Main loop iteration at 2026-02-02 09:56:09.720679
2026-02-02 09:56:32,366 - INFO - Main loop iteration at 2026-02-02 09:56:32.366981
2026-02-02 09:56:54,033 - INFO - Main loop iteration at 2026-02-02 09:56:54.033238
2026-02-02 09:57:16,333 - INFO - Main loop iteration at 2026-02-02 09:57:16.333107
2026-02-02 09:57:40,580 - INFO - Main loop iteration at 2026-02-02 09:57:40.580819
2026-02-02 09:58:03,253 - INFO - Main loop iteration at 2026-02-02 09:58:03.253452
2026-02-02 09:58:06,368 - INFO - SL HIT for BEL
2026-02-02 09:58:06,368 - INFO - Moving BEL to completed orders
2026-02-02 09:58:06,371 - INFO - Successfully moved BEL to completed orders
2026-02-02 09:58:06,371 - INFO - BEL moved to completed orders (SL)
2026-02-02 09:58:06,372 - INFO - Sending Telegram message: SL HIT: BEL
Entry: 429.55
Exit: 425.3
P/L: -4.25
Time: 2026-02-02 09:58:03.253452...
2026-02-02 09:58:07,328 - INFO - Telegram message sent successfully
2026-02-02 09:58:29,428 - INFO - Main loop iteration at 2026-02-02 09:58:29.428982
2026-02-02 09:58:31,194 - INFO - BUY signal detected for BEL
2026-02-02 09:58:34,470 - INFO - Entry order executed for BEL at 425.65
2026-02-02 09:58:34,470 - INFO - Placing SL order for BEL: Entry=425.65, SL=421.4, TG=429.9
2026-02-02 09:58:34,637 - INFO - Stop loss order placed successfully for BEL: OrderID=221260202198005
2026-02-02 09:58:34,642 - INFO - Inserted new live order for BEL
2026-02-02 09:58:34,645 - INFO - Order for BEL saved to database
2026-02-02 09:58:34,645 - INFO - Sending Telegram message: ENTRY: BEL
Price: 425.65
SL: 421.4
TG: 429.9
Time: 2026-02-02 09:58:29.428982...
2026-02-02 09:58:35,600 - INFO - Telegram message sent successfully
2026-02-02 09:58:58,882 - INFO - Main loop iteration at 2026-02-02 09:58:58.882262
2026-02-02 09:59:22,027 - INFO - Main loop iteration at 2026-02-02 09:59:22.027279
2026-02-02 09:59:45,967 - INFO - Main loop iteration at 2026-02-02 09:59:45.967685
2026-02-02 10:00:09,851 - INFO - Main loop iteration at 2026-02-02 10:00:09.851618
2026-02-02 10:00:22,694 - INFO - BUY signal detected for LTIM
2026-02-02 10:00:22,730 - WARNING - Insufficient margin for LTIM: 729.66 < 1342.3333333333333
2026-02-02 10:00:33,616 - INFO - Main loop iteration at 2026-02-02 10:00:33.616763
2026-02-02 10:00:46,652 - INFO - BUY signal detected for LTIM
2026-02-02 10:00:46,686 - WARNING - Insufficient margin for LTIM: 698.46 < 1342.3333333333333
2026-02-02 10:00:57,278 - INFO - Main loop iteration at 2026-02-02 10:00:57.278457
2026-02-02 10:01:10,314 - INFO - BUY signal detected for LTIM
2026-02-02 10:01:10,348 - WARNING - Insufficient margin for LTIM: 703.69 < 1342.3333333333333
2026-02-02 10:01:21,677 - INFO - Main loop iteration at 2026-02-02 10:01:21.677198
2026-02-02 10:01:35,090 - INFO - BUY signal detected for LTIM
2026-02-02 10:01:35,126 - WARNING - Insufficient margin for LTIM: 699.59 < 1342.3333333333333
2026-02-02 10:01:45,824 - INFO - Main loop iteration at 2026-02-02 10:01:45.824427
2026-02-02 10:01:58,707 - INFO - BUY signal detected for LTIM
2026-02-02 10:02:01,925 - INFO - Entry order executed for LTIM at 6043.0
2026-02-02 10:02:01,925 - INFO - Placing SL order for LTIM: Entry=6043.0, SL=5982.6, TG=6103.4
2026-02-02 10:02:02,061 - INFO - Stop loss order placed successfully for LTIM: OrderID=341260202124705
2026-02-02 10:02:02,066 - INFO - Inserted new live order for LTIM
2026-02-02 10:02:02,069 - INFO - Order for LTIM saved to database
2026-02-02 10:02:02,069 - INFO - Sending Telegram message: ENTRY: LTIM
Price: 6043.0
SL: 5982.6
TG: 6103.4
Time: 2026-02-02 10:01:45.824427...
2026-02-02 10:02:03,030 - INFO - Telegram message sent successfully
2026-02-02 10:02:10,551 - INFO - Keyboard interrupt received, shutting down...
2026-02-02 10:02:10,553 - INFO - Updated live order for BEL
2026-02-02 10:02:10,558 - INFO - Updated live order for BOSCHLTD
2026-02-02 10:02:10,563 - INFO - Updated live order for COLPAL
2026-02-02 10:02:10,568 - INFO - Updated live order for HCLTECH
2026-02-02 10:02:10,572 - INFO - Updated live order for HDFCBANK
2026-02-02 10:02:10,577 - INFO - Updated live order for IRCTC
2026-02-02 10:02:10,581 - INFO - Updated live order for LTIM
2026-02-02 10:02:10,584 - INFO - Updated live order for MARICO
2026-02-02 10:02:10,587 - INFO - Updated live order for MARUTI
2026-02-02 10:02:10,591 - INFO - Updated live order for NESTLEIND
2026-02-02 10:02:10,595 - INFO - Updated live order for PIDILITIND
2026-02-02 10:02:10,598 - INFO - Updated live order for WIPRO
2026-02-02 10:02:10,602 - INFO - Moving BEL to completed orders
2026-02-02 10:02:10,605 - INFO - Successfully moved BEL to completed orders
2026-02-02 10:02:10,606 - INFO - Database connection closed
2026-02-02 10:02:10,606 - INFO - Bot shutdown complete
2026-02-02 10:25:39,841 - INFO - Dhan.py  started system
2026-02-02 10:25:39,841 - INFO - STARTED THE PROGRAM
2026-02-02 10:25:42,021 - INFO - Checking database schema...
2026-02-02 10:25:42,023 - INFO - Existing tables: ['live_trading', 'completed_orders', 'sqlite_sequence', 'live_orders', 'market_data', 'order_logs']
2026-02-02 10:25:42,023 - INFO - Creating trailing_sl_logs table...
2026-02-02 10:25:42,027 - WARNING - Column 'is_trailing' missing in live_orders, adding it...
2026-02-02 10:25:42,032 - INFO - Successfully added column 'is_trailing' to live_orders
2026-02-02 10:25:42,032 - WARNING - Column 'highest_price' missing in live_orders, adding it...
2026-02-02 10:25:42,036 - INFO - Successfully added column 'highest_price' to live_orders
2026-02-02 10:25:42,037 - WARNING - Column 'is_trailing' missing in completed_orders, adding it...
2026-02-02 10:25:42,040 - INFO - Successfully added column 'is_trailing' to completed_orders
2026-02-02 10:25:42,041 - WARNING - Column 'highest_price' missing in completed_orders, adding it...
2026-02-02 10:25:42,048 - INFO - Successfully added column 'highest_price' to completed_orders
2026-02-02 10:25:42,048 - INFO - Database schema check completed successfully
2026-02-02 10:25:42,054 - INFO - Cleared all live orders from database
2026-02-02 10:25:42,055 - INFO - ============================================================
2026-02-02 10:25:42,055 - INFO - STARTING TRADING BOT WITH TRAILING STOP LOSS
2026-02-02 10:25:42,056 - INFO - Time: 2026-02-02 10:25:42.056364
2026-02-02 10:25:42,056 - INFO - Trailing SL Enabled: True
2026-02-02 10:25:42,056 - INFO - Trail Percentage: 0.2%
2026-02-02 10:25:42,057 - INFO - Fixed SL Percentage: 0.2%
2026-02-02 10:25:42,057 - INFO - Watchlist: 6 symbols
2026-02-02 10:25:42,058 - INFO - ============================================================
2026-02-02 10:25:42,058 - INFO - Sending Telegram: 🤖 TRADING BOT STARTED
Time: 2026-02-02 10:25:42
Trailing SL: ENABLED
Trail %: 0.2%
Symbols: 6...
2026-02-02 10:25:46,551 - ERROR - Telegram API error: 403 - {"ok":false,"error_code":403,"description":"Forbidden: bots can't send messages to bots"}
2026-02-02 10:25:47,658 - INFO - BUY signal detected for BEL
2026-02-02 10:25:50,919 - INFO - Placing INITIAL trailing SL for BEL: Entry=425.55, Initial SL=424.7
2026-02-02 10:25:51,070 - INFO - Stop loss order placed successfully for BEL: OrderID=32126020228245
2026-02-02 10:25:51,076 - INFO - Entry order executed for BEL at 425.55
2026-02-02 10:25:51,078 - INFO - Inserted new live order for BEL
2026-02-02 10:25:51,081 - INFO - Order for BEL saved to database
2026-02-02 10:25:51,082 - INFO - Sending Telegram: [ENTRY] ENTRY: BEL
Price: ₹425.55
Stop Loss: ₹424.7 (TRAILING)
Target: ₹426.4
SL %: 0.2%
Time: 10:25...
2026-02-02 10:25:52,037 - ERROR - Telegram API error: 403 - {"ok":false,"error_code":403,"description":"Forbidden: bots can't send messages to bots"}
2026-02-02 10:25:53,998 - INFO - BUY signal detected for COLPAL
2026-02-02 10:25:57,246 - INFO - Placing INITIAL trailing SL for COLPAL: Entry=2105.2, Initial SL=2101.0
2026-02-02 10:25:57,390 - INFO - Stop loss order placed successfully for COLPAL: OrderID=341260202156405
2026-02-02 10:25:57,410 - INFO - Entry order executed for COLPAL at 2105.2
2026-02-02 10:25:57,412 - INFO - Inserted new live order for COLPAL
2026-02-02 10:25:57,427 - INFO - Order for COLPAL saved to database
2026-02-02 10:25:57,427 - INFO - Sending Telegram: [ENTRY] ENTRY: COLPAL
Price: ₹2105.2
Stop Loss: ₹2101.0 (TRAILING)
Target: ₹2109.4
SL %: 0.2%
Time: ...
2026-02-02 10:25:58,403 - ERROR - Telegram API error: 403 - {"ok":false,"error_code":403,"description":"Forbidden: bots can't send messages to bots"}
2026-02-02 10:25:58,917 - INFO - Updating trailing SL for COLPAL: 2101.0 -> 2101.2
2026-02-02 10:25:58,976 - INFO - Cancelled old SL order 341260202156405 for COLPAL
2026-02-02 10:26:00,156 - INFO - Updated live order for COLPAL
2026-02-02 10:26:00,192 - INFO - Sending Telegram: [TRAIL] TRAILING SL UPDATED: COLPAL
Current Price: 2105.4
Highest Price: 2105.4
New Stop Loss: 2101....
2026-02-02 10:26:01,147 - ERROR - Telegram API error: 403 - {"ok":false,"error_code":403,"description":"Forbidden: bots can't send messages to bots"}
2026-02-02 10:26:02,632 - INFO - BUY signal detected for HCLTECH
2026-02-02 10:26:05,873 - INFO - Placing INITIAL trailing SL for HCLTECH: Entry=1671.1, Initial SL=1667.8
2026-02-02 10:26:06,022 - INFO - Stop loss order placed successfully for HCLTECH: OrderID=231260202157705
2026-02-02 10:26:06,036 - INFO - Entry order executed for HCLTECH at 1671.1
2026-02-02 10:26:06,038 - INFO - Inserted new live order for HCLTECH
2026-02-02 10:26:06,053 - INFO - Order for HCLTECH saved to database
2026-02-02 10:26:06,053 - INFO - Sending Telegram: [ENTRY] ENTRY: HCLTECH
Price: ₹1671.1
Stop Loss: ₹1667.8 (TRAILING)
Target: ₹1674.4
SL %: 0.2%
Time:...
2026-02-02 10:26:07,030 - ERROR - Telegram API error: 403 - {"ok":false,"error_code":403,"description":"Forbidden: bots can't send messages to bots"}
2026-02-02 10:26:07,540 - INFO - Updating trailing SL for HCLTECH: 1667.8 -> 1668.0
2026-02-02 10:26:07,598 - INFO - Cancelled old SL order 231260202157705 for HCLTECH
2026-02-02 10:26:08,787 - INFO - Updated live order for HCLTECH
2026-02-02 10:26:08,823 - INFO - Sending Telegram: [TRAIL] TRAILING SL UPDATED: HCLTECH
Current Price: 1671.3
Highest Price: 1671.3
New Stop Loss: 1668...
2026-02-02 10:26:09,683 - ERROR - Telegram API error: 403 - {"ok":false,"error_code":403,"description":"Forbidden: bots can't send messages to bots"}
2026-02-02 10:26:11,318 - INFO - BUY signal detected for HDFCBANK
2026-02-02 10:26:14,541 - INFO - Placing INITIAL trailing SL for HDFCBANK: Entry=926.55, Initial SL=924.7
2026-02-02 10:26:14,690 - INFO - Stop loss order placed successfully for HDFCBANK: OrderID=361260202155205
2026-02-02 10:26:14,699 - INFO - Entry order executed for HDFCBANK at 926.55
2026-02-02 10:26:14,701 - INFO - Inserted new live order for HDFCBANK
2026-02-02 10:26:14,710 - INFO - Order for HDFCBANK saved to database
2026-02-02 10:26:14,710 - INFO - Sending Telegram: [ENTRY] ENTRY: HDFCBANK
Price: ₹926.55
Stop Loss: ₹924.7 (TRAILING)
Target: ₹928.4
SL %: 0.2%
Time: ...
2026-02-02 10:26:15,610 - ERROR - Telegram API error: 403 - {"ok":false,"error_code":403,"description":"Forbidden: bots can't send messages to bots"}
2026-02-02 10:26:21,289 - INFO - Updating trailing SL for BEL: 424.7 -> 425.0
2026-02-02 10:26:21,352 - INFO - Cancelled old SL order 32126020228245 for BEL
2026-02-02 10:26:22,720 - INFO - Updated live order for BEL
2026-02-02 10:26:22,738 - INFO - Sending Telegram: [TRAIL] TRAILING SL UPDATED: BEL
Current Price: 425.85
Highest Price: 425.85
New Stop Loss: 425.0
Pr...
2026-02-02 10:26:23,696 - ERROR - Telegram API error: 403 - {"ok":false,"error_code":403,"description":"Forbidden: bots can't send messages to bots"}
2026-02-02 10:26:33,176 - INFO - Updating trailing SL for BEL: 425.0 -> 425.3
2026-02-02 10:26:33,240 - INFO - Cancelled old SL order 221260202255605 for BEL
2026-02-02 10:26:34,438 - INFO - Updated live order for BEL
2026-02-02 10:26:34,451 - INFO - Sending Telegram: [TRAIL] TRAILING SL UPDATED: BEL
Current Price: 426.2
Highest Price: 426.2
New Stop Loss: 425.3
Prof...
2026-02-02 10:26:35,358 - ERROR - Telegram API error: 403 - {"ok":false,"error_code":403,"description":"Forbidden: bots can't send messages to bots"}
2026-02-02 10:26:38,290 - INFO - Updating trailing SL for HCLTECH: 1668.0 -> 1669.1
2026-02-02 10:26:38,349 - INFO - Cancelled old SL order 311260202266205 for HCLTECH
2026-02-02 10:26:39,548 - INFO - Updated live order for HCLTECH
2026-02-02 10:26:39,561 - INFO - Sending Telegram: [TRAIL] TRAILING SL UPDATED: HCLTECH
Current Price: 1672.4
Highest Price: 1672.4
New Stop Loss: 1669...
2026-02-02 10:26:40,512 - ERROR - Telegram API error: 403 - {"ok":false,"error_code":403,"description":"Forbidden: bots can't send messages to bots"}
2026-02-02 10:26:42,124 - INFO - Updating trailing SL for HDFCBANK: 924.7 -> 925.3
2026-02-02 10:26:42,177 - INFO - Cancelled old SL order 361260202155205 for HDFCBANK
2026-02-02 10:26:43,451 - INFO - Updated live order for HDFCBANK
2026-02-02 10:26:43,464 - INFO - Sending Telegram: [TRAIL] TRAILING SL UPDATED: HDFCBANK
Current Price: 927.2
Highest Price: 927.2
New Stop Loss: 925.3...
2026-02-02 10:26:44,383 - ERROR - Telegram API error: 403 - {"ok":false,"error_code":403,"description":"Forbidden: bots can't send messages to bots"}
2026-02-02 10:26:50,121 - INFO - Updating trailing SL for BEL: 425.3 -> 425.4
2026-02-02 10:26:50,194 - INFO - Cancelled old SL order 32126020228325 for BEL
2026-02-02 10:26:51,584 - INFO - Updated live order for BEL
2026-02-02 10:26:51,609 - INFO - Sending Telegram: [TRAIL] TRAILING SL UPDATED: BEL
Current Price: 426.25
Highest Price: 426.25
New Stop Loss: 425.4
Pr...
2026-02-02 10:26:52,461 - ERROR - Telegram API error: 403 - {"ok":false,"error_code":403,"description":"Forbidden: bots can't send messages to bots"}
2026-02-02 10:26:54,185 - INFO - Updating trailing SL for COLPAL: 2101.2 -> 2101.8
2026-02-02 10:26:54,240 - INFO - Cancelled old SL order 351260202157405 for COLPAL
2026-02-02 10:26:55,622 - INFO - Updated live order for COLPAL
2026-02-02 10:26:55,646 - INFO - Sending Telegram: [TRAIL] TRAILING SL UPDATED: COLPAL
Current Price: 2106.0
Highest Price: 2106.0
New Stop Loss: 2101....
2026-02-02 10:26:56,696 - ERROR - Telegram API error: 403 - {"ok":false,"error_code":403,"description":"Forbidden: bots can't send messages to bots"}
2026-02-02 10:26:58,432 - INFO - Updating trailing SL for HCLTECH: 1669.1 -> 1669.2
2026-02-02 10:26:58,493 - INFO - Cancelled old SL order 241260202268805 for HCLTECH
2026-02-02 10:26:59,765 - INFO - Updated live order for HCLTECH
2026-02-02 10:26:59,778 - INFO - Sending Telegram: [TRAIL] TRAILING SL UPDATED: HCLTECH
Current Price: 1672.5
Highest Price: 1672.5
New Stop Loss: 1669...
2026-02-02 10:27:00,718 - ERROR - Telegram API error: 403 - {"ok":false,"error_code":403,"description":"Forbidden: bots can't send messages to bots"}
2026-02-02 10:27:02,424 - INFO - Updating trailing SL for HDFCBANK: 925.3 -> 925.6
2026-02-02 10:27:02,474 - INFO - Cancelled old SL order 311260202267205 for HDFCBANK
2026-02-02 10:27:03,829 - INFO - Updated live order for HDFCBANK
2026-02-02 10:27:03,851 - INFO - Sending Telegram: [TRAIL] TRAILING SL UPDATED: HDFCBANK
Current Price: 927.45
Highest Price: 927.45
New Stop Loss: 925...
2026-02-02 10:27:04,847 - ERROR - Telegram API error: 403 - {"ok":false,"error_code":403,"description":"Forbidden: bots can't send messages to bots"}
2026-02-02 10:27:11,785 - INFO - Updating trailing SL for COLPAL: 2101.8 -> 2102.4
2026-02-02 10:27:11,841 - INFO - Cancelled old SL order 311260202267505 for COLPAL
2026-02-02 10:27:13,003 - INFO - Updated live order for COLPAL
2026-02-02 10:27:13,012 - INFO - Sending Telegram: [TRAIL] TRAILING SL UPDATED: COLPAL
Current Price: 2106.6
Highest Price: 2106.6
New Stop Loss: 2102....
2026-02-02 10:27:13,944 - ERROR - Telegram API error: 403 - {"ok":false,"error_code":403,"description":"Forbidden: bots can't send messages to bots"}
2026-02-02 10:27:27,105 - INFO - Updating trailing SL for HDFCBANK: 925.6 -> 925.7
2026-02-02 10:27:27,161 - INFO - Cancelled old SL order 361260202156205 for HDFCBANK
2026-02-02 10:27:28,331 - INFO - Updated live order for HDFCBANK
2026-02-02 10:27:28,341 - INFO - Sending Telegram: [TRAIL] TRAILING SL UPDATED: HDFCBANK
Current Price: 927.55
Highest Price: 927.55
New Stop Loss: 925...
2026-02-02 10:27:29,248 - ERROR - Telegram API error: 403 - {"ok":false,"error_code":403,"description":"Forbidden: bots can't send messages to bots"}
2026-02-02 10:27:36,798 - INFO - Updating trailing SL for COLPAL: 2102.4 -> 2104.2
2026-02-02 10:27:36,857 - INFO - Cancelled old SL order 211260202169805 for COLPAL
2026-02-02 10:27:37,998 - INFO - Updated live order for COLPAL
2026-02-02 10:27:38,007 - INFO - Sending Telegram: [TRAIL] TRAILING SL UPDATED: COLPAL
Current Price: 2108.4
Highest Price: 2108.4
New Stop Loss: 2104....
2026-02-02 10:27:38,930 - ERROR - Telegram API error: 403 - {"ok":false,"error_code":403,"description":"Forbidden: bots can't send messages to bots"}
2026-02-02 10:27:40,403 - INFO - Updating trailing SL for HCLTECH: 1669.2 -> 1669.7
2026-02-02 10:27:40,458 - INFO - Cancelled old SL order 32126020228395 for HCLTECH
2026-02-02 10:27:41,588 - INFO - Updated live order for HCLTECH
2026-02-02 10:27:41,596 - INFO - Sending Telegram: [TRAIL] TRAILING SL UPDATED: HCLTECH
Current Price: 1673.0
Highest Price: 1673.0
New Stop Loss: 1669...
2026-02-02 10:27:42,495 - ERROR - Telegram API error: 403 - {"ok":false,"error_code":403,"description":"Forbidden: bots can't send messages to bots"}
2026-02-02 10:27:43,936 - INFO - Updating trailing SL for HDFCBANK: 925.7 -> 926.4
2026-02-02 10:27:43,985 - INFO - Cancelled old SL order 311260202268305 for HDFCBANK
2026-02-02 10:27:45,144 - INFO - Updated live order for HDFCBANK
2026-02-02 10:27:45,154 - INFO - Sending Telegram: [TRAIL] TRAILING SL UPDATED: HDFCBANK
Current Price: 928.25
Highest Price: 928.25
New Stop Loss: 926...
2026-02-02 10:27:46,015 - ERROR - Telegram API error: 403 - {"ok":false,"error_code":403,"description":"Forbidden: bots can't send messages to bots"}
2026-02-02 10:28:01,704 - INFO - Updating trailing SL for BEL: 425.4 -> 425.5
2026-02-02 10:28:01,762 - INFO - Cancelled old SL order 211260202169205 for BEL
2026-02-02 10:28:03,029 - INFO - Updated live order for BEL
2026-02-02 10:28:03,042 - INFO - Sending Telegram: [TRAIL] TRAILING SL UPDATED: BEL
Current Price: 426.35
Highest Price: 426.35
New Stop Loss: 425.5
Pr...
2026-02-02 10:28:03,969 - ERROR - Telegram API error: 403 - {"ok":false,"error_code":403,"description":"Forbidden: bots can't send messages to bots"}
2026-02-02 10:28:05,735 - INFO - Updating trailing SL for COLPAL: 2104.2 -> 2104.4
2026-02-02 10:28:05,805 - INFO - Cancelled old SL order 361260202156605 for COLPAL
2026-02-02 10:28:07,055 - INFO - Updated live order for COLPAL
2026-02-02 10:28:07,067 - INFO - Sending Telegram: [TRAIL] TRAILING SL UPDATED: COLPAL
Current Price: 2108.6
Highest Price: 2108.6
New Stop Loss: 2104....
2026-02-02 10:28:07,932 - ERROR - Telegram API error: 403 - {"ok":false,"error_code":403,"description":"Forbidden: bots can't send messages to bots"}
2026-02-02 10:28:13,552 - INFO - Updated live order for BEL
2026-02-02 10:28:13,557 - INFO - Updated live order for COLPAL
2026-02-02 10:28:13,561 - INFO - Updated live order for HCLTECH
2026-02-02 10:28:13,565 - INFO - Updated live order for HDFCBANK
2026-02-02 10:28:41,499 - INFO - SL HIT for BEL
2026-02-02 10:28:42,540 - INFO - Moving BEL to completed orders
2026-02-02 10:28:42,547 - INFO - Successfully moved BEL to completed orders
2026-02-02 10:28:42,547 - INFO - BEL moved to completed orders (SL)
2026-02-02 10:28:42,548 - INFO - Sending Telegram: [SL] TRAILING SL HIT: BEL
Entry: ₹425.55
Exit: ₹425.45
P&L: ₹-0.10 (-0.02%)
Highest: ₹426.35
Time: 1...
2026-02-02 10:28:43,480 - ERROR - Telegram API error: 403 - {"ok":false,"error_code":403,"description":"Forbidden: bots can't send messages to bots"}
2026-02-02 10:28:54,618 - INFO - BUY signal detected for BEL
2026-02-02 10:28:57,957 - INFO - Placing INITIAL trailing SL for BEL: Entry=425.4, Initial SL=424.5
2026-02-02 10:28:58,127 - INFO - Stop loss order placed successfully for BEL: OrderID=33126020217535
2026-02-02 10:28:58,131 - INFO - Entry order executed for BEL at 425.4
2026-02-02 10:28:58,132 - INFO - Inserted new live order for BEL
2026-02-02 10:28:58,135 - INFO - Order for BEL saved to database
2026-02-02 10:28:58,136 - INFO - Sending Telegram: [ENTRY] ENTRY: BEL
Price: ₹425.4
Stop Loss: ₹424.5 (TRAILING)
Target: ₹426.3
SL %: 0.2%
Time: 10:28:...
2026-02-02 10:28:59,088 - ERROR - Telegram API error: 403 - {"ok":false,"error_code":403,"description":"Forbidden: bots can't send messages to bots"}
2026-02-02 10:28:59,593 - INFO - Updating trailing SL for BEL: 424.5 -> 424.6
2026-02-02 10:28:59,646 - INFO - Cancelled old SL order 33126020217535 for BEL
2026-02-02 10:29:00,831 - INFO - Updated live order for BEL
2026-02-02 10:29:00,839 - INFO - Sending Telegram: [TRAIL] TRAILING SL UPDATED: BEL
Current Price: 425.5
Highest Price: 425.5
New Stop Loss: 424.6
Prof...
2026-02-02 10:29:01,713 - ERROR - Telegram API error: 403 - {"ok":false,"error_code":403,"description":"Forbidden: bots can't send messages to bots"}
2026-02-02 10:30:08,897 - INFO - SL HIT for BEL
2026-02-02 10:30:09,952 - INFO - Moving BEL to completed orders
2026-02-02 10:30:09,956 - INFO - Successfully moved BEL to completed orders
2026-02-02 10:30:09,957 - INFO - BEL moved to completed orders (SL)
2026-02-02 10:30:09,958 - INFO - Sending Telegram: [SL] TRAILING SL HIT: BEL
Entry: ₹425.4
Exit: ₹424.4
P&L: ₹-1.00 (-0.24%)
Highest: ₹425.5
Time: 10:3...
2026-02-02 10:30:10,894 - ERROR - Telegram API error: 403 - {"ok":false,"error_code":403,"description":"Forbidden: bots can't send messages to bots"}
2026-02-02 10:30:22,523 - INFO - Updating trailing SL for COLPAL: 2104.4 -> 2104.6
2026-02-02 10:30:22,587 - INFO - Cancelled old SL order 361260202157205 for COLPAL
2026-02-02 10:30:23,848 - INFO - Updated live order for COLPAL
2026-02-02 10:30:23,861 - INFO - Sending Telegram: [TRAIL] TRAILING SL UPDATED: COLPAL
Current Price: 2108.8
Highest Price: 2108.8
New Stop Loss: 2104....
2026-02-02 10:30:24,770 - ERROR - Telegram API error: 403 - {"ok":false,"error_code":403,"description":"Forbidden: bots can't send messages to bots"}
2026-02-02 10:30:37,936 - INFO - Updating trailing SL for HCLTECH: 1669.7 -> 1671.7
2026-02-02 10:30:38,000 - INFO - Cancelled old SL order 33126020217385 for HCLTECH
2026-02-02 10:30:39,266 - INFO - Updated live order for HCLTECH
2026-02-02 10:30:39,280 - INFO - Sending Telegram: [TRAIL] TRAILING SL UPDATED: HCLTECH
Current Price: 1675.0
Highest Price: 1675.0
New Stop Loss: 1671...
2026-02-02 10:30:40,230 - ERROR - Telegram API error: 403 - {"ok":false,"error_code":403,"description":"Forbidden: bots can't send messages to bots"}
2026-02-02 10:30:41,290 - INFO - TG HIT for HCLTECH
2026-02-02 10:30:44,688 - INFO - Moving HCLTECH to completed orders
2026-02-02 10:30:44,762 - INFO - Successfully moved HCLTECH to completed orders
2026-02-02 10:30:44,762 - INFO - HCLTECH moved to completed orders (TG)
2026-02-02 10:30:44,762 - INFO - Sending Telegram: [TG] TARGET HIT with Trailing SL: HCLTECH
Entry: ₹1671.1
Exit: ₹1674.7
P&L: ₹3.60 (0.22%)
Highest: ₹...
2026-02-02 10:30:45,649 - ERROR - Telegram API error: 403 - {"ok":false,"error_code":403,"description":"Forbidden: bots can't send messages to bots"}
2026-02-02 10:30:52,733 - INFO - Updating trailing SL for COLPAL: 2104.6 -> 2104.7
2026-02-02 10:30:52,786 - INFO - Cancelled old SL order 241260202273705 for COLPAL
2026-02-02 10:30:53,955 - INFO - Updated live order for COLPAL
2026-02-02 10:30:53,965 - INFO - Sending Telegram: [TRAIL] TRAILING SL UPDATED: COLPAL
Current Price: 2108.9
Highest Price: 2108.9
New Stop Loss: 2104....
2026-02-02 10:31:03,993 - INFO - Keyboard interrupt received, shutting down...
2026-02-02 10:31:03,998 - INFO - Updated live order for COLPAL
2026-02-02 10:31:04,004 - INFO - Updated live order for HDFCBANK
2026-02-02 10:31:04,012 - INFO - Moving BEL to completed orders
2026-02-02 10:31:04,021 - INFO - Successfully moved BEL to completed orders
2026-02-02 10:31:04,022 - INFO - Moving BEL to completed orders
2026-02-02 10:31:04,030 - INFO - Successfully moved BEL to completed orders
2026-02-02 10:31:04,031 - INFO - Moving HCLTECH to completed orders
2026-02-02 10:31:04,039 - INFO - Successfully moved HCLTECH to completed orders
2026-02-02 10:31:04,039 - INFO - Sending Telegram: 🛑 BOT MANUALLY STOPPED
Time: 10:31:04
Live Orders: 2
Data saved to database...
2026-02-02 10:31:04,943 - ERROR - Telegram API error: 403 - {"ok":false,"error_code":403,"description":"Forbidden: bots can't send messages to bots"}
2026-02-02 10:31:04,945 - INFO - Database connection closed
2026-02-02 10:31:04,945 - INFO - Bot shutdown complete
2026-02-02 10:42:47,626 - INFO - Dhan.py  started system
2026-02-02 10:42:47,627 - INFO - STARTED THE PROGRAM
2026-02-02 10:42:49,710 - INFO - Checking database schema...
2026-02-02 10:42:49,711 - INFO - Existing tables: ['live_trading', 'completed_orders', 'sqlite_sequence', 'live_orders', 'market_data', 'order_logs', 'trailing_sl_logs']
2026-02-02 10:42:49,712 - INFO - Database schema check completed successfully
2026-02-02 10:42:49,717 - INFO - Cleared all live orders from database
2026-02-02 10:42:49,717 - INFO - ============================================================
2026-02-02 10:42:49,717 - INFO - STARTING TRADING BOT WITH TRAILING STOP LOSS
2026-02-02 10:42:49,717 - INFO - Time: 2026-02-02 10:42:49.717124
2026-02-02 10:42:49,717 - INFO - Trailing SL Enabled: True
2026-02-02 10:42:49,718 - INFO - Trail Percentage: 0.5%
2026-02-02 10:42:49,718 - INFO - Fixed SL Percentage: 0.5%
2026-02-02 10:42:49,718 - INFO - Watchlist: 3 symbols
2026-02-02 10:42:49,718 - INFO - ============================================================
2026-02-02 10:42:49,719 - INFO - Sending Telegram: 🤖 TRADING BOT STARTED
Time: 2026-02-02 10:42:49
Trailing SL: ENABLED
Trail %: 0.5%
Symbols: 3...
2026-02-02 10:42:50,735 - INFO - Telegram message sent successfully
2026-02-02 10:43:52,638 - INFO - Keyboard interrupt received, shutting down...
2026-02-02 10:43:52,638 - INFO - Sending Telegram: 🛑 BOT MANUALLY STOPPED
Time: 10:43:52
Live Orders: 0
Data saved to database...
2026-02-02 10:44:04,955 - INFO - Dhan.py  started system
2026-02-02 10:44:04,955 - INFO - STARTED THE PROGRAM
2026-02-02 10:44:07,244 - INFO - Checking database schema...
2026-02-02 10:44:07,245 - INFO - Existing tables: ['live_trading', 'completed_orders', 'sqlite_sequence', 'live_orders', 'market_data', 'order_logs', 'trailing_sl_logs']
2026-02-02 10:44:07,246 - INFO - Database schema check completed successfully
2026-02-02 10:44:07,252 - INFO - Cleared all live orders from database
2026-02-02 10:44:07,252 - INFO - ============================================================
2026-02-02 10:44:07,253 - INFO - STARTING TRADING BOT WITH TRAILING STOP LOSS
2026-02-02 10:44:07,253 - INFO - Time: 2026-02-02 10:44:07.253809
2026-02-02 10:44:07,253 - INFO - Trailing SL Enabled: True
2026-02-02 10:44:07,254 - INFO - Trail Percentage: 0.5%
2026-02-02 10:44:07,254 - INFO - Fixed SL Percentage: 0.5%
2026-02-02 10:44:07,254 - INFO - Watchlist: 3 symbols
2026-02-02 10:44:07,255 - INFO - ============================================================
2026-02-02 10:44:07,255 - INFO - Sending Telegram: 🤖 TRADING BOT STARTED
Time: 2026-02-02 10:44:07
Trailing SL: ENABLED
Trail %: 0.5%
Symbols: 3...
2026-02-02 10:44:18,179 - INFO - Telegram message sent successfully
2026-02-02 10:45:04,521 - INFO - Keyboard interrupt received, shutting down...
2026-02-02 10:45:04,522 - INFO - Sending Telegram: 🛑 BOT MANUALLY STOPPED
Time: 10:45:04
Live Orders: 0
Data saved to database...
2026-02-02 10:45:33,450 - INFO - Dhan.py  started system
2026-02-02 10:45:33,450 - INFO - STARTED THE PROGRAM
2026-02-02 10:45:35,571 - INFO - Checking database schema...
2026-02-02 10:45:35,572 - INFO - Existing tables: ['live_trading', 'completed_orders', 'sqlite_sequence', 'live_orders', 'market_data', 'order_logs', 'trailing_sl_logs']
2026-02-02 10:45:35,573 - INFO - Database schema check completed successfully
2026-02-02 10:45:35,580 - INFO - Cleared all live orders from database
2026-02-02 10:45:35,580 - INFO - ============================================================
2026-02-02 10:45:35,581 - INFO - STARTING TRADING BOT WITH TRAILING STOP LOSS
2026-02-02 10:45:35,581 - INFO - Time: 2026-02-02 10:45:35.581421
2026-02-02 10:45:35,581 - INFO - Trailing SL Enabled: True
2026-02-02 10:45:35,582 - INFO - Trail Percentage: 0.5%
2026-02-02 10:45:35,582 - INFO - Fixed SL Percentage: 0.5%
2026-02-02 10:45:35,582 - INFO - Watchlist: 3 symbols
2026-02-02 10:45:35,583 - INFO - ============================================================
2026-02-02 10:45:35,583 - INFO - Sending Telegram: 🤖 TRADING BOT STARTED
Time: 2026-02-02 10:45:35
Trailing SL: ENABLED
Trail %: 0.5%
Symbols: 3...
2026-02-02 10:45:46,566 - INFO - Telegram message sent successfully
2026-02-02 10:46:37,441 - INFO - Keyboard interrupt received, shutting down...
2026-02-02 10:46:37,443 - INFO - Sending Telegram: 🛑 BOT MANUALLY STOPPED
Time: 10:46:37
Live Orders: 0
Data saved to database...
2026-02-02 10:46:49,291 - INFO - Dhan.py  started system
2026-02-02 10:46:49,291 - INFO - STARTED THE PROGRAM
2026-02-02 10:46:51,322 - INFO - Checking database schema...
2026-02-02 10:46:51,323 - INFO - Existing tables: ['live_trading', 'completed_orders', 'sqlite_sequence', 'live_orders', 'market_data', 'order_logs', 'trailing_sl_logs']
2026-02-02 10:46:51,324 - INFO - Database schema check completed successfully
2026-02-02 10:46:51,329 - INFO - Cleared all live orders from database
2026-02-02 10:46:51,329 - INFO - ============================================================
2026-02-02 10:46:51,330 - INFO - STARTING TRADING BOT WITH TRAILING STOP LOSS
2026-02-02 10:46:51,330 - INFO - Time: 2026-02-02 10:46:51.330657
2026-02-02 10:46:51,330 - INFO - Trailing SL Enabled: True
2026-02-02 10:46:51,331 - INFO - Trail Percentage: 0.5%
2026-02-02 10:46:51,331 - INFO - Fixed SL Percentage: 0.5%
2026-02-02 10:46:51,331 - INFO - Watchlist: 6 symbols
2026-02-02 10:46:51,332 - INFO - ============================================================
2026-02-02 10:46:51,332 - INFO - Sending Telegram: 🤖 TRADING BOT STARTED
Time: 2026-02-02 10:46:51
Trailing SL: ENABLED
Trail %: 0.5%
Symbols: 6...
2026-02-02 10:46:52,243 - INFO - Telegram message sent successfully
2026-02-02 10:46:53,673 - INFO - BUY signal detected for BEL
2026-02-02 10:46:56,969 - INFO - Placing INITIAL trailing SL for BEL: Entry=425.95, Initial SL=423.8
2026-02-02 10:46:57,132 - INFO - Stop loss order placed successfully for BEL: OrderID=341260202182905
2026-02-02 10:46:57,137 - INFO - Entry order executed for BEL at 425.95
2026-02-02 10:46:57,138 - INFO - Inserted new live order for BEL
2026-02-02 10:46:57,142 - INFO - Order for BEL saved to database
2026-02-02 10:46:57,144 - INFO - Sending Telegram: [ENTRY] ENTRY: BEL
Price: ₹425.95
Stop Loss: ₹423.8 (TRAILING)
Target: ₹430.2
SL %: 0.5%
Time: 10:46...
2026-02-02 10:46:58,330 - INFO - Telegram message sent successfully
2026-02-02 10:47:00,298 - INFO - BUY signal detected for COLPAL
2026-02-02 10:47:03,548 - INFO - Placing INITIAL trailing SL for COLPAL: Entry=2109.2, Initial SL=2098.7
2026-02-02 10:47:03,723 - INFO - Stop loss order placed successfully for COLPAL: OrderID=231260202180505
2026-02-02 10:47:03,741 - INFO - Entry order executed for COLPAL at 2109.2
2026-02-02 10:47:03,744 - INFO - Inserted new live order for COLPAL
2026-02-02 10:47:03,747 - INFO - Order for COLPAL saved to database
2026-02-02 10:47:03,748 - INFO - Sending Telegram: [ENTRY] ENTRY: COLPAL
Price: ₹2109.2
Stop Loss: ₹2098.7 (TRAILING)
Target: ₹2130.3
SL %: 0.5%
Time: ...
2026-02-02 10:47:04,713 - INFO - Telegram message sent successfully
2026-02-02 10:47:05,219 - INFO - Updating trailing SL for COLPAL: 2098.7 -> 2099.7
2026-02-02 10:47:05,372 - INFO - Cancelled old SL order 231260202180505 for COLPAL
2026-02-02 10:47:06,543 - INFO - Updated live order for COLPAL
2026-02-02 10:47:06,557 - INFO - Sending Telegram: [TRAIL] TRAILING SL UPDATED: COLPAL
Current Price: 2110.3
Highest Price: 2110.3
New Stop Loss: 2099....
2026-02-02 10:47:07,492 - INFO - Telegram message sent successfully
2026-02-02 10:47:08,949 - INFO - BUY signal detected for HCLTECH
2026-02-02 10:47:12,198 - INFO - Placing INITIAL trailing SL for HCLTECH: Entry=1678.3, Initial SL=1669.9
2026-02-02 10:47:12,377 - INFO - Stop loss order placed successfully for HCLTECH: OrderID=33126020219465
2026-02-02 10:47:12,383 - INFO - Entry order executed for HCLTECH at 1678.3
2026-02-02 10:47:12,385 - INFO - Inserted new live order for HCLTECH
2026-02-02 10:47:12,388 - INFO - Order for HCLTECH saved to database
2026-02-02 10:47:12,389 - INFO - Sending Telegram: [ENTRY] ENTRY: HCLTECH
Price: ₹1678.3
Stop Loss: ₹1669.9 (TRAILING)
Target: ₹1695.1
SL %: 0.5%
Time:...
2026-02-02 10:47:13,275 - INFO - Telegram message sent successfully
2026-02-02 10:47:15,219 - INFO - BUY signal detected for HDFCBANK
2026-02-02 10:47:17,165 - INFO - Keyboard interrupt received, shutting down...
2026-02-02 10:47:17,168 - INFO - Updated live order for BEL
2026-02-02 10:47:17,177 - INFO - Updated live order for COLPAL
2026-02-02 10:47:17,187 - INFO - Updated live order for HCLTECH
2026-02-02 10:47:17,195 - INFO - Sending Telegram: 🛑 BOT MANUALLY STOPPED
Time: 10:47:17
Live Orders: 3
Data saved to database...
2026-02-02 10:47:18,244 - INFO - Telegram message sent successfully
2026-02-02 10:47:18,246 - INFO - Database connection closed
2026-02-02 10:47:18,246 - INFO - Bot shutdown complete
2026-02-02 11:04:08,705 - INFO - Closing all positions...
2026-02-02 11:05:28,397 - INFO - Closing all positions...
2026-02-02 11:17:22,190 - INFO - Preparing SELL order for INDUSINDBK using RSI_50_Crossover
2026-02-02 11:17:23,101 - INFO - ATR calculated: 2.38
2026-02-02 11:17:23,105 - INFO - Position size: 26 shares
2026-02-02 11:17:23,105 - INFO - Placing SELL order for 26 shares of INDUSINDBK
2026-02-02 11:17:30,403 - INFO - Entry price: 887.0
2026-02-02 11:17:40,547 - INFO - Preparing SELL order for INFY using RSI_50_Crossover
2026-02-02 11:17:41,869 - INFO - ATR calculated: 2.46
2026-02-02 11:17:41,872 - INFO - Position size: 8 shares
2026-02-02 11:17:41,872 - INFO - Placing SELL order for 8 shares of INFY
2026-02-02 11:17:49,193 - INFO - Entry price: 1633.775
2026-02-02 11:23:49,684 - INFO - 
Strategy Performance Analysis:
2026-02-02 11:23:49,685 - INFO - 
+-------------------+----------------+---------+--------+----------------+------------+--------------+
| Strategy          |   Total Trades |   Calls |   Puts | Total Profit   | Win Rate   | Avg Profit   |
+===================+================+=========+========+================+============+==============+
| RSI_50_Crossover  |             98 |       0 |     98 | ₹-1,246.40     | 0.0%       | ₹-12.72      |
+-------------------+----------------+---------+--------+----------------+------------+--------------+
| EMA_RSI_Crossover |              1 |       0 |      1 | ₹0.00          | 0.0%       | ₹0.00        |
+-------------------+----------------+---------+--------+----------------+------------+--------------+
2026-02-02 11:23:49,698 - INFO - 
Total Overall Profit: ₹-1,246.40
2026-02-02 11:23:49,717 - INFO - Closing all positions...
2026-02-02 12:03:55,763 - INFO - Preparing BUY order for ITC using RSI_50_Crossover
2026-02-02 12:03:56,614 - INFO - ATR calculated: 0.54
2026-02-02 12:03:56,618 - INFO - Position size: 82 shares
2026-02-02 12:04:02,570 - INFO - Preparing BUY order for IDBI using RSI_50_Crossover
2026-02-02 12:04:03,407 - INFO - ATR calculated: 0.35
2026-02-02 12:04:03,410 - INFO - Position size: 89 shares
2026-02-02 12:06:34,087 - INFO - Closing all positions...
2026-02-02 12:06:34,148 - ERROR - Failed to close position for ITC: order_placement() missing 2 required positional arguments: 'price' and 'trigger_price'
2026-02-02 12:06:34,203 - ERROR - Failed to close position for IDBI: order_placement() missing 2 required positional arguments: 'price' and 'trigger_price'
2026-02-02 12:44:27,711 - INFO - Preparing BUY order for ITC using RSI_50_Crossover
2026-02-02 12:44:28,649 - INFO - ATR calculated: 0.73
2026-02-02 12:44:28,653 - INFO - Position size: 80 shares
2026-02-02 12:44:34,464 - INFO - Preparing SELL order for IDBI using RSI_50_Crossover
2026-02-02 12:44:35,315 - INFO - ATR calculated: 0.22
2026-02-02 12:44:35,318 - INFO - Position size: 129 shares
2026-02-02 12:44:36,327 - INFO - Closing all positions...
2026-02-02 12:44:36,391 - ERROR - Failed to close position for ITC: order_placement() missing 2 required positional arguments: 'price' and 'trigger_price'
2026-02-02 13:22:21,786 - INFO - Preparing BUY order for ITC using RSI_50_Crossover
2026-02-02 13:22:22,991 - INFO - ATR calculated: 0.49
2026-02-02 13:22:22,994 - INFO - Position size: 80 shares
2026-02-02 13:22:29,033 - INFO - Preparing SELL order for IDBI using RSI_50_Crossover
2026-02-02 13:22:30,108 - INFO - ATR calculated: 0.22
2026-02-02 13:22:30,111 - INFO - Position size: 128 shares
2026-02-02 13:22:31,766 - INFO - Closing all positions...
2026-02-02 13:22:31,819 - ERROR - Failed to close position for ITC: order_placement() missing 2 required positional arguments: 'price' and 'trigger_price'
2026-02-02 13:39:06,880 - INFO - Preparing BUY order for ITC using RSI_50_Crossover
2026-02-02 13:39:07,802 - INFO - ATR calculated: 0.60
2026-02-02 13:39:07,806 - INFO - Position size: 79 shares
2026-02-02 13:39:13,792 - INFO - Preparing BUY order for IDBI using RSI_50_Crossover
2026-02-02 13:39:14,253 - INFO - Closing all positions...
2026-02-02 14:14:11,171 - INFO - Preparing BUY order for ITC using RSI_50_Crossover
2026-02-02 14:14:12,014 - INFO - ATR calculated: 0.58
2026-02-02 14:14:12,016 - INFO - Position size: 79 shares
2026-02-02 14:14:15,822 - INFO - Closing all positions...
2026-02-02 14:32:13,426 - INFO - Preparing BUY order for ITC using RSI_50_Crossover
2026-02-02 14:32:14,299 - INFO - ATR calculated: 0.51
2026-02-02 14:32:14,302 - INFO - Position size: 78 shares
2026-02-02 14:32:20,249 - INFO - Preparing BUY order for IDBI using RSI_50_Crossover
2026-02-02 14:32:21,081 - INFO - ATR calculated: 0.17
2026-02-02 14:32:21,084 - INFO - Position size: 126 shares
2026-02-02 14:34:50,113 - INFO - Closing all positions...
2026-02-02 14:34:50,174 - ERROR - Failed to close position for ITC: order_placement() missing 2 required positional arguments: 'price' and 'trigger_price'
2026-02-02 14:40:08,666 - INFO - Preparing BUY order for ITC using RSI_50_Crossover
2026-02-02 14:40:09,670 - INFO - ATR calculated: 0.48
2026-02-02 14:40:09,673 - INFO - Position size: 78 shares
2026-02-02 14:40:15,678 - INFO - Preparing BUY order for IDBI using RSI_50_Crossover
2026-02-02 14:40:16,551 - INFO - ATR calculated: 0.20
2026-02-02 14:40:16,555 - INFO - Position size: 124 shares
2026-02-02 14:42:14,993 - INFO - Preparing BUY order for IDBI using RSI_50_Crossover
2026-02-02 14:42:16,014 - INFO - ATR calculated: 0.20
2026-02-02 14:42:16,016 - INFO - Position size: 107 shares
2026-02-02 14:47:26,767 - INFO - Closing all positions...
2026-02-02 15:16:50,548 - INFO - Preparing BUY order for PNB using RSI_50_Crossover
2026-02-02 15:16:51,568 - INFO - ATR calculated: 0.22
2026-02-02 15:16:51,571 - INFO - Position size: 200 shares
2026-02-02 15:17:04,640 - INFO - Preparing BUY order for GAIL using RSI_50_Crossover
2026-02-02 15:17:05,538 - INFO - ATR calculated: 0.23
2026-02-02 15:17:05,541 - INFO - Position size: 76 shares
2026-02-02 15:21:27,710 - INFO - Closing all positions...
2026-02-03 12:42:26,831 - INFO - Preparing SELL order for PNB using RSI_50_Crossover
2026-02-03 12:42:27,763 - INFO - ATR calculated: 0.11
2026-02-03 12:42:27,766 - INFO - Position size: 193 shares
2026-02-03 12:42:34,201 - INFO - Preparing BUY order for GAIL using RSI_50_Crossover
2026-02-03 12:42:35,261 - INFO - ATR calculated: 0.19
2026-02-03 12:42:35,265 - INFO - Position size: 73 shares
2026-02-03 12:43:26,325 - INFO - Preparing SELL order for GAIL using RSI_50_Crossover
2026-02-03 12:43:27,656 - INFO - ATR calculated: 0.20
2026-02-03 12:43:27,659 - INFO - Position size: 73 shares
2026-02-03 12:44:00,083 - INFO - Closing all positions...
2026-02-03 13:02:02,373 - INFO - Preparing BUY order for SBIN using RSI_50_Crossover
2026-02-03 13:02:03,244 - INFO - ATR calculated: 3.54
2026-02-03 13:02:03,246 - INFO - Position size: 16 shares
2026-02-03 13:24:57,632 - INFO - Closing all positions...
2026-02-03 13:25:12,086 - INFO - Preparing SELL order for SBIN using RSI_50_Crossover
2026-02-03 13:25:13,006 - INFO - ATR calculated: 3.69
2026-02-03 13:25:13,009 - INFO - Position size: 16 shares
2026-02-03 13:48:52,244 - INFO - Closing all positions...
2026-02-03 14:27:12,129 - INFO - Preparing BUY order for SBIN using RSI_50_Crossover
2026-02-03 14:27:13,493 - INFO - ATR calculated: 3.61
2026-02-03 14:27:13,496 - INFO - Position size: 16 shares
2026-02-03 14:30:48,807 - INFO - Closing all positions...
2026-02-03 14:59:40,212 - INFO - Preparing SELL order for SBIN using RSI_50_Crossover
2026-02-03 14:59:41,261 - INFO - ATR calculated: 4.03
2026-02-03 14:59:41,263 - INFO - Position size: 14 shares
2026-02-03 15:15:24,388 - INFO - Closing all positions...
2026-02-03 15:23:53,845 - INFO - Preparing BUY order for SBIN using RSI_50_Crossover
2026-02-03 15:23:54,949 - INFO - ATR calculated: 6.05
2026-02-03 15:23:54,952 - INFO - Position size: 9 shares
2026-02-03 15:24:39,964 - INFO - Closing all positions...
2026-02-12 14:08:21,340 - INFO - Closing all positions...
2026-02-12 14:10:00,314 - INFO - Closing all positions...
2026-02-12 14:23:16,221 - ERROR - Strategy EMA_RSI_Crossover failed: 'market_type'
2026-02-12 14:23:16,236 - ERROR - Strategy ORB_30min failed: Index must be DatetimeIndex
2026-02-12 14:23:16,238 - INFO - Preparing SELL order for Vodafone Idea using RSI_50_Crossover
2026-02-12 14:23:17,168 - INFO - ATR calculated: 0.07
2026-02-12 14:23:17,171 - INFO - Position size: 30 shares
2026-02-12 14:23:34,144 - ERROR - Strategy EMA_RSI_Crossover failed: 'market_type'
2026-02-12 14:23:34,157 - ERROR - Strategy ORB_30min failed: Index must be DatetimeIndex
2026-02-12 14:23:34,159 - INFO - Preparing SELL order for Vodafone Idea using RSI_50_Crossover
2026-02-12 14:23:34,982 - INFO - ATR calculated: 0.07
2026-02-12 14:23:34,984 - INFO - Position size: 30 shares
2026-02-12 14:23:37,149 - INFO - Closing all positions...
2026-02-12 15:17:38,160 - ERROR - Strategy EMA_RSI_Crossover failed: 'market_type'
2026-02-12 15:17:38,190 - INFO - Preparing BUY order for IDEA using RSI_50_Crossover
2026-02-12 15:17:39,531 - INFO - ATR calculated: 0.07
2026-02-12 15:17:39,534 - INFO - Position size: 30 shares
2026-02-12 15:18:00,757 - ERROR - Strategy EMA_RSI_Crossover failed: 'market_type'
2026-02-12 15:18:17,673 - ERROR - Strategy EMA_RSI_Crossover failed: 'market_type'
2026-02-12 15:18:34,684 - ERROR - Strategy EMA_RSI_Crossover failed: 'market_type'
2026-02-12 15:18:51,738 - ERROR - Strategy EMA_RSI_Crossover failed: 'market_type'
2026-02-12 15:19:08,772 - ERROR - Strategy EMA_RSI_Crossover failed: 'market_type'
2026-02-12 15:19:25,600 - ERROR - Strategy EMA_RSI_Crossover failed: 'market_type'
2026-02-12 15:19:42,162 - ERROR - Strategy EMA_RSI_Crossover failed: 'market_type'
2026-02-12 15:19:58,663 - ERROR - Strategy EMA_RSI_Crossover failed: 'market_type'
2026-02-12 15:20:15,868 - ERROR - Strategy EMA_RSI_Crossover failed: 'market_type'
2026-02-12 15:20:32,504 - ERROR - Strategy EMA_RSI_Crossover failed: 'market_type'
2026-02-12 15:20:49,210 - ERROR - Strategy EMA_RSI_Crossover failed: 'market_type'
2026-02-12 15:20:53,504 - INFO - Closing all positions...
2026-02-12 15:29:25,168 - INFO - Closing all positions...
2026-02-13 11:30:38,075 - INFO - Preparing SELL order for IDEA using RSI_50_Crossover
2026-02-13 11:30:55,699 - INFO - Preparing SELL order for IDEA using RSI_50_Crossover
2026-02-13 11:32:18,037 - INFO - Preparing BUY order for IDEA using RSI_50_Crossover
2026-02-13 11:32:35,347 - INFO - Preparing BUY order for IDEA using RSI_50_Crossover
2026-02-13 11:34:14,107 - INFO - Closing all positions...
2026-02-13 11:39:56,232 - INFO - Preparing BUY order for IDBI using RSI_50_Crossover
2026-02-13 11:40:16,130 - INFO - Preparing SELL order for IDBI using RSI_50_Crossover
2026-02-13 11:40:35,168 - INFO - Preparing SELL order for IDBI using RSI_50_Crossover
2026-02-13 11:40:54,952 - INFO - Preparing SELL order for IDBI using RSI_50_Crossover
2026-02-13 11:45:47,747 - INFO - Preparing BUY order for IDBI using RSI_50_Crossover
2026-02-13 11:46:07,953 - INFO - Preparing SELL order for IDBI using RSI_50_Crossover
2026-02-13 11:46:09,912 - INFO - Preparing SELL order for BEL using RSI_50_Crossover
2026-02-13 11:46:11,865 - INFO - Preparing BUY order for ITC using RSI_50_Crossover
2026-02-13 11:46:28,832 - INFO - Preparing SELL order for IDBI using RSI_50_Crossover
2026-02-13 11:46:30,764 - INFO - Preparing SELL order for BEL using RSI_50_Crossover
2026-02-13 11:46:33,445 - INFO - Preparing BUY order for ITC using RSI_50_Crossover
2026-02-13 11:46:51,399 - INFO - Preparing SELL order for BEL using RSI_50_Crossover
2026-02-13 11:47:20,380 - INFO - Preparing BUY order for BEL using RSI_50_Crossover
2026-02-13 11:47:38,580 - INFO - Preparing BUY order for IDBI using EMA_RSI
2026-02-13 11:47:40,596 - INFO - Preparing BUY order for BEL using RSI_50_Crossover
2026-02-13 11:47:59,649 - INFO - Preparing BUY order for BEL using RSI_50_Crossover
2026-02-13 11:48:01,808 - INFO - Preparing BUY order for ITC using RSI_50_Crossover
2026-02-13 11:48:29,275 - INFO - Preparing SELL order for IDBI using RSI_50_Crossover
2026-02-13 11:48:31,188 - INFO - Preparing BUY order for BEL using EMA_RSI
2026-02-13 11:48:33,617 - INFO - Preparing BUY order for ITC using RSI_50_Crossover
2026-02-13 11:48:51,390 - INFO - Preparing BUY order for IDBI using EMA_RSI
2026-02-13 11:48:54,192 - INFO - Preparing BUY order for BEL using EMA_RSI
2026-02-13 11:48:56,783 - INFO - Preparing BUY order for ITC using RSI_50_Crossover
2026-02-13 11:49:17,319 - INFO - Preparing SELL order for ITC using RSI_50_Crossover
2026-02-13 11:49:38,258 - INFO - Preparing SELL order for ITC using RSI_50_Crossover
2026-02-13 11:49:57,705 - INFO - Preparing SELL order for BEL using RSI_50_Crossover
2026-02-13 11:50:00,324 - INFO - Preparing SELL order for ITC using RSI_50_Crossover
2026-02-13 11:50:37,466 - INFO - Closing all positions...
2026-02-13 11:55:30,392 - INFO - Closing all positions...
2026-02-13 11:56:07,847 - INFO - Preparing SELL order for IDBI using RSI_50_Crossover
2026-02-13 11:56:08,686 - INFO - ATR calculated: 0.47
2026-02-13 11:56:08,689 - INFO - Position size: 16 shares
2026-02-13 11:56:10,618 - INFO - Preparing BUY order for BEL using RSI_50_Crossover
2026-02-13 11:56:11,633 - INFO - ATR calculated: 1.93
2026-02-13 11:56:11,636 - INFO - Position size: 4 shares
2026-02-13 11:56:13,728 - INFO - Preparing SELL order for ITC using RSI_50_Crossover
2026-02-13 11:56:14,628 - INFO - ATR calculated: 0.97
2026-02-13 11:56:14,631 - INFO - Position size: 8 shares
2026-02-13 11:56:26,261 - INFO - Closing all positions...
2026-02-13 12:02:38,648 - INFO - Preparing BUY order for IDBI using RSI_50_Crossover
2026-02-13 12:02:40,081 - INFO - ATR calculated: 0.55
2026-02-13 12:02:40,083 - INFO - Position size: 14 shares
2026-02-13 12:02:47,075 - INFO - Preparing BUY order for BEL using RSI_50_Crossover
2026-02-13 12:02:48,720 - INFO - ATR calculated: 1.95
2026-02-13 12:02:48,722 - INFO - Position size: 2 shares
2026-02-13 12:02:58,212 - INFO - Preparing SELL order for ITC using RSI_50_Crossover
2026-02-13 12:02:59,768 - INFO - ATR calculated: 1.02
2026-02-13 12:02:59,771 - INFO - Position size: 5 shares
2026-02-13 12:04:51,382 - INFO - Closing all positions...
2026-02-13 12:16:11,142 - INFO - Preparing BUY order for IDBI using RSI_50_Crossover
2026-02-13 12:16:12,206 - INFO - ATR calculated: 0.55
2026-02-13 12:16:12,208 - INFO - Position size: 14 shares
2026-02-13 12:16:18,077 - INFO - Preparing SELL order for BEL using RSI_50_Crossover
2026-02-13 12:16:19,166 - INFO - ATR calculated: 1.65
2026-02-13 12:16:19,169 - INFO - Position size: 3 shares
2026-02-13 12:16:35,992 - INFO - Preparing SELL order for ITC using RSI_50_Crossover
2026-02-13 12:16:37,438 - INFO - ATR calculated: 0.77
2026-02-13 12:16:37,442 - INFO - Position size: 4 shares
2026-02-13 12:17:53,424 - INFO - Closing all positions...
2026-02-13 12:27:24,975 - INFO - Preparing BUY order for IDBI using RSI_50_Crossover
2026-02-13 12:27:26,161 - INFO - ATR calculated: 0.57
2026-02-13 12:27:26,162 - ERROR - Position sizing failed: calculate_position_size() takes 3 positional arguments but 4 were given
2026-02-13 12:27:27,234 - INFO - Preparing BUY order for BEL using RSI_50_Crossover
2026-02-13 12:27:28,202 - INFO - ATR calculated: 1.63
2026-02-13 12:27:28,202 - ERROR - Position sizing failed: calculate_position_size() takes 3 positional arguments but 4 were given
2026-02-13 12:27:29,361 - INFO - Preparing SELL order for ITC using RSI_50_Crossover
2026-02-13 12:27:30,359 - INFO - ATR calculated: 0.78
2026-02-13 12:27:30,360 - ERROR - Position sizing failed: calculate_position_size() takes 3 positional arguments but 4 were given
2026-02-13 12:27:46,372 - INFO - Preparing BUY order for IDBI using RSI_50_Crossover
2026-02-13 12:27:47,294 - INFO - ATR calculated: 0.57
2026-02-13 12:27:47,294 - ERROR - Position sizing failed: calculate_position_size() takes 3 positional arguments but 4 were given
2026-02-13 12:27:48,285 - INFO - Preparing BUY order for BEL using RSI_50_Crossover
2026-02-13 12:27:49,231 - INFO - ATR calculated: 1.68
2026-02-13 12:27:49,231 - ERROR - Position sizing failed: calculate_position_size() takes 3 positional arguments but 4 were given
2026-02-13 12:27:50,242 - INFO - Preparing SELL order for ITC using RSI_50_Crossover
2026-02-13 12:27:51,219 - INFO - ATR calculated: 0.84
2026-02-13 12:27:51,219 - ERROR - Position sizing failed: calculate_position_size() takes 3 positional arguments but 4 were given
2026-02-13 12:27:55,267 - INFO - Closing all positions...
2026-02-13 12:30:19,935 - INFO - Preparing BUY order for IDBI using RSI_50_Crossover
2026-02-13 12:30:20,805 - INFO - ATR calculated: 0.60
2026-02-13 12:30:20,806 - ERROR - Position sizing failed: calculate_position_size() takes 3 positional arguments but 4 were given
2026-02-13 12:30:21,817 - INFO - Preparing BUY order for BEL using RSI_50_Crossover
2026-02-13 12:30:22,664 - INFO - ATR calculated: 1.76
2026-02-13 12:30:22,665 - ERROR - Position sizing failed: calculate_position_size() takes 3 positional arguments but 4 were given
2026-02-13 12:30:23,846 - INFO - Preparing BUY order for ITC using RSI_50_Crossover
2026-02-13 12:30:25,141 - INFO - ATR calculated: 0.88
2026-02-13 12:30:25,142 - ERROR - Position sizing failed: calculate_position_size() takes 3 positional arguments but 4 were given
2026-02-13 12:30:41,075 - INFO - Preparing SELL order for IDBI using RSI_50_Crossover
2026-02-13 12:30:41,967 - INFO - ATR calculated: 0.61
2026-02-13 12:30:41,967 - ERROR - Position sizing failed: calculate_position_size() takes 3 positional arguments but 4 were given
2026-02-13 12:30:43,013 - INFO - Preparing BUY order for BEL using RSI_50_Crossover
2026-02-13 12:30:43,934 - INFO - ATR calculated: 1.76
2026-02-13 12:30:43,934 - ERROR - Position sizing failed: calculate_position_size() takes 3 positional arguments but 4 were given
2026-02-13 12:30:44,880 - INFO - Preparing SELL order for ITC using RSI_50_Crossover
2026-02-13 12:30:45,778 - INFO - ATR calculated: 0.90
2026-02-13 12:30:45,779 - ERROR - Position sizing failed: calculate_position_size() takes 3 positional arguments but 4 were given
2026-02-13 12:31:02,273 - INFO - Preparing SELL order for IDBI using RSI_50_Crossover
2026-02-13 12:31:03,559 - INFO - ATR calculated: 0.61
2026-02-13 12:31:03,562 - ERROR - Position sizing failed: calculate_position_size() takes 3 positional arguments but 4 were given
2026-02-13 12:31:05,084 - INFO - Preparing BUY order for BEL using RSI_50_Crossover
2026-02-13 12:31:06,350 - INFO - ATR calculated: 1.67
2026-02-13 12:31:06,353 - ERROR - Position sizing failed: calculate_position_size() takes 3 positional arguments but 4 were given
2026-02-13 12:31:07,830 - INFO - Preparing SELL order for ITC using RSI_50_Crossover
2026-02-13 12:31:09,232 - INFO - ATR calculated: 0.91
2026-02-13 12:31:09,233 - ERROR - Position sizing failed: calculate_position_size() takes 3 positional arguments but 4 were given
2026-02-13 12:31:25,112 - INFO - Closing all positions...
2026-02-13 12:35:16,660 - INFO - Preparing BUY order for IDBI using RSI_50_Crossover
2026-02-13 12:35:17,563 - INFO - ATR calculated: 0.62
2026-02-13 12:35:17,567 - INFO - Position size: 1 shares
2026-02-13 12:35:23,777 - INFO - Preparing BUY order for BEL using RSI_50_Crossover
2026-02-13 12:35:24,664 - INFO - ATR calculated: 1.73
2026-02-13 12:35:24,666 - INFO - Position size: 1 shares
2026-02-13 12:35:41,166 - INFO - Preparing BUY order for ITC using RSI_50_Crossover
2026-02-13 12:35:42,637 - INFO - ATR calculated: 0.99
2026-02-13 12:35:42,640 - INFO - Position size: 1 shares
2026-02-13 12:36:07,651 - INFO - Closing all positions...
2026-02-13 12:49:53,418 - INFO - Preparing BUY order for IDBI using RSI_50_Crossover
2026-02-13 12:49:54,583 - INFO - ATR calculated: 1.43
2026-02-13 12:49:54,589 - INFO - Position size: 1 shares
2026-02-13 12:50:11,372 - INFO - Preparing SELL order for BEL using RSI_50_Crossover
2026-02-13 12:50:12,809 - INFO - ATR calculated: 1.83
2026-02-13 12:50:12,814 - INFO - Position size: 1 shares
2026-02-13 12:50:20,054 - INFO - Preparing SELL order for ITC using RSI_50_Crossover
2026-02-13 12:50:21,514 - INFO - ATR calculated: 1.24
2026-02-13 12:50:21,519 - INFO - Position size: 1 shares
2026-02-13 12:55:36,988 - INFO - Closing all positions...
2026-02-13 13:16:02,583 - INFO - Preparing BUY order for IDBI using RSI_50_Crossover
2026-02-13 13:16:03,533 - INFO - ATR calculated: 1.10
2026-02-13 13:16:03,536 - INFO - Position size: 1 shares
2026-02-13 13:16:09,822 - INFO - Preparing BUY order for BEL using RSI_50_Crossover
2026-02-13 13:16:10,810 - INFO - ATR calculated: 2.14
2026-02-13 13:16:10,812 - INFO - Position size: 1 shares
2026-02-13 13:16:17,526 - INFO - Preparing BUY order for ITC using RSI_50_Crossover
2026-02-13 13:16:19,052 - INFO - ATR calculated: 0.89
2026-02-13 13:16:19,056 - INFO - Position size: 1 shares
2026-02-13 13:16:38,109 - INFO - Closing all positions...
2026-02-13 13:26:13,861 - INFO - Preparing SELL order for IDBI using RSI_50_Crossover
2026-02-13 13:26:14,989 - INFO - ATR calculated: 1.23
2026-02-13 13:26:14,993 - INFO - Position size: 1 shares
2026-02-13 13:26:22,231 - INFO - Preparing SELL order for BEL using RSI_50_Crossover
2026-02-13 13:26:24,008 - INFO - ATR calculated: 2.01
2026-02-13 13:26:24,013 - INFO - Position size: 1 shares
2026-02-13 13:26:31,488 - INFO - Preparing SELL order for ITC using RSI_50_Crossover
2026-02-13 13:26:33,504 - INFO - ATR calculated: 0.93
2026-02-13 13:26:33,509 - INFO - Position size: 1 shares
2026-02-13 13:28:54,575 - INFO - Closing all positions...
2026-02-13 13:34:50,953 - INFO - Preparing SELL order for WIPRO using RSI_50_Crossover
2026-02-13 13:34:52,947 - INFO - ATR calculated: 1.11
2026-02-13 13:34:52,957 - INFO - Position size: 1 shares
2026-02-13 13:44:49,415 - INFO - Closing all positions...
2026-02-13 13:51:07,720 - INFO - Preparing SELL order for WIPRO using RSI_50_Crossover
2026-02-13 13:51:09,078 - INFO - ATR calculated: 0.95
2026-02-13 13:51:09,083 - INFO - Position size: 1 shares
2026-02-13 13:51:31,164 - INFO - Preparing SELL order for WIPRO using RSI_50_Crossover
2026-02-13 13:51:32,661 - INFO - ATR calculated: 0.98
2026-02-13 13:51:32,666 - INFO - Position size: 1 shares
2026-02-13 13:51:55,293 - INFO - Preparing SELL order for WIPRO using RSI_50_Crossover
2026-02-13 13:51:56,952 - INFO - ATR calculated: 1.03
2026-02-13 13:51:56,956 - INFO - Position size: 1 shares
2026-02-13 13:52:16,428 - INFO - Closing all positions...
2026-02-13 13:53:35,850 - INFO - Preparing SELL order for WIPRO using RSI_50_Crossover
2026-02-13 13:53:37,001 - INFO - ATR calculated: 1.08
2026-02-13 13:53:37,005 - INFO - Position size: 1 shares
2026-02-13 13:53:59,162 - INFO - Preparing SELL order for WIPRO using RSI_50_Crossover
2026-02-13 13:54:01,348 - INFO - ATR calculated: 1.08
2026-02-13 13:54:01,357 - INFO - Position size: 1 shares
2026-02-13 13:54:23,988 - INFO - Preparing SELL order for WIPRO using RSI_50_Crossover
2026-02-13 13:54:25,820 - INFO - ATR calculated: 1.04
2026-02-13 13:54:25,825 - INFO - Position size: 1 shares
2026-02-13 13:54:36,522 - INFO - Closing all positions...
2026-02-13 14:07:33,113 - INFO - Closing all positions...
2026-02-13 14:08:56,816 - INFO - Preparing SELL order for WIPRO using RSI_50_Crossover
2026-02-13 14:08:58,136 - INFO - ATR calculated: 1.35
2026-02-13 14:08:58,140 - INFO - Position size: 1 shares
2026-02-13 14:09:16,154 - INFO - Preparing SELL order for WIPRO using RSI_50_Crossover
2026-02-13 14:09:17,999 - INFO - ATR calculated: 1.26
2026-02-13 14:09:18,004 - INFO - Position size: 1 shares
2026-02-13 14:09:36,019 - INFO - Preparing SELL order for WIPRO using RSI_50_Crossover
2026-02-13 14:09:37,540 - INFO - ATR calculated: 1.29
2026-02-13 14:09:37,545 - INFO - Position size: 1 shares
2026-02-13 14:09:41,029 - INFO - Closing all positions...
2026-02-13 14:34:15,158 - INFO - Preparing SELL order for TRENT using RSI_50_Crossover
2026-02-13 14:34:16,587 - INFO - ATR calculated: 14.66
2026-02-13 14:34:16,691 - INFO - Position size: 1 shares
2026-02-13 14:42:55,830 - INFO - Closing all positions...
2026-02-13 14:42:55,873 - INFO - Closing all positions...
2026-02-13 14:45:22,438 - INFO - Preparing SELL order for TATASTEEL using RSI_50_Crossover
2026-02-13 14:45:23,380 - INFO - ATR calculated: 0.90
2026-02-13 14:45:23,383 - INFO - Position size: 1 shares
2026-02-13 14:47:52,996 - INFO - Closing all positions...
2026-02-13 14:52:32,230 - INFO - Closing all positions...
2026-02-13 14:55:53,794 - INFO - Closing all positions...
2026-02-13 14:59:01,923 - INFO - Closing all positions...
2026-02-13 14:59:39,583 - INFO - Preparing BUY order for TCS using RSI_50_Crossover
2026-02-13 14:59:40,472 - INFO - ATR calculated: 5.17
2026-02-13 14:59:40,476 - INFO - Position size: 1 shares
2026-02-13 15:07:27,374 - INFO - Closing all positions...
2026-02-13 15:07:27,402 - INFO - Closing all positions...
2026-02-13 15:20:35,937 - INFO - Closing all positions...
2026-02-13 15:23:32,579 - INFO - Closing all positions...
2026-02-13 15:23:32,624 - INFO - Closing all positions...
2026-02-16 09:51:25,502 - INFO - Closing all positions...
2026-02-16 09:52:27,637 - INFO - Preparing SELL order for TCS using RSI_50_Crossover
2026-02-16 09:52:28,652 - INFO - ATR calculated: 8.84
2026-02-16 09:52:28,656 - INFO - Position size: 1 shares
2026-02-16 09:54:04,598 - INFO - Closing all positions...
2026-02-16 09:54:04,636 - INFO - Closing all positions...
2026-02-16 10:05:51,967 - INFO - Closing all positions...
2026-02-16 10:05:52,004 - INFO - Closing all positions...
2026-02-16 10:22:35,279 - INFO - Closing all positions...
2026-02-16 10:22:35,318 - INFO - Closing all positions...
2026-02-16 12:26:13 - root - INFO - Dhan.py System Started
2026-02-16 12:26:13 - root - INFO - System Started
2026-02-16 12:26:16 - root - INFO - Connected successfully. Balance: 28299.4
2026-02-16 12:26:17 - root - INFO - Excel reporting initialized
2026-02-16 12:26:18 - root - INFO - Bot Started
Watchlist: 6 stocks
Max Orders: 5
Test Mode: False
2026-02-16 12:26:18 - root - INFO - Bot started. Press Ctrl+C to stop.
2026-02-16 12:26:20 - root - INFO -    Reason: EMA uptrend (60%) | Increasing bearish momentum (60%)
2026-02-16 12:26:20 - root - INFO -    Reason: EMA uptrend (58%)
2026-02-16 12:26:21 - root - INFO - Placing BUY order for BEL
2026-02-16 12:26:21 - root - INFO - Price: 435.35, SL: 431.0, Target: 444.06
2026-02-16 12:26:24 - root - INFO - BUY BEL
Qty: 10 @ 435.35
SL: 431.0 | Target: 444.06
Signal: EMA uptrend (58%)
2026-02-16 12:26:26 - root - INFO -    Reason: EMA downtrend (60%) | Increasing bullish momentum (60%)
2026-02-16 12:26:27 - root - INFO -    Reason: EMA uptrend (53%) | Increasing bullish momentum (60%)
2026-02-16 12:26:27 - root - INFO - Placing BUY order for TCS
2026-02-16 12:26:27 - root - INFO - Price: 2689.8, SL: 2662.9, Target: 2743.6
2026-02-16 12:26:29 - root - INFO - BUY TCS
Qty: 2 @ 2689.8
SL: 2662.9 | Target: 2743.6
Signal: EMA uptrend (53%) | Increasing bullish momentum (60%)
2026-02-16 12:26:29 - root - INFO -    Reason: EMA uptrend (56%) | Increasing bullish momentum (60%)
2026-02-16 12:26:29 - root - WARNING - Cannot trade RELIANCE: Daily risk limit exceeded. Risk: 140.01, Limit: 131.75
2026-02-16 12:26:30 - root - INFO -    Reason: EMA uptrend (52%) | Increasing bearish momentum (60%)
2026-02-16 12:26:40 - root - INFO -    Reason: EMA uptrend (60%) | Increasing bearish momentum (60%)
2026-02-16 12:26:41 - root - INFO -    Reason: EMA downtrend (60%) | Increasing bullish momentum (60%)
2026-02-16 12:26:41 - root - INFO -    Reason: EMA uptrend (56%) | Increasing bullish momentum (60%)
2026-02-16 12:26:41 - root - WARNING - Cannot trade RELIANCE: Daily risk limit exceeded. Risk: 140.01, Limit: 131.73
2026-02-16 12:26:42 - root - INFO -    Reason: EMA uptrend (52%) | Bullish MACD crossover (85%)
2026-02-16 12:26:42 - root - WARNING - Cannot trade HDFCBANK: Daily risk limit exceeded. Risk: 143.65, Limit: 131.73
2026-02-16 12:26:52 - root - INFO -    Reason: EMA uptrend (60%) | Increasing bearish momentum (60%)
2026-02-16 12:26:53 - root - INFO -    Reason: EMA uptrend (60%) | Increasing bullish momentum (60%)
2026-02-16 12:26:53 - root - INFO - Placing BUY order for IDBI
2026-02-16 12:26:53 - root - INFO - Price: 109.7, SL: 108.6, Target: 111.89
2026-02-16 12:26:55 - root - INFO - BUY IDBI
Qty: 10 @ 109.7
SL: 108.6 | Target: 111.89
Signal: EMA uptrend (60%) | Increasing bullish momentum (60%)
2026-02-16 12:26:55 - root - INFO -    Reason: EMA uptrend (56%) | Increasing bullish momentum (60%)
2026-02-16 12:26:55 - root - WARNING - Cannot trade RELIANCE: Daily risk limit exceeded. Risk: 150.98, Limit: 130.62
2026-02-16 12:26:56 - root - INFO -    Reason: EMA uptrend (51%) | Bullish MACD crossover (85%)
2026-02-16 12:26:56 - root - WARNING - Cannot trade HDFCBANK: Daily risk limit exceeded. Risk: 154.65, Limit: 130.62
2026-02-16 12:27:09 - root - INFO -    Reason: EMA uptrend (60%) | Increasing bearish momentum (60%)
2026-02-16 12:27:09 - root - INFO -    Reason: EMA uptrend (55%) | Increasing bullish momentum (60%)
2026-02-16 12:27:09 - root - WARNING - Cannot trade RELIANCE: Daily risk limit exceeded. Risk: 150.99, Limit: 130.62
2026-02-16 12:27:10 - root - INFO -    Reason: EMA uptrend (51%) | Bullish MACD crossover (85%)
2026-02-16 12:27:10 - root - WARNING - Cannot trade HDFCBANK: Daily risk limit exceeded. Risk: 154.64, Limit: 130.62
2026-02-16 12:27:23 - root - INFO -    Reason: EMA uptrend (60%) | Increasing bearish momentum (60%)
2026-02-16 12:27:23 - root - INFO -    Reason: EMA uptrend (56%)
2026-02-16 12:27:24 - root - WARNING - Cannot trade RELIANCE: Daily risk limit exceeded. Risk: 150.97, Limit: 130.62
2026-02-16 12:27:24 - root - INFO -    Reason: EMA uptrend (52%) | Bullish MACD crossover (85%)
2026-02-16 12:27:24 - root - WARNING - Cannot trade HDFCBANK: Daily risk limit exceeded. Risk: 154.64, Limit: 130.62
2026-02-16 12:27:37 - root - INFO -    Reason: EMA uptrend (60%) | Increasing bearish momentum (60%)
2026-02-16 12:27:38 - root - INFO -    Reason: EMA uptrend (56%) | Increasing bullish momentum (60%)
2026-02-16 12:27:38 - root - WARNING - Cannot trade RELIANCE: Daily risk limit exceeded. Risk: 150.98, Limit: 130.62
2026-02-16 12:27:38 - root - INFO -    Reason: EMA uptrend (51%) | Bullish MACD crossover (85%)
2026-02-16 12:27:38 - root - WARNING - Cannot trade HDFCBANK: Daily risk limit exceeded. Risk: 154.64, Limit: 130.62
2026-02-16 12:27:51 - root - INFO -    Reason: EMA uptrend (60%) | Increasing bearish momentum (60%)
2026-02-16 12:27:52 - root - INFO -    Reason: EMA uptrend (56%)
2026-02-16 12:27:52 - root - WARNING - Cannot trade RELIANCE: Daily risk limit exceeded. Risk: 150.97, Limit: 130.62
2026-02-16 12:27:52 - root - INFO -    Reason: EMA uptrend (52%) | Bullish MACD crossover (85%)
2026-02-16 12:27:52 - root - WARNING - Cannot trade HDFCBANK: Daily risk limit exceeded. Risk: 154.65, Limit: 130.62
2026-02-16 12:28:05 - root - INFO -    Reason: EMA uptrend (60%) | Increasing bearish momentum (60%)
2026-02-16 12:28:06 - root - INFO -    Reason: EMA uptrend (55%) | Increasing bullish momentum (60%)
2026-02-16 12:28:06 - root - WARNING - Cannot trade RELIANCE: Daily risk limit exceeded. Risk: 150.99, Limit: 130.62
2026-02-16 12:28:06 - root - INFO -    Reason: RSI overbought: 70.73 (1%) | EMA uptrend (51%) | Bullish MACD crossover (85%)
2026-02-16 12:28:07 - root - WARNING - Cannot trade HDFCBANK: Daily risk limit exceeded. Risk: 154.67, Limit: 130.62
2026-02-16 12:28:20 - root - INFO -    Reason: EMA uptrend (60%) | Increasing bearish momentum (60%)
2026-02-16 12:28:20 - root - INFO -    Reason: EMA uptrend (55%) | Increasing bullish momentum (60%)
2026-02-16 12:28:20 - root - WARNING - Cannot trade RELIANCE: Daily risk limit exceeded. Risk: 150.99, Limit: 130.62
2026-02-16 12:28:21 - root - INFO -    Reason: RSI overbought: 71.11 (2%) | EMA uptrend (51%) | Bullish MACD crossover (85%)
2026-02-16 12:28:21 - root - WARNING - Cannot trade HDFCBANK: Daily risk limit exceeded. Risk: 154.67, Limit: 130.62
2026-02-16 12:28:34 - root - INFO -    Reason: EMA uptrend (60%) | Increasing bearish momentum (60%)
2026-02-16 12:28:35 - root - INFO -    Reason: EMA uptrend (56%) | Increasing bullish momentum (60%)
2026-02-16 12:28:35 - root - WARNING - Cannot trade RELIANCE: Daily risk limit exceeded. Risk: 150.98, Limit: 130.62
2026-02-16 12:28:36 - root - INFO -    Reason: RSI overbought: 70.60 (1%) | EMA uptrend (51%) | Bullish MACD crossover (85%)
2026-02-16 12:28:36 - root - WARNING - Cannot trade HDFCBANK: Daily risk limit exceeded. Risk: 154.66, Limit: 130.62
2026-02-16 12:28:49 - root - INFO -    Reason: EMA uptrend (60%) | Increasing bearish momentum (60%)
2026-02-16 12:28:50 - root - INFO -    Reason: EMA uptrend (56%) | Increasing bullish momentum (60%)
2026-02-16 12:28:50 - root - WARNING - Cannot trade RELIANCE: Daily risk limit exceeded. Risk: 150.98, Limit: 130.62
2026-02-16 12:28:50 - root - INFO -    Reason: RSI overbought: 70.47 (1%) | EMA uptrend (51%) | Bullish MACD crossover (85%)
2026-02-16 12:28:50 - root - WARNING - Cannot trade HDFCBANK: Daily risk limit exceeded. Risk: 154.65, Limit: 130.62
2026-02-16 12:29:03 - root - INFO -    Reason: EMA uptrend (60%) | Increasing bearish momentum (60%)
2026-02-16 12:29:04 - root - INFO -    Reason: EMA uptrend (55%) | Increasing bullish momentum (60%)
2026-02-16 12:29:04 - root - WARNING - Cannot trade RELIANCE: Daily risk limit exceeded. Risk: 150.99, Limit: 130.62
2026-02-16 12:29:04 - root - INFO -    Reason: RSI overbought: 70.60 (1%) | EMA uptrend (51%) | Bullish MACD crossover (85%)
2026-02-16 12:29:04 - root - WARNING - Cannot trade HDFCBANK: Daily risk limit exceeded. Risk: 154.65, Limit: 130.62
2026-02-16 12:29:17 - root - INFO -    Reason: EMA downtrend (60%) | Increasing bearish momentum (60%)
2026-02-16 12:29:17 - root - INFO -    Reason: EMA uptrend (55%) | Increasing bullish momentum (60%)
2026-02-16 12:29:17 - root - WARNING - Cannot trade RELIANCE: Daily risk limit exceeded. Risk: 150.99, Limit: 130.62
2026-02-16 12:29:18 - root - INFO -    Reason: RSI overbought: 70.73 (1%) | EMA uptrend (51%) | Bullish MACD crossover (85%)
2026-02-16 12:29:18 - root - WARNING - Cannot trade HDFCBANK: Daily risk limit exceeded. Risk: 154.67, Limit: 130.62
2026-02-16 12:29:31 - root - INFO -    Reason: EMA uptrend (60%) | Increasing bearish momentum (60%)
2026-02-16 12:29:32 - root - INFO -    Reason: EMA uptrend (55%) | Increasing bullish momentum (60%)
2026-02-16 12:29:32 - root - WARNING - Cannot trade RELIANCE: Daily risk limit exceeded. Risk: 150.99, Limit: 130.62
2026-02-16 12:29:32 - root - INFO -    Reason: RSI overbought: 71.11 (2%) | EMA uptrend (51%) | Bullish MACD crossover (85%)
2026-02-16 12:29:32 - root - WARNING - Cannot trade HDFCBANK: Daily risk limit exceeded. Risk: 154.67, Limit: 130.62
2026-02-16 12:29:45 - root - INFO -    Reason: EMA uptrend (60%) | Increasing bearish momentum (60%)
2026-02-16 12:29:46 - root - INFO -    Reason: EMA uptrend (55%) | Increasing bullish momentum (60%)
2026-02-16 12:29:46 - root - WARNING - Cannot trade RELIANCE: Daily risk limit exceeded. Risk: 150.99, Limit: 130.62
2026-02-16 12:29:47 - root - INFO -    Reason: RSI overbought: 71.11 (2%) | EMA uptrend (51%) | Bullish MACD crossover (85%)
2026-02-16 12:29:47 - root - WARNING - Cannot trade HDFCBANK: Daily risk limit exceeded. Risk: 154.66, Limit: 130.62
2026-02-16 12:30:00 - root - INFO -    Reason: EMA uptrend (60%) | Increasing bearish momentum (60%)
2026-02-16 12:30:00 - root - INFO -    Reason: EMA uptrend (55%) | Increasing bullish momentum (60%)
2026-02-16 12:30:00 - root - WARNING - Cannot trade RELIANCE: Daily risk limit exceeded. Risk: 150.99, Limit: 130.62
2026-02-16 12:30:01 - root - INFO -    Reason: RSI overbought: 71.52 (3%) | EMA uptrend (51%) | Increasing bullish momentum (60%)
2026-02-16 12:30:01 - root - WARNING - Cannot trade HDFCBANK: Daily risk limit exceeded. Risk: 154.67, Limit: 130.62
2026-02-16 12:30:14 - root - INFO -    Reason: EMA downtrend (60%) | Increasing bearish momentum (60%)
2026-02-16 12:30:15 - root - INFO -    Reason: EMA uptrend (55%) | Increasing bullish momentum (60%)
2026-02-16 12:30:15 - root - WARNING - Cannot trade RELIANCE: Daily risk limit exceeded. Risk: 151.00, Limit: 130.62
2026-02-16 12:30:15 - root - INFO -    Reason: RSI overbought: 71.12 (2%) | EMA uptrend (51%) | Increasing bullish momentum (60%)
2026-02-16 12:30:15 - root - WARNING - Cannot trade HDFCBANK: Daily risk limit exceeded. Risk: 154.67, Limit: 130.62
2026-02-16 12:30:28 - root - INFO -    Reason: EMA downtrend (60%) | Increasing bearish momentum (60%)
2026-02-16 12:30:29 - root - INFO -    Reason: EMA uptrend (55%) | Increasing bullish momentum (60%)
2026-02-16 12:30:29 - root - WARNING - Cannot trade RELIANCE: Daily risk limit exceeded. Risk: 151.00, Limit: 130.62
2026-02-16 12:30:30 - root - INFO -    Reason: RSI overbought: 71.90 (4%) | EMA uptrend (51%) | Increasing bullish momentum (60%)
2026-02-16 12:30:30 - root - WARNING - Cannot trade HDFCBANK: Daily risk limit exceeded. Risk: 154.69, Limit: 130.62
2026-02-16 12:30:43 - root - INFO -    Reason: EMA downtrend (60%)
2026-02-16 12:30:43 - root - INFO -    Reason: EMA uptrend (55%) | Increasing bullish momentum (60%)
2026-02-16 12:30:43 - root - WARNING - Cannot trade RELIANCE: Daily risk limit exceeded. Risk: 150.99, Limit: 130.62
2026-02-16 12:30:44 - root - INFO -    Reason: RSI overbought: 71.77 (4%) | EMA uptrend (51%) | Increasing bullish momentum (60%)
2026-02-16 12:30:44 - root - WARNING - Cannot trade HDFCBANK: Daily risk limit exceeded. Risk: 154.68, Limit: 130.62
2026-02-16 12:30:57 - root - INFO -    Reason: EMA downtrend (60%) | Increasing bearish momentum (60%)
2026-02-16 12:30:58 - root - INFO -    Reason: EMA uptrend (55%) | Increasing bullish momentum (60%)
2026-02-16 12:30:58 - root - WARNING - Cannot trade RELIANCE: Daily risk limit exceeded. Risk: 150.99, Limit: 130.62
2026-02-16 12:30:59 - root - INFO -    Reason: RSI overbought: 72.65 (5%) | EMA uptrend (50%) | Increasing bullish momentum (60%)
2026-02-16 12:30:59 - root - WARNING - Cannot trade HDFCBANK: Daily risk limit exceeded. Risk: 154.69, Limit: 130.62
2026-02-16 12:31:12 - root - INFO -    Reason: EMA downtrend (60%)
2026-02-16 12:31:12 - root - INFO -    Reason: EMA uptrend (55%) | Increasing bullish momentum (60%)
2026-02-16 12:31:12 - root - WARNING - Cannot trade RELIANCE: Daily risk limit exceeded. Risk: 150.99, Limit: 130.62
2026-02-16 12:31:13 - root - INFO -    Reason: RSI overbought: 72.15 (4%) | EMA uptrend (50%) | Increasing bullish momentum (60%)
2026-02-16 12:31:13 - root - WARNING - Cannot trade HDFCBANK: Daily risk limit exceeded. Risk: 154.70, Limit: 130.62
2026-02-16 12:31:26 - root - INFO -    Reason: EMA uptrend (60%)
2026-02-16 12:31:26 - root - WARNING - Cannot trade ITC: Daily risk limit exceeded. Risk: 139.99, Limit: 130.62
2026-02-16 12:31:26 - root - INFO -    Reason: EMA uptrend (55%) | Increasing bullish momentum (60%)
2026-02-16 12:31:27 - root - WARNING - Cannot trade RELIANCE: Daily risk limit exceeded. Risk: 151.00, Limit: 130.62
2026-02-16 12:31:27 - root - INFO -    Reason: RSI overbought: 72.40 (5%) | EMA uptrend (50%) | Increasing bullish momentum (60%)
2026-02-16 12:31:27 - root - WARNING - Cannot trade HDFCBANK: Daily risk limit exceeded. Risk: 154.70, Limit: 130.62
2026-02-16 12:31:40 - root - INFO -    Reason: EMA uptrend (60%)
2026-02-16 12:31:40 - root - WARNING - Cannot trade ITC: Daily risk limit exceeded. Risk: 139.99, Limit: 130.62
2026-02-16 12:31:41 - root - INFO -    Reason: EMA uptrend (55%) | Increasing bullish momentum (60%)
2026-02-16 12:31:41 - root - WARNING - Cannot trade RELIANCE: Daily risk limit exceeded. Risk: 150.99, Limit: 130.62
2026-02-16 12:31:42 - root - INFO -    Reason: RSI overbought: 72.03 (4%) | EMA uptrend (50%) | Increasing bullish momentum (60%)
2026-02-16 12:31:42 - root - WARNING - Cannot trade HDFCBANK: Daily risk limit exceeded. Risk: 154.69, Limit: 130.62
2026-02-16 12:31:55 - root - INFO -    Reason: EMA downtrend (60%) | Increasing bearish momentum (60%)
2026-02-16 12:31:55 - root - INFO -    Reason: EMA uptrend (55%) | Increasing bullish momentum (60%)
2026-02-16 12:31:55 - root - WARNING - Cannot trade RELIANCE: Daily risk limit exceeded. Risk: 150.98, Limit: 130.62
2026-02-16 12:31:56 - root - INFO -    Reason: RSI overbought: 71.25 (3%) | EMA uptrend (51%) | Increasing bullish momentum (60%)
2026-02-16 12:31:56 - root - WARNING - Cannot trade HDFCBANK: Daily risk limit exceeded. Risk: 154.68, Limit: 130.62
2026-02-16 12:32:09 - root - INFO -    Reason: EMA downtrend (60%) | Increasing bearish momentum (60%)
2026-02-16 12:32:10 - root - INFO -    Reason: EMA uptrend (55%) | Increasing bullish momentum (60%)
2026-02-16 12:32:10 - root - WARNING - Cannot trade RELIANCE: Daily risk limit exceeded. Risk: 150.99, Limit: 130.62
2026-02-16 12:32:10 - root - INFO -    Reason: RSI overbought: 71.65 (3%) | EMA uptrend (51%) | Increasing bullish momentum (60%)
2026-02-16 12:32:10 - root - WARNING - Cannot trade HDFCBANK: Daily risk limit exceeded. Risk: 154.68, Limit: 130.62
2026-02-16 12:32:23 - root - INFO -    Reason: EMA downtrend (60%) | Increasing bearish momentum (60%)
2026-02-16 12:32:24 - root - INFO -    Reason: EMA uptrend (56%)
2026-02-16 12:32:24 - root - WARNING - Cannot trade RELIANCE: Daily risk limit exceeded. Risk: 150.97, Limit: 130.62
2026-02-16 12:32:24 - root - INFO -    Reason: RSI overbought: 71.38 (3%) | EMA uptrend (51%) | Increasing bullish momentum (60%)
2026-02-16 12:32:24 - root - WARNING - Cannot trade HDFCBANK: Daily risk limit exceeded. Risk: 154.68, Limit: 130.62
2026-02-16 12:32:37 - root - INFO -    Reason: EMA downtrend (60%) | Increasing bearish momentum (60%)
2026-02-16 12:32:38 - root - INFO -    Reason: EMA uptrend (56%)
2026-02-16 12:32:38 - root - WARNING - Cannot trade RELIANCE: Daily risk limit exceeded. Risk: 150.97, Limit: 130.62
2026-02-16 12:32:39 - root - INFO -    Reason: RSI declining: 68.73 (50%) | EMA uptrend (51%)
2026-02-16 12:32:52 - root - INFO -    Reason: EMA downtrend (60%)
2026-02-16 12:32:52 - root - INFO -    Reason: EMA uptrend (56%)
2026-02-16 12:32:52 - root - WARNING - Cannot trade RELIANCE: Daily risk limit exceeded. Risk: 150.96, Limit: 130.62
2026-02-16 12:32:53 - root - INFO -    Reason: RSI declining: 69.68 (50%) | EMA uptrend (51%) | Increasing bullish momentum (60%)
2026-02-16 12:32:53 - root - WARNING - Cannot trade HDFCBANK: Daily risk limit exceeded. Risk: 154.66, Limit: 130.62
2026-02-16 12:33:06 - root - INFO -    Reason: EMA uptrend (60%)
2026-02-16 12:33:06 - root - WARNING - Cannot trade ITC: Daily risk limit exceeded. Risk: 139.99, Limit: 130.62
2026-02-16 12:33:07 - root - INFO -    Reason: EMA uptrend (56%)
2026-02-16 12:33:07 - root - WARNING - Cannot trade RELIANCE: Daily risk limit exceeded. Risk: 150.97, Limit: 130.62
2026-02-16 12:33:07 - root - INFO -    Reason: RSI overbought: 71.25 (3%) | EMA uptrend (51%) | Increasing bullish momentum (60%)
2026-02-16 12:33:07 - root - WARNING - Cannot trade HDFCBANK: Daily risk limit exceeded. Risk: 154.67, Limit: 130.62
2026-02-16 12:33:20 - root - INFO -    Reason: EMA downtrend (60%)
2026-02-16 12:33:21 - root - INFO -    Reason: EMA uptrend (56%)
2026-02-16 12:33:21 - root - WARNING - Cannot trade RELIANCE: Daily risk limit exceeded. Risk: 150.97, Limit: 130.62
2026-02-16 12:33:21 - root - INFO -    Reason: RSI overbought: 71.12 (2%) | EMA uptrend (51%) | Increasing bullish momentum (60%)
2026-02-16 12:33:21 - root - WARNING - Cannot trade HDFCBANK: Daily risk limit exceeded. Risk: 154.67, Limit: 130.62
2026-02-16 12:33:34 - root - INFO -    Reason: EMA downtrend (60%)
2026-02-16 12:33:34 - root - INFO -    Reason: EMA uptrend (56%)
2026-02-16 12:33:34 - root - WARNING - Cannot trade RELIANCE: Daily risk limit exceeded. Risk: 150.96, Limit: 130.62
2026-02-16 12:33:35 - root - INFO -    Reason: RSI overbought: 70.98 (2%) | EMA uptrend (51%) | Increasing bullish momentum (60%)
2026-02-16 12:33:35 - root - WARNING - Cannot trade HDFCBANK: Daily risk limit exceeded. Risk: 154.67, Limit: 130.62
2026-02-16 12:33:48 - root - INFO -    Reason: EMA downtrend (60%)
2026-02-16 12:33:48 - root - INFO -    Reason: EMA uptrend (56%)
2026-02-16 12:33:48 - root - WARNING - Cannot trade RELIANCE: Daily risk limit exceeded. Risk: 150.97, Limit: 130.62
2026-02-16 12:33:49 - root - INFO -    Reason: RSI overbought: 71.12 (2%) | EMA uptrend (51%) | Increasing bullish momentum (60%)
2026-02-16 12:33:49 - root - WARNING - Cannot trade HDFCBANK: Daily risk limit exceeded. Risk: 154.68, Limit: 130.62
2026-02-16 12:34:02 - root - INFO -    Reason: EMA downtrend (60%) | Increasing bearish momentum (60%)
2026-02-16 12:34:02 - root - INFO -    Reason: EMA uptrend (56%)
2026-02-16 12:34:02 - root - WARNING - Cannot trade RELIANCE: Daily risk limit exceeded. Risk: 150.96, Limit: 130.62
2026-02-16 12:34:03 - root - INFO -    Reason: RSI overbought: 71.77 (4%) | EMA uptrend (51%) | Increasing bullish momentum (60%)
2026-02-16 12:34:03 - root - WARNING - Cannot trade HDFCBANK: Daily risk limit exceeded. Risk: 154.69, Limit: 130.62
2026-02-16 12:34:16 - root - INFO -    Reason: EMA downtrend (60%)
2026-02-16 12:34:16 - root - INFO -    Reason: EMA uptrend (56%)
2026-02-16 12:34:16 - root - WARNING - Cannot trade RELIANCE: Daily risk limit exceeded. Risk: 150.97, Limit: 130.62
2026-02-16 12:34:17 - root - INFO -    Reason: RSI overbought: 72.40 (5%) | EMA uptrend (50%) | Increasing bullish momentum (60%)
2026-02-16 12:34:17 - root - WARNING - Cannot trade HDFCBANK: Daily risk limit exceeded. Risk: 154.69, Limit: 130.62
2026-02-16 12:34:30 - root - INFO -    Reason: EMA downtrend (60%) | Increasing bearish momentum (60%)
2026-02-16 12:34:30 - root - INFO -    Reason: EMA uptrend (56%)
2026-02-16 12:34:31 - root - WARNING - Cannot trade RELIANCE: Daily risk limit exceeded. Risk: 150.97, Limit: 130.62
2026-02-16 12:34:31 - root - INFO -    Reason: RSI overbought: 72.40 (5%) | EMA uptrend (50%) | Increasing bullish momentum (60%)
2026-02-16 12:34:31 - root - WARNING - Cannot trade HDFCBANK: Daily risk limit exceeded. Risk: 154.70, Limit: 130.62
2026-02-16 12:34:44 - root - INFO -    Reason: EMA uptrend (60%)
2026-02-16 12:34:44 - root - WARNING - Cannot trade ITC: Daily risk limit exceeded. Risk: 139.99, Limit: 130.62
2026-02-16 12:34:45 - root - INFO -    Reason: EMA uptrend (56%)
2026-02-16 12:34:45 - root - WARNING - Cannot trade RELIANCE: Daily risk limit exceeded. Risk: 150.97, Limit: 130.62
2026-02-16 12:34:46 - root - INFO -    Reason: RSI overbought: 72.28 (5%) | EMA uptrend (50%) | Increasing bullish momentum (60%)
2026-02-16 12:34:46 - root - WARNING - Cannot trade HDFCBANK: Daily risk limit exceeded. Risk: 154.69, Limit: 130.62
2026-02-16 12:34:59 - root - INFO -    Reason: EMA uptrend (60%)
2026-02-16 12:34:59 - root - WARNING - Cannot trade ITC: Daily risk limit exceeded. Risk: 139.98, Limit: 130.62
2026-02-16 12:34:59 - root - INFO -    Reason: EMA uptrend (56%)
2026-02-16 12:34:59 - root - WARNING - Cannot trade RELIANCE: Daily risk limit exceeded. Risk: 150.96, Limit: 130.62
2026-02-16 12:35:00 - root - INFO -    Reason: RSI overbought: 71.77 (4%) | EMA uptrend (51%) | Increasing bullish momentum (60%)
2026-02-16 12:35:00 - root - WARNING - Cannot trade HDFCBANK: Daily risk limit exceeded. Risk: 154.68, Limit: 130.62
2026-02-16 12:35:13 - root - INFO -    Reason: EMA downtrend (60%)
2026-02-16 12:35:14 - root - INFO -    Reason: EMA uptrend (56%)
2026-02-16 12:35:14 - root - WARNING - Cannot trade RELIANCE: Daily risk limit exceeded. Risk: 150.97, Limit: 130.62
2026-02-16 12:35:14 - root - INFO -    Reason: RSI overbought: 72.05 (4%) | EMA uptrend (50%) | Increasing bullish momentum (60%)
2026-02-16 12:35:15 - root - WARNING - Cannot trade HDFCBANK: Daily risk limit exceeded. Risk: 154.69, Limit: 130.62
2026-02-16 12:35:27 - root - INFO -    Reason: EMA downtrend (60%)
2026-02-16 12:35:28 - root - INFO -    Reason: EMA uptrend (56%)
2026-02-16 12:35:28 - root - WARNING - Cannot trade RELIANCE: Daily risk limit exceeded. Risk: 150.95, Limit: 130.62
2026-02-16 12:35:29 - root - INFO -    Reason: RSI overbought: 72.05 (4%) | EMA uptrend (50%) | Increasing bullish momentum (60%)
2026-02-16 12:35:29 - root - WARNING - Cannot trade HDFCBANK: Daily risk limit exceeded. Risk: 154.69, Limit: 130.62
2026-02-16 12:35:42 - root - INFO -    Reason: EMA downtrend (60%)
2026-02-16 12:35:42 - root - INFO -    Reason: EMA uptrend (56%)
2026-02-16 12:35:42 - root - WARNING - Cannot trade RELIANCE: Daily risk limit exceeded. Risk: 150.95, Limit: 130.62
2026-02-16 12:35:43 - root - INFO -    Reason: RSI overbought: 71.91 (4%) | EMA uptrend (50%) | Increasing bullish momentum (60%)
2026-02-16 12:35:43 - root - WARNING - Cannot trade HDFCBANK: Daily risk limit exceeded. Risk: 154.68, Limit: 130.62
2026-02-16 12:35:56 - root - INFO -    Reason: EMA downtrend (60%)
2026-02-16 12:35:56 - root - INFO -    Reason: EMA uptrend (56%)
2026-02-16 12:35:56 - root - WARNING - Cannot trade RELIANCE: Daily risk limit exceeded. Risk: 122.52, Limit: 39.36
2026-02-16 12:35:57 - root - INFO -    Reason: RSI overbought: 72.05 (4%) | EMA uptrend (50%) | Increasing bullish momentum (60%)
2026-02-16 12:35:57 - root - WARNING - Cannot trade HDFCBANK: Daily risk limit exceeded. Risk: 117.58, Limit: 39.36
2026-02-16 12:36:10 - root - INFO -    Reason: EMA downtrend (60%)
2026-02-16 12:36:11 - root - INFO -    Reason: EMA uptrend (56%)
2026-02-16 12:36:11 - root - WARNING - Cannot trade RELIANCE: Daily risk limit exceeded. Risk: 122.52, Limit: 39.36
2026-02-16 12:36:11 - root - INFO -    Reason: RSI overbought: 71.91 (4%) | EMA uptrend (50%) | Increasing bullish momentum (60%)
2026-02-16 12:36:11 - root - WARNING - Cannot trade HDFCBANK: Daily risk limit exceeded. Risk: 117.58, Limit: 39.36
2026-02-16 12:36:24 - root - INFO -    Reason: EMA downtrend (60%)
2026-02-16 12:36:25 - root - INFO -    Reason: EMA uptrend (56%)
2026-02-16 12:36:25 - root - WARNING - Cannot trade RELIANCE: Daily risk limit exceeded. Risk: 122.52, Limit: 39.36
2026-02-16 12:36:25 - root - INFO -    Reason: RSI overbought: 72.71 (5%) | EMA uptrend (50%) | Increasing bullish momentum (60%)
2026-02-16 12:36:25 - root - WARNING - Cannot trade HDFCBANK: Daily risk limit exceeded. Risk: 117.58, Limit: 39.36
2026-02-16 12:36:39 - root - INFO -    Reason: EMA downtrend (60%)
2026-02-16 12:36:39 - root - INFO -    Reason: EMA uptrend (56%)
2026-02-16 12:36:39 - root - WARNING - Cannot trade RELIANCE: Daily risk limit exceeded. Risk: 122.52, Limit: 39.36
2026-02-16 12:36:40 - root - INFO -    Reason: RSI overbought: 72.84 (6%) | EMA uptrend (50%) | Increasing bullish momentum (60%)
2026-02-16 12:36:40 - root - WARNING - Cannot trade HDFCBANK: Daily risk limit exceeded. Risk: 117.58, Limit: 39.36
2026-02-16 12:36:53 - root - INFO -    Reason: EMA downtrend (60%)
2026-02-16 12:36:53 - root - INFO -    Reason: EMA uptrend (56%)
2026-02-16 12:36:53 - root - WARNING - Cannot trade RELIANCE: Daily risk limit exceeded. Risk: 122.52, Limit: 39.36
2026-02-16 12:36:54 - root - INFO -    Reason: RSI overbought: 72.84 (6%) | EMA uptrend (50%) | Increasing bullish momentum (60%)
2026-02-16 12:36:54 - root - WARNING - Cannot trade HDFCBANK: Daily risk limit exceeded. Risk: 117.58, Limit: 39.36
2026-02-16 12:37:07 - root - INFO -    Reason: EMA downtrend (60%)
2026-02-16 12:37:07 - root - INFO -    Reason: EMA uptrend (57%)
2026-02-16 12:37:08 - root - WARNING - Cannot trade RELIANCE: Daily risk limit exceeded. Risk: 122.51, Limit: 39.36
2026-02-16 12:37:08 - root - INFO -    Reason: RSI overbought: 72.58 (5%) | EMA uptrend (50%) | Increasing bullish momentum (60%)
2026-02-16 12:37:08 - root - WARNING - Cannot trade HDFCBANK: Daily risk limit exceeded. Risk: 117.58, Limit: 39.36
2026-02-16 12:37:21 - root - INFO -    Reason: EMA downtrend (60%)
2026-02-16 12:37:22 - root - INFO -    Reason: EMA uptrend (57%) | Bearish MACD crossover (85%)
2026-02-16 12:37:23 - root - INFO -    Reason: RSI overbought: 70.39 (1%) | EMA uptrend (51%)
2026-02-16 12:37:23 - root - WARNING - Cannot trade HDFCBANK: Daily risk limit exceeded. Risk: 117.58, Limit: 39.36
2026-02-16 12:37:35 - root - INFO -    Reason: EMA downtrend (60%)
2026-02-16 12:37:36 - root - INFO -    Reason: EMA uptrend (57%) | Bearish MACD crossover (85%)
2026-02-16 12:37:36 - root - INFO -    Reason: RSI declining: 69.72 (50%) | EMA uptrend (51%)
2026-02-16 12:37:49 - root - INFO -    Reason: EMA downtrend (60%)
2026-02-16 12:37:50 - root - INFO -    Reason: EMA uptrend (57%) | Bearish MACD crossover (85%)
2026-02-16 12:37:51 - root - INFO -    Reason: RSI overbought: 70.73 (1%) | EMA uptrend (51%)
2026-02-16 12:37:51 - root - WARNING - Cannot trade HDFCBANK: Daily risk limit exceeded. Risk: 117.58, Limit: 39.36
2026-02-16 12:38:04 - root - INFO -    Reason: EMA downtrend (60%)
2026-02-16 12:38:04 - root - INFO -    Reason: EMA uptrend (57%)
2026-02-16 12:38:04 - root - WARNING - Cannot trade RELIANCE: Daily risk limit exceeded. Risk: 122.51, Limit: 39.36
2026-02-16 12:38:05 - root - INFO -    Reason: RSI overbought: 72.05 (4%) | EMA uptrend (50%) | Increasing bullish momentum (60%)
2026-02-16 12:38:05 - root - WARNING - Cannot trade HDFCBANK: Daily risk limit exceeded. Risk: 117.58, Limit: 39.36
2026-02-16 12:38:18 - root - INFO -    Reason: EMA downtrend (60%)
2026-02-16 12:38:19 - root - INFO -    Reason: EMA uptrend (57%)
2026-02-16 12:38:19 - root - WARNING - Cannot trade RELIANCE: Daily risk limit exceeded. Risk: 122.51, Limit: 39.36
2026-02-16 12:38:19 - root - INFO -    Reason: RSI overbought: 72.18 (4%) | EMA uptrend (50%) | Increasing bullish momentum (60%)
2026-02-16 12:38:19 - root - WARNING - Cannot trade HDFCBANK: Daily risk limit exceeded. Risk: 117.58, Limit: 39.36
2026-02-16 12:38:32 - root - INFO -    Reason: EMA downtrend (60%)
2026-02-16 12:38:33 - root - INFO -    Reason: EMA uptrend (57%) | Bearish MACD crossover (85%)
2026-02-16 12:38:33 - root - INFO -    Reason: RSI overbought: 70.39 (1%) | EMA uptrend (51%)
2026-02-16 12:38:33 - root - WARNING - Cannot trade HDFCBANK: Daily risk limit exceeded. Risk: 117.58, Limit: 39.36
2026-02-16 12:38:46 - root - INFO -    Reason: EMA downtrend (60%)
2026-02-16 12:38:47 - root - INFO -    Reason: EMA uptrend (57%) | Bearish MACD crossover (85%)
2026-02-16 12:38:47 - root - INFO -    Reason: RSI declining: 69.07 (50%) | EMA uptrend (51%)
2026-02-16 12:39:01 - root - INFO -    Reason: EMA downtrend (60%)
2026-02-16 12:39:01 - root - INFO -    Reason: EMA uptrend (57%) | Bearish MACD crossover (85%)
2026-02-16 12:39:02 - root - INFO -    Reason: RSI declining: 67.16 (50%) | EMA uptrend (51%)
2026-02-16 12:39:15 - root - INFO -    Reason: EMA downtrend (60%)
2026-02-16 12:39:15 - root - INFO -    Reason: EMA uptrend (58%) | Bearish MACD crossover (85%)
2026-02-16 12:39:16 - root - INFO -    Reason: RSI overbought: 70.06 (0%) | EMA uptrend (51%)
2026-02-16 12:39:16 - root - WARNING - Cannot trade HDFCBANK: Daily risk limit exceeded. Risk: 117.58, Limit: 39.36
2026-02-16 12:39:29 - root - INFO -    Reason: EMA downtrend (60%)
2026-02-16 12:39:29 - root - INFO -    Reason: EMA uptrend (58%) | Bearish MACD crossover (85%)
2026-02-16 12:39:30 - root - INFO -    Reason: RSI overbought: 71.08 (2%) | EMA uptrend (50%)
2026-02-16 12:39:30 - root - WARNING - Cannot trade HDFCBANK: Daily risk limit exceeded. Risk: 117.58, Limit: 39.36
2026-02-16 12:39:43 - root - INFO -    Reason: EMA downtrend (60%)
2026-02-16 12:39:43 - root - INFO -    Reason: EMA uptrend (57%) | Bearish MACD crossover (85%)
2026-02-16 12:39:44 - root - INFO -    Reason: RSI overbought: 71.42 (3%) | EMA uptrend (50%)
2026-02-16 12:39:44 - root - WARNING - Cannot trade HDFCBANK: Daily risk limit exceeded. Risk: 117.58, Limit: 39.36
2026-02-16 12:39:57 - root - INFO -    Reason: EMA downtrend (60%)
2026-02-16 12:39:58 - root - INFO -    Reason: EMA uptrend (57%) | Bearish MACD crossover (85%)
2026-02-16 12:39:58 - root - INFO -    Reason: RSI declining: 69.07 (50%) | EMA uptrend (51%)
2026-02-16 12:40:11 - root - INFO -    Reason: EMA downtrend (60%)
2026-02-16 12:40:12 - root - INFO -    Reason: EMA uptrend (58%) | Increasing bearish momentum (60%)
2026-02-16 12:40:12 - root - INFO -    Reason: RSI overbought: 70.06 (0%) | EMA uptrend (51%)
2026-02-16 12:40:12 - root - WARNING - Cannot trade HDFCBANK: Daily risk limit exceeded. Risk: 117.58, Limit: 39.36
2026-02-16 12:40:25 - root - INFO -    Reason: EMA downtrend (60%)
2026-02-16 12:40:26 - root - INFO -    Reason: EMA uptrend (59%) | Increasing bearish momentum (60%)
2026-02-16 12:40:26 - root - INFO -    Reason: RSI overbought: 70.06 (0%) | EMA uptrend (51%)
2026-02-16 12:40:26 - root - WARNING - Cannot trade HDFCBANK: Daily risk limit exceeded. Risk: 117.57, Limit: 39.36
2026-02-16 12:40:39 - root - INFO -    Reason: EMA downtrend (60%)
2026-02-16 12:40:40 - root - INFO -    Reason: EMA uptrend (59%) | Increasing bearish momentum (60%)
2026-02-16 12:40:40 - root - INFO -    Reason: RSI declining: 69.34 (50%) | EMA uptrend (51%)
2026-02-16 12:40:53 - root - INFO -    Reason: EMA downtrend (60%)
2026-02-16 12:40:54 - root - INFO -    Reason: EMA uptrend (59%) | Increasing bearish momentum (60%)
2026-02-16 12:40:54 - root - INFO -    Reason: RSI overbought: 70.36 (1%) | EMA uptrend (51%)
2026-02-16 12:40:54 - root - WARNING - Cannot trade HDFCBANK: Daily risk limit exceeded. Risk: 117.58, Limit: 39.36
2026-02-16 12:41:07 - root - INFO -    Reason: EMA downtrend (60%)
2026-02-16 12:41:08 - root - INFO -    Reason: EMA uptrend (58%) | Increasing bearish momentum (60%)
2026-02-16 12:41:08 - root - INFO -    Reason: RSI overbought: 70.36 (1%) | EMA uptrend (51%)
2026-02-16 12:41:08 - root - WARNING - Cannot trade HDFCBANK: Daily risk limit exceeded. Risk: 117.58, Limit: 39.36
2026-02-16 12:41:21 - root - INFO -    Reason: EMA downtrend (60%)
2026-02-16 12:41:22 - root - INFO -    Reason: EMA uptrend (59%) | Increasing bearish momentum (60%)
2026-02-16 12:41:22 - root - INFO -    Reason: RSI overbought: 70.21 (0%) | EMA uptrend (51%)
2026-02-16 12:41:22 - root - WARNING - Cannot trade HDFCBANK: Daily risk limit exceeded. Risk: 117.57, Limit: 39.36
2026-02-16 12:41:35 - root - INFO -    Reason: EMA downtrend (60%)
2026-02-16 12:41:36 - root - INFO -    Reason: EMA uptrend (58%) | Increasing bearish momentum (60%)
2026-02-16 12:41:37 - root - INFO -    Reason: RSI overbought: 71.24 (2%) | EMA uptrend (51%)
2026-02-16 12:41:37 - root - WARNING - Cannot trade HDFCBANK: Daily risk limit exceeded. Risk: 117.58, Limit: 39.36
2026-02-16 12:41:50 - root - INFO -    Reason: EMA downtrend (60%) | Increasing bearish momentum (60%)
2026-02-16 12:41:50 - root - INFO -    Reason: EMA uptrend (58%) | Increasing bearish momentum (60%)
2026-02-16 12:41:51 - root - INFO -    Reason: RSI overbought: 71.80 (4%) | EMA uptrend (50%) | Increasing bullish momentum (60%)
2026-02-16 12:41:51 - root - WARNING - Cannot trade HDFCBANK: Daily risk limit exceeded. Risk: 117.58, Limit: 39.36
2026-02-16 12:42:04 - root - INFO -    Reason: EMA downtrend (60%)
2026-02-16 12:42:04 - root - INFO -    Reason: EMA uptrend (58%) | Increasing bearish momentum (60%)
2026-02-16 12:42:05 - root - INFO -    Reason: RSI overbought: 71.52 (3%) | EMA uptrend (51%)
2026-02-16 12:42:05 - root - WARNING - Cannot trade HDFCBANK: Daily risk limit exceeded. Risk: 117.58, Limit: 39.36
2026-02-16 12:42:18 - root - INFO -    Reason: EMA downtrend (60%)
2026-02-16 12:42:19 - root - INFO -    Reason: EMA uptrend (58%) | Increasing bearish momentum (60%)
2026-02-16 12:42:19 - root - INFO -    Reason: RSI overbought: 71.52 (3%) | EMA uptrend (51%)
2026-02-16 12:42:19 - root - WARNING - Cannot trade HDFCBANK: Daily risk limit exceeded. Risk: 117.58, Limit: 39.36
2026-02-16 12:42:32 - root - INFO -    Reason: EMA downtrend (60%)
2026-02-16 12:42:33 - root - INFO -    Reason: EMA uptrend (58%) | Increasing bearish momentum (60%)
2026-02-16 12:42:33 - root - INFO -    Reason: RSI overbought: 71.52 (3%) | EMA uptrend (51%)
2026-02-16 12:42:33 - root - WARNING - Cannot trade HDFCBANK: Daily risk limit exceeded. Risk: 117.58, Limit: 39.36
2026-02-16 12:42:46 - root - INFO -    Reason: EMA downtrend (60%)
2026-02-16 12:42:47 - root - INFO -    Reason: EMA uptrend (58%) | Increasing bearish momentum (60%)
2026-02-16 12:42:47 - root - INFO -    Reason: RSI overbought: 72.07 (4%) | EMA uptrend (50%) | Increasing bullish momentum (60%)
2026-02-16 12:42:47 - root - WARNING - Cannot trade HDFCBANK: Daily risk limit exceeded. Risk: 117.58, Limit: 39.36
2026-02-16 12:43:00 - root - INFO -    Reason: EMA downtrend (60%)
2026-02-16 12:43:01 - root - INFO -    Reason: EMA uptrend (58%) | Increasing bearish momentum (60%)
2026-02-16 12:43:01 - root - INFO -    Reason: RSI overbought: 72.98 (6%) | EMA uptrend (50%) | Increasing bullish momentum (60%)
2026-02-16 12:43:02 - root - WARNING - Cannot trade HDFCBANK: Daily risk limit exceeded. Risk: 117.58, Limit: 39.36
2026-02-16 12:43:14 - root - INFO -    Reason: EMA downtrend (60%)
2026-02-16 12:43:15 - root - INFO -    Reason: EMA uptrend (58%) | Increasing bearish momentum (60%)
2026-02-16 12:43:16 - root - INFO -    Reason: RSI overbought: 75.07 (10%) | EMA uptrend (49%) | Increasing bullish momentum (60%)
2026-02-16 12:43:16 - root - WARNING - Cannot trade HDFCBANK: Daily risk limit exceeded. Risk: 117.59, Limit: 39.36
2026-02-16 12:43:29 - root - INFO -    Reason: EMA downtrend (60%)
2026-02-16 12:43:29 - root - INFO -    Reason: EMA uptrend (58%) | Increasing bearish momentum (60%)
2026-02-16 12:43:30 - root - INFO -    Reason: RSI overbought: 73.83 (8%) | EMA uptrend (50%) | Increasing bullish momentum (60%)
2026-02-16 12:43:30 - root - WARNING - Cannot trade HDFCBANK: Daily risk limit exceeded. Risk: 117.59, Limit: 39.36
2026-02-16 12:43:43 - root - INFO -    Reason: EMA downtrend (60%)
2026-02-16 12:43:43 - root - INFO -    Reason: EMA uptrend (58%) | Increasing bearish momentum (60%)
2026-02-16 12:43:44 - root - INFO -    Reason: RSI overbought: 73.83 (8%) | EMA uptrend (50%) | Increasing bullish momentum (60%)
2026-02-16 12:43:44 - root - WARNING - Cannot trade HDFCBANK: Daily risk limit exceeded. Risk: 117.59, Limit: 39.36
2026-02-16 12:43:57 - root - INFO -    Reason: EMA downtrend (60%)
2026-02-16 12:43:57 - root - INFO - Bot stopped by user
2026-02-16 12:51:26 - root - INFO - Dhan.py System Started
2026-02-16 12:51:26 - root - INFO - System Started
2026-02-16 12:51:29 - root - INFO - Connected successfully. Balance: 28291.5
2026-02-16 12:56:27 - root - INFO - Dhan.py System Started
2026-02-16 12:56:27 - root - INFO - System Started
2026-02-16 12:56:29 - root - INFO - Connected successfully. Balance: 28291.5
2026-02-16 12:56:29 - root - INFO - Excel reporting initialized
2026-02-16 12:56:29 - root - INFO - Bot Started
Watchlist: 6 stocks
Max Orders: 5
Trailing Stop: 0.2% (profit only)
Test Mode: False
2026-02-16 12:56:31 - root - INFO - Bot started. Press Ctrl+C to stop.
2026-02-16 12:56:32 - root - INFO - [SELL] ITC: SELL (24%) @ 316.25
2026-02-16 12:56:32 - root - INFO -    Reason: EMA downtrend (59%)
2026-02-16 12:56:32 - root - INFO - [BUY] BEL: BUY (23%) @ 435.5
2026-02-16 12:56:32 - root - INFO -    Reason: EMA uptrend (58%)
2026-02-16 12:56:32 - root - INFO - Placing BUY order for BEL
2026-02-16 12:56:32 - root - INFO - Price: 435.5, Initial SL: 431.14, Target: 444.21, Trailing: 0.2%
2026-02-16 12:56:32 - root - INFO - BUY BEL
Qty: 10 @ 435.5
Initial SL: 431.14 | Target: 444.21
Trailing: 0.2% (moves only in profit)
Signal: EMA uptrend (58%)
2026-02-16 12:56:34 - root - INFO - Order placed for BEL: 233260216530971
2026-02-16 12:56:34 - root - INFO - [BUY] IDBI: BUY (42%) @ 109.75
2026-02-16 12:56:34 - root - INFO -    Reason: EMA uptrend (60%) | Increasing bullish momentum (60%)
2026-02-16 12:56:34 - root - INFO - Placing BUY order for IDBI
2026-02-16 12:56:34 - root - INFO - Price: 109.75, Initial SL: 108.65, Target: 111.95, Trailing: 0.2%
2026-02-16 12:56:34 - root - INFO - BUY IDBI
Qty: 10 @ 109.75
Initial SL: 108.65 | Target: 111.95
Trailing: 0.2% (moves only in profit)
Signal: EMA uptrend (60%) | Increasing bullish momentum (60%)
2026-02-16 12:56:36 - root - INFO - Order placed for IDBI: 243260216603871
2026-02-16 12:56:36 - root - INFO - [BUY] TCS: BUY (23%) @ 2685.7
2026-02-16 12:56:36 - root - INFO -    Reason: EMA uptrend (58%)
2026-02-16 12:56:36 - root - INFO - Placing BUY order for TCS
2026-02-16 12:56:36 - root - INFO - Price: 2685.7, Initial SL: 2658.84, Target: 2739.41, Trailing: 0.2%
2026-02-16 12:56:36 - root - INFO - BUY TCS
Qty: 2 @ 2685.7
Initial SL: 2658.84 | Target: 2739.41
Trailing: 0.2% (moves only in profit)
Signal: EMA uptrend (58%)
2026-02-16 12:56:38 - root - INFO - Order placed for TCS: 333260216561371
2026-02-16 12:56:38 - root - INFO - [BUY] RELIANCE: BUY (24%) @ 1421.3
2026-02-16 12:56:38 - root - INFO -    Reason: EMA uptrend (60%)
2026-02-16 12:56:38 - root - WARNING - Cannot trade RELIANCE: Daily risk limit exceeded. Risk: 150.88, Limit: 130.62
2026-02-16 12:56:39 - root - INFO - [NEUTRAL] HDFCBANK: NEUTRAL (26%) @ 928.3
2026-02-16 12:56:39 - root - INFO -    Reason: EMA uptrend (51%) | Bearish MACD crossover (85%)
2026-02-16 12:56:40 - root - ERROR - Exception at calling ltp as {'status': 'failure', 'remarks': {'error_code': None, 'error_type': None, 'error_message': None}, 'data': ''}
Traceback (most recent call last):
  File "C:\Users\Sidma\AppData\Local\Programs\Python\Python312\Lib\site-packages\Dhan_Tradehull\Dhan_Tradehull.py", line 453, in get_ltp_data
    raise Exception(data)
Exception: {'status': 'failure', 'remarks': {'error_code': None, 'error_type': None, 'error_message': None}, 'data': ''}
2026-02-16 12:56:42 - root - INFO - Order completed: BEL
Reason: Manually Closed
Entry: 435.5 | Exit: 435.6
PnL: 1.00 (0.02%)
Trailing Updates: 0
SL Improved: 0.00%
Final SL: 431.14
2026-02-16 12:56:43 - root - INFO - Order completed for BEL - Manually Closed - PnL: 1.00 (0.02%) - Trailing updates: 0
2026-02-16 12:56:53 - root - INFO - [SELL] ITC: SELL (42%) @ 316.2
2026-02-16 12:56:53 - root - INFO -    Reason: EMA downtrend (59%) | Increasing bearish momentum (60%)
2026-02-16 12:56:53 - root - INFO - [BUY] BEL: BUY (23%) @ 435.4
2026-02-16 12:56:53 - root - INFO -    Reason: EMA uptrend (58%)
2026-02-16 12:56:54 - root - WARNING - Cannot trade BEL: Daily risk limit exceeded. Risk: 151.78, Limit: 130.62
2026-02-16 12:56:54 - root - INFO - [BUY] RELIANCE: BUY (24%) @ 1421.5
2026-02-16 12:56:54 - root - INFO -    Reason: EMA uptrend (60%)
2026-02-16 12:56:54 - root - WARNING - Cannot trade RELIANCE: Daily risk limit exceeded. Risk: 150.88, Limit: 130.62
2026-02-16 12:56:55 - root - INFO - [NEUTRAL] HDFCBANK: NEUTRAL (26%) @ 928.15
2026-02-16 12:56:55 - root - INFO -    Reason: EMA uptrend (51%) | Bearish MACD crossover (85%)
2026-02-16 12:56:55 - root - ERROR - Exception at calling ltp as {'status': 'failure', 'remarks': {'error_code': None, 'error_type': None, 'error_message': None}, 'data': ''}
Traceback (most recent call last):
  File "C:\Users\Sidma\AppData\Local\Programs\Python\Python312\Lib\site-packages\Dhan_Tradehull\Dhan_Tradehull.py", line 453, in get_ltp_data
    raise Exception(data)
Exception: {'status': 'failure', 'remarks': {'error_code': None, 'error_type': None, 'error_message': None}, 'data': ''}
2026-02-16 12:57:05 - root - INFO - [SELL] ITC: SELL (41%) @ 316.0
2026-02-16 12:57:05 - root - INFO -    Reason: EMA downtrend (59%) | Increasing bearish momentum (60%)
2026-02-16 12:57:06 - root - INFO - [BUY] BEL: BUY (23%) @ 435.6
2026-02-16 12:57:06 - root - INFO -    Reason: EMA uptrend (58%)
2026-02-16 12:57:06 - root - WARNING - Cannot trade BEL: Daily risk limit exceeded. Risk: 151.80, Limit: 130.62
2026-02-16 12:57:06 - root - INFO - [BUY] RELIANCE: BUY (24%) @ 1421.6
2026-02-16 12:57:06 - root - INFO -    Reason: EMA uptrend (60%)
2026-02-16 12:57:06 - root - WARNING - Cannot trade RELIANCE: Daily risk limit exceeded. Risk: 150.89, Limit: 130.62
2026-02-16 12:57:07 - root - INFO - [SELL] HDFCBANK: SELL (40%) @ 928.3
2026-02-16 12:57:07 - root - INFO -    Reason: RSI declining: 65.45 (50%) | EMA uptrend (51%) | Bearish MACD crossover (85%)
2026-02-16 12:57:08 - root - ERROR - Exception at calling ltp as {'status': 'failure', 'remarks': {'error_code': None, 'error_type': None, 'error_message': None}, 'data': ''}
Traceback (most recent call last):
  File "C:\Users\Sidma\AppData\Local\Programs\Python\Python312\Lib\site-packages\Dhan_Tradehull\Dhan_Tradehull.py", line 453, in get_ltp_data
    raise Exception(data)
Exception: {'status': 'failure', 'remarks': {'error_code': None, 'error_type': None, 'error_message': None}, 'data': ''}
2026-02-16 12:57:18 - root - INFO - [SELL] ITC: SELL (42%) @ 315.9
2026-02-16 12:57:18 - root - INFO -    Reason: EMA downtrend (59%) | Increasing bearish momentum (60%)
2026-02-16 12:57:18 - root - INFO - [BUY] BEL: BUY (23%) @ 435.45
2026-02-16 12:57:18 - root - INFO -    Reason: EMA uptrend (58%)
2026-02-16 12:57:18 - root - WARNING - Cannot trade BEL: Daily risk limit exceeded. Risk: 151.78, Limit: 130.61
2026-02-16 12:57:19 - root - INFO - [BUY] RELIANCE: BUY (24%) @ 1421.3
2026-02-16 12:57:19 - root - INFO -    Reason: EMA uptrend (59%)
2026-02-16 12:57:19 - root - WARNING - Cannot trade RELIANCE: Daily risk limit exceeded. Risk: 150.88, Limit: 130.61
2026-02-16 12:57:19 - root - INFO - [SELL] HDFCBANK: SELL (40%) @ 927.55
2026-02-16 12:57:19 - root - INFO -    Reason: RSI declining: 63.81 (50%) | EMA uptrend (52%) | Bearish MACD crossover (85%)
2026-02-16 12:57:20 - root - ERROR - Exception at calling ltp as {'status': 'failure', 'remarks': {'error_code': None, 'error_type': None, 'error_message': None}, 'data': ''}
Traceback (most recent call last):
  File "C:\Users\Sidma\AppData\Local\Programs\Python\Python312\Lib\site-packages\Dhan_Tradehull\Dhan_Tradehull.py", line 453, in get_ltp_data
    raise Exception(data)
Exception: {'status': 'failure', 'remarks': {'error_code': None, 'error_type': None, 'error_message': None}, 'data': ''}
2026-02-16 12:57:30 - root - INFO - [SELL] ITC: SELL (41%) @ 315.8
2026-02-16 12:57:30 - root - INFO -    Reason: EMA downtrend (59%) | Increasing bearish momentum (60%)
2026-02-16 12:57:31 - root - INFO - [BUY] BEL: BUY (23%) @ 435.45
2026-02-16 12:57:31 - root - INFO -    Reason: EMA uptrend (58%)
2026-02-16 12:57:31 - root - WARNING - Cannot trade BEL: Daily risk limit exceeded. Risk: 151.78, Limit: 130.62
2026-02-16 12:57:31 - root - INFO - [BUY] RELIANCE: BUY (24%) @ 1421.9
2026-02-16 12:57:31 - root - INFO -    Reason: EMA uptrend (59%)
2026-02-16 12:57:32 - root - WARNING - Cannot trade RELIANCE: Daily risk limit exceeded. Risk: 150.90, Limit: 130.62
2026-02-16 12:57:32 - root - INFO - [SELL] HDFCBANK: SELL (40%) @ 927.6
2026-02-16 12:57:32 - root - INFO -    Reason: RSI declining: 63.28 (50%) | EMA uptrend (52%) | Bearish MACD crossover (85%)
2026-02-16 12:57:33 - root - ERROR - Exception at calling ltp as {'status': 'failure', 'remarks': {'error_code': None, 'error_type': None, 'error_message': None}, 'data': ''}
Traceback (most recent call last):
  File "C:\Users\Sidma\AppData\Local\Programs\Python\Python312\Lib\site-packages\Dhan_Tradehull\Dhan_Tradehull.py", line 453, in get_ltp_data
    raise Exception(data)
Exception: {'status': 'failure', 'remarks': {'error_code': None, 'error_type': None, 'error_message': None}, 'data': ''}
2026-02-16 12:57:43 - root - INFO - [SELL] ITC: SELL (41%) @ 315.8
2026-02-16 12:57:43 - root - INFO -    Reason: EMA downtrend (59%) | Increasing bearish momentum (60%)
2026-02-16 12:57:44 - root - INFO - [BUY] BEL: BUY (23%) @ 435.45
2026-02-16 12:57:44 - root - INFO -    Reason: EMA uptrend (58%)
2026-02-16 12:57:44 - root - WARNING - Cannot trade BEL: Daily risk limit exceeded. Risk: 151.78, Limit: 130.61
2026-02-16 12:57:44 - root - INFO - [BUY] RELIANCE: BUY (24%) @ 1421.4
2026-02-16 12:57:44 - root - INFO -    Reason: EMA uptrend (59%)
2026-02-16 12:57:44 - root - WARNING - Cannot trade RELIANCE: Daily risk limit exceeded. Risk: 150.88, Limit: 130.61
2026-02-16 12:57:45 - root - INFO - [SELL] HDFCBANK: SELL (40%) @ 927.65
2026-02-16 12:57:45 - root - INFO -    Reason: RSI declining: 63.54 (50%) | EMA uptrend (52%) | Bearish MACD crossover (85%)
2026-02-16 12:57:46 - root - ERROR - Exception at calling ltp as {'status': 'failure', 'remarks': {'error_code': None, 'error_type': None, 'error_message': None}, 'data': ''}
Traceback (most recent call last):
  File "C:\Users\Sidma\AppData\Local\Programs\Python\Python312\Lib\site-packages\Dhan_Tradehull\Dhan_Tradehull.py", line 453, in get_ltp_data
    raise Exception(data)
Exception: {'status': 'failure', 'remarks': {'error_code': None, 'error_type': None, 'error_message': None}, 'data': ''}
2026-02-16 12:57:56 - root - INFO - [SELL] ITC: SELL (41%) @ 315.85
2026-02-16 12:57:56 - root - INFO -    Reason: EMA downtrend (59%) | Increasing bearish momentum (60%)
2026-02-16 12:57:57 - root - INFO - [BUY] BEL: BUY (23%) @ 435.5
2026-02-16 12:57:57 - root - INFO -    Reason: EMA uptrend (58%)
2026-02-16 12:57:57 - root - WARNING - Cannot trade BEL: Daily risk limit exceeded. Risk: 151.79, Limit: 130.61
2026-02-16 12:57:57 - root - INFO - [BUY] RELIANCE: BUY (24%) @ 1421.3
2026-02-16 12:57:57 - root - INFO -    Reason: EMA uptrend (60%)
2026-02-16 12:57:57 - root - WARNING - Cannot trade RELIANCE: Daily risk limit exceeded. Risk: 150.88, Limit: 130.61
2026-02-16 12:57:58 - root - INFO - [SELL] HDFCBANK: SELL (40%) @ 927.65
2026-02-16 12:57:58 - root - INFO -    Reason: RSI declining: 63.81 (50%) | EMA uptrend (52%) | Bearish MACD crossover (85%)
2026-02-16 12:57:59 - root - ERROR - Exception at calling ltp as {'status': 'failure', 'remarks': {'error_code': None, 'error_type': None, 'error_message': None}, 'data': ''}
Traceback (most recent call last):
  File "C:\Users\Sidma\AppData\Local\Programs\Python\Python312\Lib\site-packages\Dhan_Tradehull\Dhan_Tradehull.py", line 453, in get_ltp_data
    raise Exception(data)
Exception: {'status': 'failure', 'remarks': {'error_code': None, 'error_type': None, 'error_message': None}, 'data': ''}
2026-02-16 12:58:09 - root - INFO - [SELL] ITC: SELL (41%) @ 315.8
2026-02-16 12:58:09 - root - INFO -    Reason: EMA downtrend (59%) | Increasing bearish momentum (60%)
2026-02-16 12:58:09 - root - INFO - [BUY] BEL: BUY (23%) @ 435.4
2026-02-16 12:58:09 - root - INFO -    Reason: EMA uptrend (58%)
2026-02-16 12:58:10 - root - WARNING - Cannot trade BEL: Daily risk limit exceeded. Risk: 151.78, Limit: 130.60
2026-02-16 12:58:10 - root - INFO - [BUY] RELIANCE: BUY (24%) @ 1421.1
2026-02-16 12:58:10 - root - INFO -    Reason: EMA uptrend (60%)
2026-02-16 12:58:10 - root - WARNING - Cannot trade RELIANCE: Daily risk limit exceeded. Risk: 150.87, Limit: 130.60
2026-02-16 12:58:11 - root - INFO - [SELL] HDFCBANK: SELL (40%) @ 927.4
2026-02-16 12:58:11 - root - INFO -    Reason: RSI declining: 61.74 (50%) | EMA uptrend (52%) | Bearish MACD crossover (85%)
2026-02-16 12:58:12 - root - ERROR - Exception at calling ltp as {'status': 'failure', 'remarks': {'error_code': None, 'error_type': None, 'error_message': None}, 'data': ''}
Traceback (most recent call last):
  File "C:\Users\Sidma\AppData\Local\Programs\Python\Python312\Lib\site-packages\Dhan_Tradehull\Dhan_Tradehull.py", line 453, in get_ltp_data
    raise Exception(data)
Exception: {'status': 'failure', 'remarks': {'error_code': None, 'error_type': None, 'error_message': None}, 'data': ''}
2026-02-16 12:58:22 - root - INFO - [SELL] ITC: SELL (41%) @ 315.7
2026-02-16 12:58:22 - root - INFO -    Reason: EMA downtrend (59%) | Increasing bearish momentum (60%)
2026-02-16 12:58:22 - root - INFO - [BUY] BEL: BUY (23%) @ 435.35
2026-02-16 12:58:22 - root - INFO -    Reason: EMA uptrend (58%)
2026-02-16 12:58:22 - root - WARNING - Cannot trade BEL: Daily risk limit exceeded. Risk: 151.77, Limit: 130.59
2026-02-16 12:58:23 - root - INFO - [BUY] RELIANCE: BUY (24%) @ 1421.5
2026-02-16 12:58:23 - root - INFO -    Reason: EMA uptrend (60%)
2026-02-16 12:58:23 - root - WARNING - Cannot trade RELIANCE: Daily risk limit exceeded. Risk: 150.88, Limit: 130.59
2026-02-16 12:58:23 - root - INFO - [SELL] HDFCBANK: SELL (40%) @ 927.6
2026-02-16 12:58:23 - root - INFO -    Reason: RSI declining: 63.28 (50%) | EMA uptrend (52%) | Bearish MACD crossover (85%)
2026-02-16 12:58:24 - root - ERROR - Exception at calling ltp as {'status': 'failure', 'remarks': {'error_code': None, 'error_type': None, 'error_message': None}, 'data': ''}
Traceback (most recent call last):
  File "C:\Users\Sidma\AppData\Local\Programs\Python\Python312\Lib\site-packages\Dhan_Tradehull\Dhan_Tradehull.py", line 453, in get_ltp_data
    raise Exception(data)
Exception: {'status': 'failure', 'remarks': {'error_code': None, 'error_type': None, 'error_message': None}, 'data': ''}
2026-02-16 12:58:34 - root - INFO - [SELL] ITC: SELL (41%) @ 315.75
2026-02-16 12:58:34 - root - INFO -    Reason: EMA downtrend (59%) | Increasing bearish momentum (60%)
2026-02-16 12:58:35 - root - INFO - [BUY] BEL: BUY (23%) @ 435.35
2026-02-16 12:58:35 - root - INFO -    Reason: EMA uptrend (58%)
2026-02-16 12:58:35 - root - WARNING - Cannot trade BEL: Daily risk limit exceeded. Risk: 151.77, Limit: 130.59
2026-02-16 12:58:35 - root - INFO - [BUY] RELIANCE: BUY (24%) @ 1421.3
2026-02-16 12:58:35 - root - INFO -    Reason: EMA uptrend (60%)
2026-02-16 12:58:35 - root - WARNING - Cannot trade RELIANCE: Daily risk limit exceeded. Risk: 150.88, Limit: 130.59
2026-02-16 12:58:36 - root - INFO - [SELL] HDFCBANK: SELL (40%) @ 927.65
2026-02-16 12:58:36 - root - INFO -    Reason: RSI declining: 63.81 (50%) | EMA uptrend (52%) | Bearish MACD crossover (85%)
2026-02-16 12:58:37 - root - ERROR - Exception at calling ltp as {'status': 'failure', 'remarks': {'error_code': None, 'error_type': None, 'error_message': None}, 'data': ''}
Traceback (most recent call last):
  File "C:\Users\Sidma\AppData\Local\Programs\Python\Python312\Lib\site-packages\Dhan_Tradehull\Dhan_Tradehull.py", line 453, in get_ltp_data
    raise Exception(data)
Exception: {'status': 'failure', 'remarks': {'error_code': None, 'error_type': None, 'error_message': None}, 'data': ''}
2026-02-16 12:58:47 - root - INFO - [SELL] ITC: SELL (41%) @ 315.75
2026-02-16 12:58:47 - root - INFO -    Reason: EMA downtrend (59%) | Increasing bearish momentum (60%)
2026-02-16 12:58:47 - root - INFO - [BUY] BEL: BUY (23%) @ 435.1
2026-02-16 12:58:47 - root - INFO -    Reason: EMA uptrend (58%)
2026-02-16 12:58:48 - root - WARNING - Cannot trade BEL: Daily risk limit exceeded. Risk: 151.75, Limit: 130.58
2026-02-16 12:58:48 - root - INFO - [BUY] RELIANCE: BUY (24%) @ 1421.5
2026-02-16 12:58:48 - root - INFO -    Reason: EMA uptrend (60%)
2026-02-16 12:58:48 - root - WARNING - Cannot trade RELIANCE: Daily risk limit exceeded. Risk: 150.88, Limit: 130.58
2026-02-16 12:58:49 - root - INFO - [SELL] HDFCBANK: SELL (40%) @ 927.7
2026-02-16 12:58:49 - root - INFO -    Reason: RSI declining: 62.50 (50%) | EMA uptrend (52%) | Bearish MACD crossover (85%)
2026-02-16 12:58:50 - root - ERROR - Exception at calling ltp as {'status': 'failure', 'remarks': {'error_code': None, 'error_type': None, 'error_message': None}, 'data': ''}
Traceback (most recent call last):
  File "C:\Users\Sidma\AppData\Local\Programs\Python\Python312\Lib\site-packages\Dhan_Tradehull\Dhan_Tradehull.py", line 453, in get_ltp_data
    raise Exception(data)
Exception: {'status': 'failure', 'remarks': {'error_code': None, 'error_type': None, 'error_message': None}, 'data': ''}
2026-02-16 12:59:00 - root - INFO - [SELL] ITC: SELL (41%) @ 315.75
2026-02-16 12:59:00 - root - INFO -    Reason: EMA downtrend (59%) | Increasing bearish momentum (60%)
2026-02-16 12:59:00 - root - INFO - [BUY] BEL: BUY (23%) @ 435.1
2026-02-16 12:59:00 - root - INFO -    Reason: EMA uptrend (58%)
2026-02-16 12:59:00 - root - WARNING - Cannot trade BEL: Daily risk limit exceeded. Risk: 151.75, Limit: 130.59
2026-02-16 12:59:01 - root - INFO - [BUY] RELIANCE: BUY (24%) @ 1421.6
2026-02-16 12:59:01 - root - INFO -    Reason: EMA uptrend (60%)
2026-02-16 12:59:01 - root - WARNING - Cannot trade RELIANCE: Daily risk limit exceeded. Risk: 150.89, Limit: 130.59
2026-02-16 12:59:01 - root - INFO - [SELL] HDFCBANK: SELL (40%) @ 927.7
2026-02-16 12:59:01 - root - INFO -    Reason: RSI declining: 63.02 (50%) | EMA uptrend (52%) | Bearish MACD crossover (85%)
2026-02-16 12:59:02 - root - ERROR - Exception at calling ltp as {'status': 'failure', 'remarks': {'error_code': None, 'error_type': None, 'error_message': None}, 'data': ''}
Traceback (most recent call last):
  File "C:\Users\Sidma\AppData\Local\Programs\Python\Python312\Lib\site-packages\Dhan_Tradehull\Dhan_Tradehull.py", line 453, in get_ltp_data
    raise Exception(data)
Exception: {'status': 'failure', 'remarks': {'error_code': None, 'error_type': None, 'error_message': None}, 'data': ''}
2026-02-16 12:59:12 - root - INFO - [SELL] ITC: SELL (41%) @ 315.65
2026-02-16 12:59:12 - root - INFO -    Reason: EMA downtrend (59%) | Increasing bearish momentum (60%)
2026-02-16 12:59:13 - root - INFO - [BUY] BEL: BUY (23%) @ 435.2
2026-02-16 12:59:13 - root - INFO -    Reason: EMA uptrend (58%)
2026-02-16 12:59:13 - root - WARNING - Cannot trade BEL: Daily risk limit exceeded. Risk: 151.76, Limit: 130.58
2026-02-16 12:59:13 - root - INFO - [BUY] RELIANCE: BUY (24%) @ 1421.6
2026-02-16 12:59:13 - root - INFO -    Reason: EMA uptrend (60%)
2026-02-16 12:59:13 - root - WARNING - Cannot trade RELIANCE: Daily risk limit exceeded. Risk: 150.89, Limit: 130.58
2026-02-16 12:59:14 - root - INFO - [SELL] HDFCBANK: SELL (40%) @ 927.65
2026-02-16 12:59:14 - root - INFO -    Reason: RSI declining: 63.02 (50%) | EMA uptrend (52%) | Bearish MACD crossover (85%)
2026-02-16 12:59:15 - root - ERROR - Exception at calling ltp as {'status': 'failure', 'remarks': {'error_code': None, 'error_type': None, 'error_message': None}, 'data': ''}
Traceback (most recent call last):
  File "C:\Users\Sidma\AppData\Local\Programs\Python\Python312\Lib\site-packages\Dhan_Tradehull\Dhan_Tradehull.py", line 453, in get_ltp_data
    raise Exception(data)
Exception: {'status': 'failure', 'remarks': {'error_code': None, 'error_type': None, 'error_message': None}, 'data': ''}
2026-02-16 12:59:25 - root - INFO - [SELL] ITC: SELL (41%) @ 315.75
2026-02-16 12:59:25 - root - INFO -    Reason: EMA downtrend (59%) | Increasing bearish momentum (60%)
2026-02-16 12:59:25 - root - INFO - [BUY] BEL: BUY (23%) @ 435.2
2026-02-16 12:59:25 - root - INFO -    Reason: EMA uptrend (58%)
2026-02-16 12:59:25 - root - WARNING - Cannot trade BEL: Daily risk limit exceeded. Risk: 151.76, Limit: 130.59
2026-02-16 12:59:26 - root - INFO - [BUY] RELIANCE: BUY (24%) @ 1421.1
2026-02-16 12:59:26 - root - INFO -    Reason: EMA uptrend (60%)
2026-02-16 12:59:26 - root - WARNING - Cannot trade RELIANCE: Daily risk limit exceeded. Risk: 150.87, Limit: 130.59
2026-02-16 12:59:27 - root - INFO - [SELL] HDFCBANK: SELL (40%) @ 927.6
2026-02-16 12:59:27 - root - INFO -    Reason: RSI declining: 63.28 (50%) | EMA uptrend (52%) | Bearish MACD crossover (85%)
2026-02-16 12:59:28 - root - ERROR - Exception at calling ltp as {'status': 'failure', 'remarks': {'error_code': None, 'error_type': None, 'error_message': None}, 'data': ''}
Traceback (most recent call last):
  File "C:\Users\Sidma\AppData\Local\Programs\Python\Python312\Lib\site-packages\Dhan_Tradehull\Dhan_Tradehull.py", line 453, in get_ltp_data
    raise Exception(data)
Exception: {'status': 'failure', 'remarks': {'error_code': None, 'error_type': None, 'error_message': None}, 'data': ''}
2026-02-16 12:59:38 - root - INFO - [SELL] ITC: SELL (41%) @ 315.8
2026-02-16 12:59:38 - root - INFO -    Reason: EMA downtrend (59%) | Increasing bearish momentum (60%)
2026-02-16 12:59:38 - root - INFO - [BUY] BEL: BUY (23%) @ 435.3
2026-02-16 12:59:38 - root - INFO -    Reason: EMA uptrend (58%)
2026-02-16 12:59:38 - root - WARNING - Cannot trade BEL: Daily risk limit exceeded. Risk: 151.77, Limit: 130.59
2026-02-16 12:59:39 - root - INFO - [BUY] RELIANCE: BUY (24%) @ 1421.8
2026-02-16 12:59:39 - root - INFO -    Reason: EMA uptrend (60%)
2026-02-16 12:59:39 - root - WARNING - Cannot trade RELIANCE: Daily risk limit exceeded. Risk: 150.89, Limit: 130.59
2026-02-16 12:59:39 - root - INFO - [SELL] HDFCBANK: SELL (40%) @ 927.55
2026-02-16 12:59:39 - root - INFO -    Reason: RSI declining: 63.28 (50%) | EMA uptrend (52%) | Bearish MACD crossover (85%)
2026-02-16 12:59:40 - root - ERROR - Exception at calling ltp as {'status': 'failure', 'remarks': {'error_code': None, 'error_type': None, 'error_message': None}, 'data': ''}
Traceback (most recent call last):
  File "C:\Users\Sidma\AppData\Local\Programs\Python\Python312\Lib\site-packages\Dhan_Tradehull\Dhan_Tradehull.py", line 453, in get_ltp_data
    raise Exception(data)
Exception: {'status': 'failure', 'remarks': {'error_code': None, 'error_type': None, 'error_message': None}, 'data': ''}
2026-02-16 12:59:50 - root - INFO - [SELL] ITC: SELL (41%) @ 315.8
2026-02-16 12:59:50 - root - INFO -    Reason: EMA downtrend (59%) | Increasing bearish momentum (60%)
2026-02-16 12:59:51 - root - INFO - [BUY] BEL: BUY (23%) @ 435.35
2026-02-16 12:59:51 - root - INFO -    Reason: EMA uptrend (58%)
2026-02-16 12:59:51 - root - WARNING - Cannot trade BEL: Daily risk limit exceeded. Risk: 151.77, Limit: 130.59
2026-02-16 12:59:52 - root - INFO - [BUY] RELIANCE: BUY (24%) @ 1421.6
2026-02-16 12:59:52 - root - INFO -    Reason: EMA uptrend (60%)
2026-02-16 12:59:52 - root - WARNING - Cannot trade RELIANCE: Daily risk limit exceeded. Risk: 150.89, Limit: 130.59
2026-02-16 12:59:52 - root - INFO - [SELL] HDFCBANK: SELL (40%) @ 927.6
2026-02-16 12:59:52 - root - INFO -    Reason: RSI declining: 63.81 (50%) | EMA uptrend (52%) | Bearish MACD crossover (85%)
2026-02-16 12:59:53 - root - ERROR - Exception at calling ltp as {'status': 'failure', 'remarks': {'error_code': None, 'error_type': None, 'error_message': None}, 'data': ''}
Traceback (most recent call last):
  File "C:\Users\Sidma\AppData\Local\Programs\Python\Python312\Lib\site-packages\Dhan_Tradehull\Dhan_Tradehull.py", line 453, in get_ltp_data
    raise Exception(data)
Exception: {'status': 'failure', 'remarks': {'error_code': None, 'error_type': None, 'error_message': None}, 'data': ''}
2026-02-16 13:00:03 - root - INFO - [SELL] ITC: SELL (41%) @ 315.95
2026-02-16 13:00:03 - root - INFO -    Reason: EMA downtrend (58%) | Increasing bearish momentum (60%)
2026-02-16 13:00:04 - root - INFO - [BUY] BEL: BUY (23%) @ 435.5
2026-02-16 13:00:04 - root - INFO -    Reason: EMA uptrend (58%)
2026-02-16 13:00:04 - root - WARNING - Cannot trade BEL: Daily risk limit exceeded. Risk: 151.79, Limit: 130.59
2026-02-16 13:00:05 - root - INFO - [BUY] RELIANCE: BUY (24%) @ 1421.8
2026-02-16 13:00:05 - root - INFO -    Reason: EMA uptrend (59%)
2026-02-16 13:00:05 - root - WARNING - Cannot trade RELIANCE: Daily risk limit exceeded. Risk: 150.89, Limit: 130.61
2026-02-16 13:00:06 - root - INFO - [NEUTRAL] HDFCBANK: NEUTRAL (21%) @ 927.7
2026-02-16 13:00:06 - root - INFO -    Reason: EMA uptrend (52%) | Increasing bearish momentum (60%)
2026-02-16 13:00:07 - root - ERROR - Exception at calling ltp as {'status': 'failure', 'remarks': {'error_code': None, 'error_type': None, 'error_message': None}, 'data': ''}
Traceback (most recent call last):
  File "C:\Users\Sidma\AppData\Local\Programs\Python\Python312\Lib\site-packages\Dhan_Tradehull\Dhan_Tradehull.py", line 453, in get_ltp_data
    raise Exception(data)
Exception: {'status': 'failure', 'remarks': {'error_code': None, 'error_type': None, 'error_message': None}, 'data': ''}
2026-02-16 13:00:16 - root - INFO - [SELL] ITC: SELL (41%) @ 316.0
2026-02-16 13:00:16 - root - INFO -    Reason: RSI recovering: 38.57 (50%) | EMA downtrend (58%) | Increasing bearish momentum (60%)
2026-02-16 13:00:17 - root - INFO - [BUY] BEL: BUY (23%) @ 435.7
2026-02-16 13:00:17 - root - INFO -    Reason: EMA uptrend (58%)
2026-02-16 13:00:17 - root - WARNING - Cannot trade BEL: Daily risk limit exceeded. Risk: 151.81, Limit: 130.61
2026-02-16 13:00:18 - root - INFO - [BUY] RELIANCE: BUY (23%) @ 1422.3
2026-02-16 13:00:18 - root - INFO -    Reason: EMA uptrend (59%)
2026-02-16 13:00:18 - root - WARNING - Cannot trade RELIANCE: Daily risk limit exceeded. Risk: 150.91, Limit: 130.61
2026-02-16 13:00:18 - root - INFO - [NEUTRAL] HDFCBANK: NEUTRAL (21%) @ 928.0
2026-02-16 13:00:18 - root - INFO -    Reason: EMA uptrend (52%) | Increasing bearish momentum (60%)
2026-02-16 13:00:19 - root - ERROR - Exception at calling ltp as {'status': 'failure', 'remarks': {'error_code': None, 'error_type': None, 'error_message': None}, 'data': ''}
Traceback (most recent call last):
  File "C:\Users\Sidma\AppData\Local\Programs\Python\Python312\Lib\site-packages\Dhan_Tradehull\Dhan_Tradehull.py", line 453, in get_ltp_data
    raise Exception(data)
Exception: {'status': 'failure', 'remarks': {'error_code': None, 'error_type': None, 'error_message': None}, 'data': ''}
2026-02-16 13:00:29 - root - INFO - [SELL] ITC: SELL (41%) @ 315.9
2026-02-16 13:00:29 - root - INFO -    Reason: EMA downtrend (58%) | Increasing bearish momentum (60%)
2026-02-16 13:00:30 - root - INFO - [BUY] BEL: BUY (23%) @ 436.0
2026-02-16 13:00:30 - root - INFO -    Reason: EMA uptrend (58%)
2026-02-16 13:00:30 - root - WARNING - Cannot trade BEL: Daily risk limit exceeded. Risk: 151.84, Limit: 130.61
2026-02-16 13:00:30 - root - INFO - [BUY] RELIANCE: BUY (23%) @ 1422.6
2026-02-16 13:00:30 - root - INFO -    Reason: EMA uptrend (59%)
2026-02-16 13:00:30 - root - WARNING - Cannot trade RELIANCE: Daily risk limit exceeded. Risk: 150.92, Limit: 130.61
2026-02-16 13:00:31 - root - INFO - [NEUTRAL] HDFCBANK: NEUTRAL (21%) @ 927.75
2026-02-16 13:00:31 - root - INFO -    Reason: EMA uptrend (52%) | Increasing bearish momentum (60%)
2026-02-16 13:00:32 - root - ERROR - Exception at calling ltp as {'status': 'failure', 'remarks': {'error_code': None, 'error_type': None, 'error_message': None}, 'data': ''}
Traceback (most recent call last):
  File "C:\Users\Sidma\AppData\Local\Programs\Python\Python312\Lib\site-packages\Dhan_Tradehull\Dhan_Tradehull.py", line 453, in get_ltp_data
    raise Exception(data)
Exception: {'status': 'failure', 'remarks': {'error_code': None, 'error_type': None, 'error_message': None}, 'data': ''}
2026-02-16 13:00:42 - root - INFO - [SELL] ITC: SELL (41%) @ 315.9
2026-02-16 13:00:42 - root - INFO -    Reason: EMA downtrend (58%) | Increasing bearish momentum (60%)
2026-02-16 13:00:42 - root - INFO - [BUY] BEL: BUY (41%) @ 436.1
2026-02-16 13:00:42 - root - INFO -    Reason: EMA uptrend (58%) | Increasing bullish momentum (60%)
2026-02-16 13:00:42 - root - WARNING - Cannot trade BEL: Daily risk limit exceeded. Risk: 151.85, Limit: 130.62
2026-02-16 13:00:43 - root - INFO - [BUY] RELIANCE: BUY (23%) @ 1422.9
2026-02-16 13:00:43 - root - INFO -    Reason: EMA uptrend (59%)
2026-02-16 13:00:43 - root - WARNING - Cannot trade RELIANCE: Daily risk limit exceeded. Risk: 150.93, Limit: 130.62
2026-02-16 13:00:43 - root - INFO - [NEUTRAL] HDFCBANK: NEUTRAL (21%) @ 927.9
2026-02-16 13:00:43 - root - INFO -    Reason: EMA uptrend (52%) | Increasing bearish momentum (60%)
2026-02-16 13:00:44 - root - ERROR - Exception at calling ltp as {'status': 'failure', 'remarks': {'error_code': None, 'error_type': None, 'error_message': None}, 'data': ''}
Traceback (most recent call last):
  File "C:\Users\Sidma\AppData\Local\Programs\Python\Python312\Lib\site-packages\Dhan_Tradehull\Dhan_Tradehull.py", line 453, in get_ltp_data
    raise Exception(data)
Exception: {'status': 'failure', 'remarks': {'error_code': None, 'error_type': None, 'error_message': None}, 'data': ''}
2026-02-16 13:00:55 - root - INFO - [SELL] ITC: SELL (41%) @ 315.95
2026-02-16 13:00:55 - root - INFO -    Reason: EMA downtrend (58%) | Increasing bearish momentum (60%)
2026-02-16 13:00:55 - root - INFO - [BUY] BEL: BUY (23%) @ 435.8
2026-02-16 13:00:55 - root - INFO -    Reason: EMA uptrend (58%)
2026-02-16 13:00:55 - root - WARNING - Cannot trade BEL: Daily risk limit exceeded. Risk: 151.82, Limit: 130.62
2026-02-16 13:00:56 - root - INFO - [BUY] RELIANCE: BUY (23%) @ 1422.8
2026-02-16 13:00:56 - root - INFO -    Reason: EMA uptrend (58%)
2026-02-16 13:00:56 - root - WARNING - Cannot trade RELIANCE: Daily risk limit exceeded. Risk: 150.92, Limit: 130.62
2026-02-16 13:00:56 - root - INFO - [NEUTRAL] HDFCBANK: NEUTRAL (21%) @ 927.85
2026-02-16 13:00:56 - root - INFO -    Reason: EMA uptrend (52%) | Increasing bearish momentum (60%)
2026-02-16 13:00:57 - root - ERROR - Exception at calling ltp as {'status': 'failure', 'remarks': {'error_code': None, 'error_type': None, 'error_message': None}, 'data': ''}
Traceback (most recent call last):
  File "C:\Users\Sidma\AppData\Local\Programs\Python\Python312\Lib\site-packages\Dhan_Tradehull\Dhan_Tradehull.py", line 453, in get_ltp_data
    raise Exception(data)
Exception: {'status': 'failure', 'remarks': {'error_code': None, 'error_type': None, 'error_message': None}, 'data': ''}
2026-02-16 13:01:07 - root - INFO - [SELL] ITC: SELL (41%) @ 316.0
2026-02-16 13:01:07 - root - INFO -    Reason: RSI recovering: 38.57 (50%) | EMA downtrend (58%) | Increasing bearish momentum (60%)
2026-02-16 13:01:08 - root - INFO - [BUY] BEL: BUY (23%) @ 435.9
2026-02-16 13:01:08 - root - INFO -    Reason: EMA uptrend (58%)
2026-02-16 13:01:08 - root - WARNING - Cannot trade BEL: Daily risk limit exceeded. Risk: 151.83, Limit: 130.62
2026-02-16 13:01:08 - root - INFO - [BUY] RELIANCE: BUY (23%) @ 1423.0
2026-02-16 13:01:08 - root - INFO -    Reason: EMA uptrend (58%)
2026-02-16 13:01:08 - root - WARNING - Cannot trade RELIANCE: Daily risk limit exceeded. Risk: 150.93, Limit: 130.62
2026-02-16 13:01:09 - root - INFO - [NEUTRAL] HDFCBANK: NEUTRAL (21%) @ 927.7
2026-02-16 13:01:09 - root - INFO -    Reason: EMA uptrend (52%) | Increasing bearish momentum (60%)
2026-02-16 13:01:10 - root - ERROR - Exception at calling ltp as {'status': 'failure', 'remarks': {'error_code': None, 'error_type': None, 'error_message': None}, 'data': ''}
Traceback (most recent call last):
  File "C:\Users\Sidma\AppData\Local\Programs\Python\Python312\Lib\site-packages\Dhan_Tradehull\Dhan_Tradehull.py", line 453, in get_ltp_data
    raise Exception(data)
Exception: {'status': 'failure', 'remarks': {'error_code': None, 'error_type': None, 'error_message': None}, 'data': ''}
2026-02-16 13:01:20 - root - INFO - [SELL] ITC: SELL (41%) @ 315.9
2026-02-16 13:01:20 - root - INFO -    Reason: EMA downtrend (58%) | Increasing bearish momentum (60%)
2026-02-16 13:01:20 - root - INFO - [BUY] BEL: BUY (41%) @ 436.2
2026-02-16 13:01:20 - root - INFO -    Reason: EMA uptrend (57%) | Increasing bullish momentum (60%)
2026-02-16 13:01:20 - root - WARNING - Cannot trade BEL: Daily risk limit exceeded. Risk: 151.86, Limit: 130.62
2026-02-16 13:01:21 - root - INFO - [BUY] RELIANCE: BUY (23%) @ 1423.0
2026-02-16 13:01:21 - root - INFO -    Reason: EMA uptrend (58%)
2026-02-16 13:01:21 - root - WARNING - Cannot trade RELIANCE: Daily risk limit exceeded. Risk: 150.93, Limit: 130.62
2026-02-16 13:01:22 - root - INFO - [NEUTRAL] HDFCBANK: NEUTRAL (21%) @ 927.85
2026-02-16 13:01:22 - root - INFO -    Reason: EMA uptrend (52%) | Increasing bearish momentum (60%)
2026-02-16 13:01:23 - root - ERROR - Exception at calling ltp as {'status': 'failure', 'remarks': {'error_code': None, 'error_type': None, 'error_message': None}, 'data': ''}
Traceback (most recent call last):
  File "C:\Users\Sidma\AppData\Local\Programs\Python\Python312\Lib\site-packages\Dhan_Tradehull\Dhan_Tradehull.py", line 453, in get_ltp_data
    raise Exception(data)
Exception: {'status': 'failure', 'remarks': {'error_code': None, 'error_type': None, 'error_message': None}, 'data': ''}
2026-02-16 13:01:32 - root - INFO - [SELL] ITC: SELL (41%) @ 315.7
2026-02-16 13:01:32 - root - INFO -    Reason: EMA downtrend (58%) | Increasing bearish momentum (60%)
2026-02-16 13:01:33 - root - INFO - [BUY] BEL: BUY (23%) @ 435.9
2026-02-16 13:01:33 - root - INFO -    Reason: EMA uptrend (58%)
2026-02-16 13:01:33 - root - WARNING - Cannot trade BEL: Daily risk limit exceeded. Risk: 151.83, Limit: 130.62
2026-02-16 13:01:34 - root - INFO - [BUY] RELIANCE: BUY (49%) @ 1423.8
2026-02-16 13:01:34 - root - INFO -    Reason: EMA uptrend (58%) | Bullish MACD crossover (85%)
2026-02-16 13:01:34 - root - WARNING - Cannot trade RELIANCE: Daily risk limit exceeded. Risk: 150.95, Limit: 130.62
2026-02-16 13:01:34 - root - INFO - [NEUTRAL] HDFCBANK: NEUTRAL (21%) @ 928.15
2026-02-16 13:01:34 - root - INFO -    Reason: EMA uptrend (52%) | Increasing bearish momentum (60%)
2026-02-16 13:01:35 - root - ERROR - Exception at calling ltp as {'status': 'failure', 'remarks': {'error_code': None, 'error_type': None, 'error_message': None}, 'data': ''}
Traceback (most recent call last):
  File "C:\Users\Sidma\AppData\Local\Programs\Python\Python312\Lib\site-packages\Dhan_Tradehull\Dhan_Tradehull.py", line 453, in get_ltp_data
    raise Exception(data)
Exception: {'status': 'failure', 'remarks': {'error_code': None, 'error_type': None, 'error_message': None}, 'data': ''}
2026-02-16 13:01:45 - root - INFO - [SELL] ITC: SELL (41%) @ 315.75
2026-02-16 13:01:45 - root - INFO -    Reason: EMA downtrend (58%) | Increasing bearish momentum (60%)
2026-02-16 13:01:46 - root - INFO - [BUY] BEL: BUY (23%) @ 435.95
2026-02-16 13:01:46 - root - INFO -    Reason: EMA uptrend (58%)
2026-02-16 13:01:46 - root - WARNING - Cannot trade BEL: Daily risk limit exceeded. Risk: 151.83, Limit: 130.62
2026-02-16 13:01:46 - root - INFO - [BUY] RELIANCE: BUY (49%) @ 1423.9
2026-02-16 13:01:46 - root - INFO -    Reason: EMA uptrend (58%) | Bullish MACD crossover (85%)
2026-02-16 13:01:46 - root - WARNING - Cannot trade RELIANCE: Daily risk limit exceeded. Risk: 150.96, Limit: 130.62
2026-02-16 13:01:47 - root - INFO - [NEUTRAL] HDFCBANK: NEUTRAL (21%) @ 928.05
2026-02-16 13:01:47 - root - INFO -    Reason: EMA uptrend (52%) | Increasing bearish momentum (60%)
2026-02-16 13:01:48 - root - ERROR - Exception at calling ltp as {'status': 'failure', 'remarks': {'error_code': None, 'error_type': None, 'error_message': None}, 'data': ''}
Traceback (most recent call last):
  File "C:\Users\Sidma\AppData\Local\Programs\Python\Python312\Lib\site-packages\Dhan_Tradehull\Dhan_Tradehull.py", line 453, in get_ltp_data
    raise Exception(data)
Exception: {'status': 'failure', 'remarks': {'error_code': None, 'error_type': None, 'error_message': None}, 'data': ''}
2026-02-16 13:01:58 - root - INFO - [SELL] ITC: SELL (41%) @ 315.8
2026-02-16 13:01:58 - root - INFO -    Reason: EMA downtrend (58%) | Increasing bearish momentum (60%)
2026-02-16 13:01:58 - root - INFO - [BUY] BEL: BUY (23%) @ 435.55
2026-02-16 13:01:58 - root - INFO -    Reason: EMA uptrend (58%)
2026-02-16 13:01:58 - root - WARNING - Cannot trade BEL: Daily risk limit exceeded. Risk: 151.79, Limit: 130.62
2026-02-16 13:01:59 - root - INFO - [BUY] RELIANCE: BUY (49%) @ 1424.0
2026-02-16 13:01:59 - root - INFO -    Reason: EMA uptrend (58%) | Bullish MACD crossover (85%)
2026-02-16 13:01:59 - root - WARNING - Cannot trade RELIANCE: Daily risk limit exceeded. Risk: 150.96, Limit: 130.62
2026-02-16 13:01:59 - root - INFO - [NEUTRAL] HDFCBANK: NEUTRAL (21%) @ 928.2
2026-02-16 13:01:59 - root - INFO -    Reason: EMA uptrend (52%) | Increasing bearish momentum (60%)
2026-02-16 13:02:01 - root - ERROR - Exception at calling ltp as {'status': 'failure', 'remarks': {'error_code': None, 'error_type': None, 'error_message': None}, 'data': ''}
Traceback (most recent call last):
  File "C:\Users\Sidma\AppData\Local\Programs\Python\Python312\Lib\site-packages\Dhan_Tradehull\Dhan_Tradehull.py", line 453, in get_ltp_data
    raise Exception(data)
Exception: {'status': 'failure', 'remarks': {'error_code': None, 'error_type': None, 'error_message': None}, 'data': ''}
2026-02-16 13:02:10 - root - INFO - [SELL] ITC: SELL (41%) @ 315.8
2026-02-16 13:02:10 - root - INFO -    Reason: EMA downtrend (58%) | Increasing bearish momentum (60%)
2026-02-16 13:02:11 - root - INFO - [BUY] BEL: BUY (23%) @ 435.85
2026-02-16 13:02:11 - root - INFO -    Reason: EMA uptrend (58%)
2026-02-16 13:02:11 - root - WARNING - Cannot trade BEL: Daily risk limit exceeded. Risk: 151.82, Limit: 130.62
2026-02-16 13:02:11 - root - INFO - [BUY] RELIANCE: BUY (49%) @ 1424.0
2026-02-16 13:02:11 - root - INFO -    Reason: EMA uptrend (58%) | Bullish MACD crossover (85%)
2026-02-16 13:02:11 - root - WARNING - Cannot trade RELIANCE: Daily risk limit exceeded. Risk: 150.96, Limit: 130.62
2026-02-16 13:02:12 - root - INFO - [NEUTRAL] HDFCBANK: NEUTRAL (21%) @ 928.15
2026-02-16 13:02:12 - root - INFO -    Reason: EMA uptrend (52%) | Increasing bearish momentum (60%)
2026-02-16 13:02:13 - root - ERROR - Exception at calling ltp as {'status': 'failure', 'remarks': {'error_code': None, 'error_type': None, 'error_message': None}, 'data': ''}
Traceback (most recent call last):
  File "C:\Users\Sidma\AppData\Local\Programs\Python\Python312\Lib\site-packages\Dhan_Tradehull\Dhan_Tradehull.py", line 453, in get_ltp_data
    raise Exception(data)
Exception: {'status': 'failure', 'remarks': {'error_code': None, 'error_type': None, 'error_message': None}, 'data': ''}
2026-02-16 13:02:23 - root - INFO - [SELL] ITC: SELL (41%) @ 315.9
2026-02-16 13:02:23 - root - INFO -    Reason: EMA downtrend (58%) | Increasing bearish momentum (60%)
2026-02-16 13:02:23 - root - INFO - [BUY] BEL: BUY (23%) @ 435.75
2026-02-16 13:02:23 - root - INFO -    Reason: EMA uptrend (58%)
2026-02-16 13:02:23 - root - WARNING - Cannot trade BEL: Daily risk limit exceeded. Risk: 151.81, Limit: 130.62
2026-02-16 13:02:24 - root - INFO - [BUY] RELIANCE: BUY (49%) @ 1423.6
2026-02-16 13:02:24 - root - INFO -    Reason: EMA uptrend (58%) | Bullish MACD crossover (85%)
2026-02-16 13:02:24 - root - WARNING - Cannot trade RELIANCE: Daily risk limit exceeded. Risk: 150.95, Limit: 130.62
2026-02-16 13:02:25 - root - INFO - [NEUTRAL] HDFCBANK: NEUTRAL (21%) @ 928.0
2026-02-16 13:02:25 - root - INFO -    Reason: EMA uptrend (52%) | Increasing bearish momentum (60%)
2026-02-16 13:02:26 - root - ERROR - Exception at calling ltp as {'status': 'failure', 'remarks': {'error_code': None, 'error_type': None, 'error_message': None}, 'data': ''}
Traceback (most recent call last):
  File "C:\Users\Sidma\AppData\Local\Programs\Python\Python312\Lib\site-packages\Dhan_Tradehull\Dhan_Tradehull.py", line 453, in get_ltp_data
    raise Exception(data)
Exception: {'status': 'failure', 'remarks': {'error_code': None, 'error_type': None, 'error_message': None}, 'data': ''}
2026-02-16 13:02:35 - root - INFO - [SELL] ITC: SELL (41%) @ 315.9
2026-02-16 13:02:35 - root - INFO -    Reason: EMA downtrend (58%) | Increasing bearish momentum (60%)
2026-02-16 13:02:36 - root - INFO - [BUY] BEL: BUY (23%) @ 435.4
2026-02-16 13:02:36 - root - INFO -    Reason: EMA uptrend (58%)
2026-02-16 13:02:36 - root - WARNING - Cannot trade BEL: Daily risk limit exceeded. Risk: 151.78, Limit: 130.62
2026-02-16 13:02:36 - root - INFO - [BUY] RELIANCE: BUY (49%) @ 1423.3
2026-02-16 13:02:36 - root - INFO -    Reason: EMA uptrend (58%) | Bullish MACD crossover (85%)
2026-02-16 13:02:37 - root - WARNING - Cannot trade RELIANCE: Daily risk limit exceeded. Risk: 150.94, Limit: 130.62
2026-02-16 13:02:37 - root - INFO - [NEUTRAL] HDFCBANK: NEUTRAL (21%) @ 928.05
2026-02-16 13:02:37 - root - INFO -    Reason: EMA uptrend (52%) | Increasing bearish momentum (60%)
2026-02-16 13:02:38 - root - ERROR - Exception at calling ltp as {'status': 'failure', 'remarks': {'error_code': None, 'error_type': None, 'error_message': None}, 'data': ''}
Traceback (most recent call last):
  File "C:\Users\Sidma\AppData\Local\Programs\Python\Python312\Lib\site-packages\Dhan_Tradehull\Dhan_Tradehull.py", line 453, in get_ltp_data
    raise Exception(data)
Exception: {'status': 'failure', 'remarks': {'error_code': None, 'error_type': None, 'error_message': None}, 'data': ''}
2026-02-16 13:02:48 - root - INFO - [SELL] ITC: SELL (41%) @ 315.9
2026-02-16 13:02:48 - root - INFO -    Reason: EMA downtrend (58%) | Increasing bearish momentum (60%)
2026-02-16 13:02:49 - root - INFO - [BUY] BEL: BUY (23%) @ 435.45
2026-02-16 13:02:49 - root - INFO -    Reason: EMA uptrend (58%)
2026-02-16 13:02:49 - root - WARNING - Cannot trade BEL: Daily risk limit exceeded. Risk: 151.78, Limit: 130.62
2026-02-16 13:02:49 - root - INFO - [BUY] RELIANCE: BUY (49%) @ 1423.8
2026-02-16 13:02:49 - root - INFO -    Reason: EMA uptrend (58%) | Bullish MACD crossover (85%)
2026-02-16 13:02:49 - root - WARNING - Cannot trade RELIANCE: Daily risk limit exceeded. Risk: 150.95, Limit: 130.62
2026-02-16 13:02:50 - root - INFO - [NEUTRAL] HDFCBANK: NEUTRAL (21%) @ 928.15
2026-02-16 13:02:50 - root - INFO -    Reason: EMA uptrend (52%) | Increasing bearish momentum (60%)
2026-02-16 13:02:51 - root - ERROR - Exception at calling ltp as {'status': 'failure', 'remarks': {'error_code': None, 'error_type': None, 'error_message': None}, 'data': ''}
Traceback (most recent call last):
  File "C:\Users\Sidma\AppData\Local\Programs\Python\Python312\Lib\site-packages\Dhan_Tradehull\Dhan_Tradehull.py", line 453, in get_ltp_data
    raise Exception(data)
Exception: {'status': 'failure', 'remarks': {'error_code': None, 'error_type': None, 'error_message': None}, 'data': ''}
2026-02-16 13:03:01 - root - INFO - [SELL] ITC: SELL (41%) @ 315.8
2026-02-16 13:03:01 - root - INFO -    Reason: EMA downtrend (58%) | Increasing bearish momentum (60%)
2026-02-16 13:03:01 - root - INFO - [BUY] BEL: BUY (23%) @ 435.4
2026-02-16 13:03:01 - root - INFO -    Reason: EMA uptrend (58%)
2026-02-16 13:03:01 - root - WARNING - Cannot trade BEL: Daily risk limit exceeded. Risk: 151.78, Limit: 130.62
2026-02-16 13:03:02 - root - INFO - [BUY] RELIANCE: BUY (23%) @ 1423.5
2026-02-16 13:03:02 - root - INFO -    Reason: EMA uptrend (58%)
2026-02-16 13:03:02 - root - WARNING - Cannot trade RELIANCE: Daily risk limit exceeded. Risk: 150.94, Limit: 130.62
2026-02-16 13:03:02 - root - INFO - [NEUTRAL] HDFCBANK: NEUTRAL (21%) @ 928.15
2026-02-16 13:03:02 - root - INFO -    Reason: EMA uptrend (52%) | Increasing bearish momentum (60%)
2026-02-16 13:03:03 - root - ERROR - Exception at calling ltp as {'status': 'failure', 'remarks': {'error_code': None, 'error_type': None, 'error_message': None}, 'data': ''}
Traceback (most recent call last):
  File "C:\Users\Sidma\AppData\Local\Programs\Python\Python312\Lib\site-packages\Dhan_Tradehull\Dhan_Tradehull.py", line 453, in get_ltp_data
    raise Exception(data)
Exception: {'status': 'failure', 'remarks': {'error_code': None, 'error_type': None, 'error_message': None}, 'data': ''}
2026-02-16 13:03:13 - root - INFO - [SELL] ITC: SELL (41%) @ 315.95
2026-02-16 13:03:13 - root - INFO -    Reason: EMA downtrend (58%) | Increasing bearish momentum (60%)
2026-02-16 13:03:14 - root - INFO - [BUY] BEL: BUY (23%) @ 435.4
2026-02-16 13:03:14 - root - INFO -    Reason: EMA uptrend (58%)
2026-02-16 13:03:14 - root - WARNING - Cannot trade BEL: Daily risk limit exceeded. Risk: 151.78, Limit: 130.61
2026-02-16 13:03:15 - root - INFO - [BUY] RELIANCE: BUY (49%) @ 1423.6
2026-02-16 13:03:15 - root - INFO -    Reason: EMA uptrend (58%) | Bullish MACD crossover (85%)
2026-02-16 13:03:15 - root - WARNING - Cannot trade RELIANCE: Daily risk limit exceeded. Risk: 150.95, Limit: 130.61
2026-02-16 13:03:15 - root - INFO - [NEUTRAL] HDFCBANK: NEUTRAL (21%) @ 928.15
2026-02-16 13:03:15 - root - INFO -    Reason: EMA uptrend (52%) | Increasing bearish momentum (60%)
2026-02-16 13:03:16 - root - ERROR - Exception at calling ltp as {'status': 'failure', 'remarks': {'error_code': None, 'error_type': None, 'error_message': None}, 'data': ''}
Traceback (most recent call last):
  File "C:\Users\Sidma\AppData\Local\Programs\Python\Python312\Lib\site-packages\Dhan_Tradehull\Dhan_Tradehull.py", line 453, in get_ltp_data
    raise Exception(data)
Exception: {'status': 'failure', 'remarks': {'error_code': None, 'error_type': None, 'error_message': None}, 'data': ''}
2026-02-16 13:03:26 - root - INFO - [SELL] ITC: SELL (41%) @ 316.0
2026-02-16 13:03:26 - root - INFO -    Reason: RSI recovering: 38.57 (50%) | EMA downtrend (58%) | Increasing bearish momentum (60%)
2026-02-16 13:03:26 - root - INFO - [BUY] BEL: BUY (23%) @ 435.5
2026-02-16 13:03:26 - root - INFO -    Reason: EMA uptrend (58%)
2026-02-16 13:03:27 - root - WARNING - Cannot trade BEL: Daily risk limit exceeded. Risk: 151.79, Limit: 130.61
2026-02-16 13:03:27 - root - INFO - [BUY] RELIANCE: BUY (23%) @ 1423.8
2026-02-16 13:03:27 - root - INFO -    Reason: EMA uptrend (58%)
2026-02-16 13:03:27 - root - WARNING - Cannot trade RELIANCE: Daily risk limit exceeded. Risk: 150.95, Limit: 130.61
2026-02-16 13:03:28 - root - INFO - [NEUTRAL] HDFCBANK: NEUTRAL (21%) @ 928.25
2026-02-16 13:03:28 - root - INFO -    Reason: EMA uptrend (52%) | Increasing bearish momentum (60%)
2026-02-16 13:03:29 - root - ERROR - Exception at calling ltp as {'status': 'failure', 'remarks': {'error_code': None, 'error_type': None, 'error_message': None}, 'data': ''}
Traceback (most recent call last):
  File "C:\Users\Sidma\AppData\Local\Programs\Python\Python312\Lib\site-packages\Dhan_Tradehull\Dhan_Tradehull.py", line 453, in get_ltp_data
    raise Exception(data)
Exception: {'status': 'failure', 'remarks': {'error_code': None, 'error_type': None, 'error_message': None}, 'data': ''}
2026-02-16 13:03:39 - root - INFO - [SELL] ITC: SELL (23%) @ 316.25
2026-02-16 13:03:39 - root - INFO -    Reason: EMA downtrend (59%)
2026-02-16 13:03:39 - root - INFO - [BUY] BEL: BUY (23%) @ 435.45
2026-02-16 13:03:39 - root - INFO -    Reason: EMA uptrend (58%)
2026-02-16 13:03:39 - root - WARNING - Cannot trade BEL: Daily risk limit exceeded. Risk: 151.78, Limit: 130.61
2026-02-16 13:03:40 - root - INFO - [BUY] RELIANCE: BUY (23%) @ 1423.5
2026-02-16 13:03:40 - root - INFO -    Reason: EMA uptrend (58%)
2026-02-16 13:03:40 - root - WARNING - Cannot trade RELIANCE: Daily risk limit exceeded. Risk: 150.94, Limit: 130.61
2026-02-16 13:03:41 - root - INFO - [NEUTRAL] HDFCBANK: NEUTRAL (21%) @ 928.15
2026-02-16 13:03:41 - root - INFO -    Reason: EMA uptrend (52%) | Increasing bearish momentum (60%)
2026-02-16 13:03:42 - root - ERROR - Exception at calling ltp as {'status': 'failure', 'remarks': {'error_code': None, 'error_type': None, 'error_message': None}, 'data': ''}
Traceback (most recent call last):
  File "C:\Users\Sidma\AppData\Local\Programs\Python\Python312\Lib\site-packages\Dhan_Tradehull\Dhan_Tradehull.py", line 453, in get_ltp_data
    raise Exception(data)
Exception: {'status': 'failure', 'remarks': {'error_code': None, 'error_type': None, 'error_message': None}, 'data': ''}
2026-02-16 13:03:52 - root - INFO - [SELL] ITC: SELL (23%) @ 316.35
2026-02-16 13:03:52 - root - INFO -    Reason: EMA downtrend (59%)
2026-02-16 13:03:52 - root - INFO - [BUY] BEL: BUY (23%) @ 435.65
2026-02-16 13:03:52 - root - INFO -    Reason: EMA uptrend (58%)
2026-02-16 13:03:52 - root - WARNING - Cannot trade BEL: Daily risk limit exceeded. Risk: 151.80, Limit: 130.61
2026-02-16 13:03:53 - root - INFO - [BUY] RELIANCE: BUY (23%) @ 1423.0
2026-02-16 13:03:53 - root - INFO -    Reason: EMA uptrend (58%)
2026-02-16 13:03:53 - root - WARNING - Cannot trade RELIANCE: Daily risk limit exceeded. Risk: 150.93, Limit: 130.61
2026-02-16 13:03:53 - root - INFO - [NEUTRAL] HDFCBANK: NEUTRAL (21%) @ 928.0
2026-02-16 13:03:53 - root - INFO -    Reason: EMA uptrend (52%) | Increasing bearish momentum (60%)
2026-02-16 13:03:55 - root - ERROR - Exception at calling ltp as {'status': 'failure', 'remarks': {'error_code': None, 'error_type': None, 'error_message': None}, 'data': ''}
Traceback (most recent call last):
  File "C:\Users\Sidma\AppData\Local\Programs\Python\Python312\Lib\site-packages\Dhan_Tradehull\Dhan_Tradehull.py", line 453, in get_ltp_data
    raise Exception(data)
Exception: {'status': 'failure', 'remarks': {'error_code': None, 'error_type': None, 'error_message': None}, 'data': ''}
2026-02-16 13:04:04 - root - INFO - [SELL] ITC: SELL (23%) @ 316.25
2026-02-16 13:04:04 - root - INFO -    Reason: EMA downtrend (59%)
2026-02-16 13:04:05 - root - INFO - [BUY] BEL: BUY (23%) @ 435.45
2026-02-16 13:04:05 - root - INFO -    Reason: EMA uptrend (58%)
2026-02-16 13:04:05 - root - WARNING - Cannot trade BEL: Daily risk limit exceeded. Risk: 151.78, Limit: 130.62
2026-02-16 13:04:06 - root - INFO - [BUY] RELIANCE: BUY (23%) @ 1423.5
2026-02-16 13:04:06 - root - INFO -    Reason: EMA uptrend (58%)
2026-02-16 13:04:06 - root - WARNING - Cannot trade RELIANCE: Daily risk limit exceeded. Risk: 150.94, Limit: 130.62
2026-02-16 13:04:06 - root - INFO - [NEUTRAL] HDFCBANK: NEUTRAL (21%) @ 928.1
2026-02-16 13:04:06 - root - INFO -    Reason: EMA uptrend (52%) | Increasing bearish momentum (60%)
2026-02-16 13:04:07 - root - ERROR - Exception at calling ltp as {'status': 'failure', 'remarks': {'error_code': None, 'error_type': None, 'error_message': None}, 'data': ''}
Traceback (most recent call last):
  File "C:\Users\Sidma\AppData\Local\Programs\Python\Python312\Lib\site-packages\Dhan_Tradehull\Dhan_Tradehull.py", line 453, in get_ltp_data
    raise Exception(data)
Exception: {'status': 'failure', 'remarks': {'error_code': None, 'error_type': None, 'error_message': None}, 'data': ''}
2026-02-16 13:04:17 - root - INFO - [SELL] ITC: SELL (23%) @ 316.15
2026-02-16 13:04:17 - root - INFO -    Reason: EMA downtrend (59%)
2026-02-16 13:04:17 - root - INFO - [BUY] BEL: BUY (23%) @ 435.4
2026-02-16 13:04:17 - root - INFO -    Reason: EMA uptrend (58%)
2026-02-16 13:04:17 - root - WARNING - Cannot trade BEL: Daily risk limit exceeded. Risk: 151.78, Limit: 130.61
2026-02-16 13:04:18 - root - INFO - [BUY] RELIANCE: BUY (23%) @ 1423.5
2026-02-16 13:04:18 - root - INFO -    Reason: EMA uptrend (58%)
2026-02-16 13:04:18 - root - WARNING - Cannot trade RELIANCE: Daily risk limit exceeded. Risk: 150.94, Limit: 130.61
2026-02-16 13:04:18 - root - INFO - [NEUTRAL] HDFCBANK: NEUTRAL (21%) @ 927.95
2026-02-16 13:04:18 - root - INFO -    Reason: EMA uptrend (52%) | Increasing bearish momentum (60%)
2026-02-16 13:04:19 - root - ERROR - Exception at calling ltp as {'status': 'failure', 'remarks': {'error_code': None, 'error_type': None, 'error_message': None}, 'data': ''}
Traceback (most recent call last):
  File "C:\Users\Sidma\AppData\Local\Programs\Python\Python312\Lib\site-packages\Dhan_Tradehull\Dhan_Tradehull.py", line 453, in get_ltp_data
    raise Exception(data)
Exception: {'status': 'failure', 'remarks': {'error_code': None, 'error_type': None, 'error_message': None}, 'data': ''}
2026-02-16 13:04:29 - root - INFO - [SELL] ITC: SELL (23%) @ 316.2
2026-02-16 13:04:29 - root - INFO -    Reason: EMA downtrend (59%)
2026-02-16 13:04:29 - root - INFO - [BUY] BEL: BUY (23%) @ 435.5
2026-02-16 13:04:29 - root - INFO -    Reason: EMA uptrend (58%)
2026-02-16 13:04:30 - root - WARNING - Cannot trade BEL: Daily risk limit exceeded. Risk: 151.79, Limit: 130.61
2026-02-16 13:04:30 - root - INFO - [BUY] RELIANCE: BUY (49%) @ 1423.1
2026-02-16 13:04:30 - root - INFO -    Reason: EMA uptrend (58%) | Bullish MACD crossover (85%)
2026-02-16 13:04:30 - root - WARNING - Cannot trade RELIANCE: Daily risk limit exceeded. Risk: 150.93, Limit: 130.62
2026-02-16 13:04:31 - root - INFO - [NEUTRAL] HDFCBANK: NEUTRAL (21%) @ 927.95
2026-02-16 13:04:31 - root - INFO -    Reason: EMA uptrend (52%) | Increasing bearish momentum (60%)
2026-02-16 13:04:32 - root - ERROR - Exception at calling ltp as {'status': 'failure', 'remarks': {'error_code': None, 'error_type': None, 'error_message': None}, 'data': ''}
Traceback (most recent call last):
  File "C:\Users\Sidma\AppData\Local\Programs\Python\Python312\Lib\site-packages\Dhan_Tradehull\Dhan_Tradehull.py", line 453, in get_ltp_data
    raise Exception(data)
Exception: {'status': 'failure', 'remarks': {'error_code': None, 'error_type': None, 'error_message': None}, 'data': ''}
2026-02-16 13:04:42 - root - INFO - [SELL] ITC: SELL (23%) @ 316.2
2026-02-16 13:04:42 - root - INFO -    Reason: EMA downtrend (59%)
2026-02-16 13:04:42 - root - INFO - [BUY] BEL: BUY (23%) @ 435.2
2026-02-16 13:04:42 - root - INFO -    Reason: EMA uptrend (58%)
2026-02-16 13:04:42 - root - WARNING - Cannot trade BEL: Daily risk limit exceeded. Risk: 151.76, Limit: 130.62
2026-02-16 13:04:43 - root - INFO - [BUY] RELIANCE: BUY (23%) @ 1423.5
2026-02-16 13:04:43 - root - INFO -    Reason: EMA uptrend (58%)
2026-02-16 13:04:43 - root - WARNING - Cannot trade RELIANCE: Daily risk limit exceeded. Risk: 150.94, Limit: 130.62
2026-02-16 13:04:43 - root - INFO - [SELL] HDFCBANK: SELL (33%) @ 927.75
2026-02-16 13:04:43 - root - INFO -    Reason: RSI declining: 62.96 (50%) | EMA uptrend (52%) | Increasing bearish momentum (60%)
2026-02-16 13:04:44 - root - ERROR - Exception at calling ltp as {'status': 'failure', 'remarks': {'error_code': None, 'error_type': None, 'error_message': None}, 'data': ''}
Traceback (most recent call last):
  File "C:\Users\Sidma\AppData\Local\Programs\Python\Python312\Lib\site-packages\Dhan_Tradehull\Dhan_Tradehull.py", line 453, in get_ltp_data
    raise Exception(data)
Exception: {'status': 'failure', 'remarks': {'error_code': None, 'error_type': None, 'error_message': None}, 'data': ''}
2026-02-16 13:04:54 - root - INFO - [SELL] ITC: SELL (23%) @ 316.05
2026-02-16 13:04:54 - root - INFO -    Reason: EMA downtrend (59%)
2026-02-16 13:04:54 - root - INFO - [BUY] BEL: BUY (23%) @ 435.2
2026-02-16 13:04:54 - root - INFO -    Reason: EMA uptrend (58%)
2026-02-16 13:04:54 - root - WARNING - Cannot trade BEL: Daily risk limit exceeded. Risk: 151.76, Limit: 130.62
2026-02-16 13:04:55 - root - INFO - [BUY] RELIANCE: BUY (23%) @ 1423.6
2026-02-16 13:04:55 - root - INFO -    Reason: EMA uptrend (58%)
2026-02-16 13:04:55 - root - WARNING - Cannot trade RELIANCE: Daily risk limit exceeded. Risk: 150.95, Limit: 130.62
2026-02-16 13:04:56 - root - INFO - [SELL] HDFCBANK: SELL (33%) @ 927.6
2026-02-16 13:04:56 - root - INFO -    Reason: RSI declining: 63.24 (50%) | EMA uptrend (52%) | Increasing bearish momentum (60%)
2026-02-16 13:04:57 - root - ERROR - Exception at calling ltp as {'status': 'failure', 'remarks': {'error_code': None, 'error_type': None, 'error_message': None}, 'data': ''}
Traceback (most recent call last):
  File "C:\Users\Sidma\AppData\Local\Programs\Python\Python312\Lib\site-packages\Dhan_Tradehull\Dhan_Tradehull.py", line 453, in get_ltp_data
    raise Exception(data)
Exception: {'status': 'failure', 'remarks': {'error_code': None, 'error_type': None, 'error_message': None}, 'data': ''}
2026-02-16 13:05:06 - root - INFO - [SELL] ITC: SELL (23%) @ 316.2
2026-02-16 13:05:06 - root - INFO -    Reason: EMA downtrend (59%)
2026-02-16 13:05:07 - root - INFO - [BUY] BEL: BUY (23%) @ 435.3
2026-02-16 13:05:07 - root - INFO -    Reason: EMA uptrend (59%)
2026-02-16 13:05:07 - root - WARNING - Cannot trade BEL: Daily risk limit exceeded. Risk: 151.77, Limit: 130.61
2026-02-16 13:05:08 - root - INFO - [BUY] RELIANCE: BUY (41%) @ 1423.6
2026-02-16 13:05:08 - root - INFO -    Reason: EMA uptrend (57%) | Increasing bullish momentum (60%)
2026-02-16 13:05:08 - root - WARNING - Cannot trade RELIANCE: Daily risk limit exceeded. Risk: 150.95, Limit: 130.61
2026-02-16 13:05:08 - root - INFO - [SELL] HDFCBANK: SELL (33%) @ 927.55
2026-02-16 13:05:08 - root - INFO -    Reason: RSI declining: 62.94 (50%) | EMA uptrend (53%) | Increasing bearish momentum (60%)
2026-02-16 13:05:09 - root - ERROR - Exception at calling ltp as {'status': 'failure', 'remarks': {'error_code': None, 'error_type': None, 'error_message': None}, 'data': ''}
Traceback (most recent call last):
  File "C:\Users\Sidma\AppData\Local\Programs\Python\Python312\Lib\site-packages\Dhan_Tradehull\Dhan_Tradehull.py", line 453, in get_ltp_data
    raise Exception(data)
Exception: {'status': 'failure', 'remarks': {'error_code': None, 'error_type': None, 'error_message': None}, 'data': ''}
2026-02-16 13:05:19 - root - INFO - [SELL] ITC: SELL (23%) @ 316.05
2026-02-16 13:05:19 - root - INFO -    Reason: EMA downtrend (58%)
2026-02-16 13:05:19 - root - INFO - [BUY] BEL: BUY (23%) @ 435.15
2026-02-16 13:05:19 - root - INFO -    Reason: EMA uptrend (59%)
2026-02-16 13:05:19 - root - WARNING - Cannot trade BEL: Daily risk limit exceeded. Risk: 151.75, Limit: 130.62
2026-02-16 13:05:20 - root - INFO - [BUY] RELIANCE: BUY (41%) @ 1423.5
2026-02-16 13:05:20 - root - INFO -    Reason: EMA uptrend (57%) | Increasing bullish momentum (60%)
2026-02-16 13:05:20 - root - WARNING - Cannot trade RELIANCE: Daily risk limit exceeded. Risk: 150.94, Limit: 130.62
2026-02-16 13:05:20 - root - INFO - [SELL] HDFCBANK: SELL (33%) @ 927.55
2026-02-16 13:05:20 - root - INFO -    Reason: RSI declining: 62.94 (50%) | EMA uptrend (53%) | Increasing bearish momentum (60%)
2026-02-16 13:05:21 - root - ERROR - Exception at calling ltp as {'status': 'failure', 'remarks': {'error_code': None, 'error_type': None, 'error_message': None}, 'data': ''}
Traceback (most recent call last):
  File "C:\Users\Sidma\AppData\Local\Programs\Python\Python312\Lib\site-packages\Dhan_Tradehull\Dhan_Tradehull.py", line 453, in get_ltp_data
    raise Exception(data)
Exception: {'status': 'failure', 'remarks': {'error_code': None, 'error_type': None, 'error_message': None}, 'data': ''}
2026-02-16 13:05:31 - root - INFO - [SELL] ITC: SELL (23%) @ 316.05
2026-02-16 13:05:31 - root - INFO -    Reason: EMA downtrend (58%)
2026-02-16 13:05:32 - root - INFO - [BUY] BEL: BUY (23%) @ 435.25
2026-02-16 13:05:32 - root - INFO -    Reason: EMA uptrend (59%)
2026-02-16 13:05:32 - root - WARNING - Cannot trade BEL: Daily risk limit exceeded. Risk: 151.76, Limit: 130.62
2026-02-16 13:05:32 - root - INFO - [BUY] RELIANCE: BUY (41%) @ 1423.6
2026-02-16 13:05:32 - root - INFO -    Reason: EMA uptrend (57%) | Increasing bullish momentum (60%)
2026-02-16 13:05:32 - root - WARNING - Cannot trade RELIANCE: Daily risk limit exceeded. Risk: 150.95, Limit: 130.62
2026-02-16 13:05:33 - root - INFO - [SELL] HDFCBANK: SELL (33%) @ 927.55
2026-02-16 13:05:33 - root - INFO -    Reason: RSI declining: 62.34 (50%) | EMA uptrend (53%) | Increasing bearish momentum (60%)
2026-02-16 13:05:34 - root - ERROR - Exception at calling ltp as {'status': 'failure', 'remarks': {'error_code': None, 'error_type': None, 'error_message': None}, 'data': ''}
Traceback (most recent call last):
  File "C:\Users\Sidma\AppData\Local\Programs\Python\Python312\Lib\site-packages\Dhan_Tradehull\Dhan_Tradehull.py", line 453, in get_ltp_data
    raise Exception(data)
Exception: {'status': 'failure', 'remarks': {'error_code': None, 'error_type': None, 'error_message': None}, 'data': ''}
2026-02-16 13:05:44 - root - INFO - [SELL] ITC: SELL (23%) @ 316.15
2026-02-16 13:05:44 - root - INFO -    Reason: EMA downtrend (58%)
2026-02-16 13:05:44 - root - INFO - [BUY] BEL: BUY (23%) @ 435.1
2026-02-16 13:05:44 - root - INFO -    Reason: EMA uptrend (59%)
2026-02-16 13:05:44 - root - WARNING - Cannot trade BEL: Daily risk limit exceeded. Risk: 151.75, Limit: 130.62
2026-02-16 13:05:45 - root - INFO - [BUY] RELIANCE: BUY (41%) @ 1423.5
2026-02-16 13:05:45 - root - INFO -    Reason: EMA uptrend (57%) | Increasing bullish momentum (60%)
2026-02-16 13:05:45 - root - WARNING - Cannot trade RELIANCE: Daily risk limit exceeded. Risk: 150.94, Limit: 130.62
2026-02-16 13:05:45 - root - INFO - [SELL] HDFCBANK: SELL (33%) @ 927.45
2026-02-16 13:05:45 - root - INFO -    Reason: RSI declining: 62.64 (50%) | EMA uptrend (53%) | Increasing bearish momentum (60%)
2026-02-16 13:05:46 - root - ERROR - Exception at calling ltp as {'status': 'failure', 'remarks': {'error_code': None, 'error_type': None, 'error_message': None}, 'data': ''}
Traceback (most recent call last):
  File "C:\Users\Sidma\AppData\Local\Programs\Python\Python312\Lib\site-packages\Dhan_Tradehull\Dhan_Tradehull.py", line 453, in get_ltp_data
    raise Exception(data)
Exception: {'status': 'failure', 'remarks': {'error_code': None, 'error_type': None, 'error_message': None}, 'data': ''}
2026-02-16 13:05:56 - root - INFO - [SELL] ITC: SELL (23%) @ 316.0
2026-02-16 13:05:56 - root - INFO -    Reason: EMA downtrend (58%)
2026-02-16 13:05:57 - root - INFO - [BUY] BEL: BUY (23%) @ 435.1
2026-02-16 13:05:57 - root - INFO -    Reason: EMA uptrend (59%)
2026-02-16 13:05:57 - root - WARNING - Cannot trade BEL: Daily risk limit exceeded. Risk: 151.75, Limit: 130.62
2026-02-16 13:05:57 - root - INFO - [BUY] RELIANCE: BUY (41%) @ 1423.5
2026-02-16 13:05:57 - root - INFO -    Reason: EMA uptrend (57%) | Increasing bullish momentum (60%)
2026-02-16 13:05:57 - root - WARNING - Cannot trade RELIANCE: Daily risk limit exceeded. Risk: 150.94, Limit: 130.62
2026-02-16 13:05:58 - root - INFO - [NEUTRAL] HDFCBANK: NEUTRAL (21%) @ 927.35
2026-02-16 13:05:58 - root - INFO -    Reason: EMA uptrend (54%) | Increasing bearish momentum (60%)
2026-02-16 13:05:59 - root - ERROR - Exception at calling ltp as {'status': 'failure', 'remarks': {'error_code': None, 'error_type': None, 'error_message': None}, 'data': ''}
Traceback (most recent call last):
  File "C:\Users\Sidma\AppData\Local\Programs\Python\Python312\Lib\site-packages\Dhan_Tradehull\Dhan_Tradehull.py", line 453, in get_ltp_data
    raise Exception(data)
Exception: {'status': 'failure', 'remarks': {'error_code': None, 'error_type': None, 'error_message': None}, 'data': ''}
2026-02-16 13:06:09 - root - INFO - [SELL] ITC: SELL (23%) @ 316.1
2026-02-16 13:06:09 - root - INFO -    Reason: EMA downtrend (58%)
2026-02-16 13:06:09 - root - INFO - [BUY] BEL: BUY (23%) @ 435.1
2026-02-16 13:06:09 - root - INFO -    Reason: EMA uptrend (59%)
2026-02-16 13:06:09 - root - WARNING - Cannot trade BEL: Daily risk limit exceeded. Risk: 151.75, Limit: 130.62
2026-02-16 13:06:10 - root - INFO - [BUY] RELIANCE: BUY (41%) @ 1423.1
2026-02-16 13:06:10 - root - INFO -    Reason: EMA uptrend (57%) | Increasing bullish momentum (60%)
2026-02-16 13:06:10 - root - WARNING - Cannot trade RELIANCE: Daily risk limit exceeded. Risk: 150.93, Limit: 130.62
2026-02-16 13:06:10 - root - INFO - [SELL] HDFCBANK: SELL (33%) @ 927.1
2026-02-16 13:06:10 - root - INFO -    Reason: RSI declining: 60.34 (50%) | EMA uptrend (53%) | Increasing bearish momentum (60%)
2026-02-16 13:06:12 - root - ERROR - Exception at calling ltp as {'status': 'failure', 'remarks': {'error_code': None, 'error_type': None, 'error_message': None}, 'data': ''}
Traceback (most recent call last):
  File "C:\Users\Sidma\AppData\Local\Programs\Python\Python312\Lib\site-packages\Dhan_Tradehull\Dhan_Tradehull.py", line 453, in get_ltp_data
    raise Exception(data)
Exception: {'status': 'failure', 'remarks': {'error_code': None, 'error_type': None, 'error_message': None}, 'data': ''}
2026-02-16 13:06:21 - root - INFO - [SELL] ITC: SELL (23%) @ 316.05
2026-02-16 13:06:21 - root - INFO -    Reason: EMA downtrend (58%)
2026-02-16 13:06:22 - root - INFO - [BUY] BEL: BUY (23%) @ 435.15
2026-02-16 13:06:22 - root - INFO -    Reason: EMA uptrend (59%)
2026-02-16 13:06:22 - root - WARNING - Cannot trade BEL: Daily risk limit exceeded. Risk: 151.75, Limit: 130.62
2026-02-16 13:06:22 - root - INFO - [BUY] RELIANCE: BUY (41%) @ 1423.5
2026-02-16 13:06:22 - root - INFO -    Reason: EMA uptrend (57%) | Increasing bullish momentum (60%)
2026-02-16 13:06:23 - root - WARNING - Cannot trade RELIANCE: Daily risk limit exceeded. Risk: 150.94, Limit: 130.62
2026-02-16 13:06:23 - root - INFO - [SELL] HDFCBANK: SELL (33%) @ 927.2
2026-02-16 13:06:23 - root - INFO -    Reason: RSI declining: 60.34 (50%) | EMA uptrend (53%) | Increasing bearish momentum (60%)
2026-02-16 13:06:24 - root - ERROR - Exception at calling ltp as {'status': 'failure', 'remarks': {'error_code': None, 'error_type': None, 'error_message': None}, 'data': ''}
Traceback (most recent call last):
  File "C:\Users\Sidma\AppData\Local\Programs\Python\Python312\Lib\site-packages\Dhan_Tradehull\Dhan_Tradehull.py", line 453, in get_ltp_data
    raise Exception(data)
Exception: {'status': 'failure', 'remarks': {'error_code': None, 'error_type': None, 'error_message': None}, 'data': ''}
2026-02-16 13:06:34 - root - INFO - [SELL] ITC: SELL (23%) @ 316.0
2026-02-16 13:06:34 - root - INFO -    Reason: EMA downtrend (58%)
2026-02-16 13:06:35 - root - INFO - [BUY] BEL: BUY (23%) @ 435.05
2026-02-16 13:06:35 - root - INFO -    Reason: EMA uptrend (59%)
2026-02-16 13:06:35 - root - WARNING - Cannot trade BEL: Daily risk limit exceeded. Risk: 151.74, Limit: 130.62
2026-02-16 13:06:35 - root - INFO - [BUY] RELIANCE: BUY (41%) @ 1423.2
2026-02-16 13:06:35 - root - INFO -    Reason: EMA uptrend (57%) | Increasing bullish momentum (60%)
2026-02-16 13:06:35 - root - WARNING - Cannot trade RELIANCE: Daily risk limit exceeded. Risk: 150.94, Limit: 130.62
2026-02-16 13:06:36 - root - INFO - [SELL] HDFCBANK: SELL (33%) @ 927.05
2026-02-16 13:06:36 - root - INFO -    Reason: RSI declining: 60.90 (50%) | EMA uptrend (53%) | Increasing bearish momentum (60%)
2026-02-16 13:06:37 - root - ERROR - Exception at calling ltp as {'status': 'failure', 'remarks': {'error_code': None, 'error_type': None, 'error_message': None}, 'data': ''}
Traceback (most recent call last):
  File "C:\Users\Sidma\AppData\Local\Programs\Python\Python312\Lib\site-packages\Dhan_Tradehull\Dhan_Tradehull.py", line 453, in get_ltp_data
    raise Exception(data)
Exception: {'status': 'failure', 'remarks': {'error_code': None, 'error_type': None, 'error_message': None}, 'data': ''}
2026-02-16 13:06:47 - root - INFO - [SELL] ITC: SELL (23%) @ 316.1
2026-02-16 13:06:47 - root - INFO -    Reason: EMA downtrend (58%)
2026-02-16 13:06:47 - root - INFO - [BUY] BEL: BUY (23%) @ 435.15
2026-02-16 13:06:47 - root - INFO -    Reason: EMA uptrend (59%)
2026-02-16 13:06:47 - root - WARNING - Cannot trade BEL: Daily risk limit exceeded. Risk: 151.75, Limit: 130.62
2026-02-16 13:06:48 - root - INFO - [BUY] RELIANCE: BUY (41%) @ 1423.5
2026-02-16 13:06:48 - root - INFO -    Reason: EMA uptrend (57%) | Increasing bullish momentum (60%)
2026-02-16 13:06:48 - root - WARNING - Cannot trade RELIANCE: Daily risk limit exceeded. Risk: 150.94, Limit: 130.62
2026-02-16 13:06:48 - root - INFO - [SELL] HDFCBANK: SELL (33%) @ 927.1
2026-02-16 13:06:48 - root - INFO -    Reason: RSI declining: 60.90 (50%) | EMA uptrend (53%) | Increasing bearish momentum (60%)
2026-02-16 13:06:50 - root - ERROR - Exception at calling ltp as {'status': 'failure', 'remarks': {'error_code': None, 'error_type': None, 'error_message': None}, 'data': ''}
Traceback (most recent call last):
  File "C:\Users\Sidma\AppData\Local\Programs\Python\Python312\Lib\site-packages\Dhan_Tradehull\Dhan_Tradehull.py", line 453, in get_ltp_data
    raise Exception(data)
Exception: {'status': 'failure', 'remarks': {'error_code': None, 'error_type': None, 'error_message': None}, 'data': ''}
2026-02-16 13:07:00 - root - INFO - [SELL] ITC: SELL (23%) @ 316.05
2026-02-16 13:07:00 - root - INFO -    Reason: EMA downtrend (58%)
2026-02-16 13:07:00 - root - INFO - [BUY] BEL: BUY (23%) @ 435.1
2026-02-16 13:07:00 - root - INFO -    Reason: EMA uptrend (59%)
2026-02-16 13:07:00 - root - WARNING - Cannot trade BEL: Daily risk limit exceeded. Risk: 151.75, Limit: 130.62
2026-02-16 13:07:01 - root - INFO - [BUY] RELIANCE: BUY (41%) @ 1423.4
2026-02-16 13:07:01 - root - INFO -    Reason: EMA uptrend (57%) | Increasing bullish momentum (60%)
2026-02-16 13:07:01 - root - WARNING - Cannot trade RELIANCE: Daily risk limit exceeded. Risk: 150.94, Limit: 130.62
2026-02-16 13:07:01 - root - INFO - [SELL] HDFCBANK: SELL (33%) @ 927.3
2026-02-16 13:07:01 - root - INFO -    Reason: RSI declining: 61.76 (50%) | EMA uptrend (53%) | Increasing bearish momentum (60%)
2026-02-16 13:07:02 - root - ERROR - Exception at calling ltp as {'status': 'failure', 'remarks': {'error_code': None, 'error_type': None, 'error_message': None}, 'data': ''}
Traceback (most recent call last):
  File "C:\Users\Sidma\AppData\Local\Programs\Python\Python312\Lib\site-packages\Dhan_Tradehull\Dhan_Tradehull.py", line 453, in get_ltp_data
    raise Exception(data)
Exception: {'status': 'failure', 'remarks': {'error_code': None, 'error_type': None, 'error_message': None}, 'data': ''}
2026-02-16 13:07:12 - root - INFO - [SELL] ITC: SELL (23%) @ 315.95
2026-02-16 13:07:12 - root - INFO -    Reason: EMA downtrend (58%)
2026-02-16 13:07:13 - root - INFO - [BUY] BEL: BUY (23%) @ 435.05
2026-02-16 13:07:13 - root - INFO -    Reason: EMA uptrend (59%)
2026-02-16 13:07:13 - root - WARNING - Cannot trade BEL: Daily risk limit exceeded. Risk: 151.74, Limit: 130.62
2026-02-16 13:07:13 - root - INFO - [BUY] RELIANCE: BUY (41%) @ 1423.5
2026-02-16 13:07:13 - root - INFO -    Reason: EMA uptrend (57%) | Increasing bullish momentum (60%)
2026-02-16 13:07:13 - root - WARNING - Cannot trade RELIANCE: Daily risk limit exceeded. Risk: 150.94, Limit: 130.62
2026-02-16 13:07:14 - root - INFO - [SELL] HDFCBANK: SELL (33%) @ 927.2
2026-02-16 13:07:14 - root - INFO -    Reason: RSI declining: 62.05 (50%) | EMA uptrend (53%) | Increasing bearish momentum (60%)
2026-02-16 13:07:15 - root - ERROR - Exception at calling ltp as {'status': 'failure', 'remarks': {'error_code': None, 'error_type': None, 'error_message': None}, 'data': ''}
Traceback (most recent call last):
  File "C:\Users\Sidma\AppData\Local\Programs\Python\Python312\Lib\site-packages\Dhan_Tradehull\Dhan_Tradehull.py", line 453, in get_ltp_data
    raise Exception(data)
Exception: {'status': 'failure', 'remarks': {'error_code': None, 'error_type': None, 'error_message': None}, 'data': ''}
2026-02-16 13:07:25 - root - INFO - [SELL] ITC: SELL (23%) @ 316.45
2026-02-16 13:07:25 - root - INFO -    Reason: EMA downtrend (59%)
2026-02-16 13:07:25 - root - INFO - [BUY] BEL: BUY (23%) @ 435.1
2026-02-16 13:07:25 - root - INFO -    Reason: EMA uptrend (59%)
2026-02-16 13:07:25 - root - WARNING - Cannot trade BEL: Daily risk limit exceeded. Risk: 151.75, Limit: 130.62
2026-02-16 13:07:26 - root - INFO - [BUY] RELIANCE: BUY (41%) @ 1423.0
2026-02-16 13:07:26 - root - INFO -    Reason: EMA uptrend (57%) | Increasing bullish momentum (60%)
2026-02-16 13:07:26 - root - WARNING - Cannot trade RELIANCE: Daily risk limit exceeded. Risk: 150.93, Limit: 130.62
2026-02-16 13:07:27 - root - INFO - [SELL] HDFCBANK: SELL (33%) @ 927.45
2026-02-16 13:07:27 - root - INFO -    Reason: RSI declining: 62.34 (50%) | EMA uptrend (53%) | Increasing bearish momentum (60%)
2026-02-16 13:07:28 - root - ERROR - Exception at calling ltp as {'status': 'failure', 'remarks': {'error_code': None, 'error_type': None, 'error_message': None}, 'data': ''}
Traceback (most recent call last):
  File "C:\Users\Sidma\AppData\Local\Programs\Python\Python312\Lib\site-packages\Dhan_Tradehull\Dhan_Tradehull.py", line 453, in get_ltp_data
    raise Exception(data)
Exception: {'status': 'failure', 'remarks': {'error_code': None, 'error_type': None, 'error_message': None}, 'data': ''}
2026-02-16 13:07:38 - root - INFO - [SELL] ITC: SELL (23%) @ 316.45
2026-02-16 13:07:38 - root - INFO -    Reason: EMA downtrend (59%)
2026-02-16 13:07:38 - root - INFO - [BUY] BEL: BUY (23%) @ 435.1
2026-02-16 13:07:38 - root - INFO -    Reason: EMA uptrend (59%)
2026-02-16 13:07:38 - root - WARNING - Cannot trade BEL: Daily risk limit exceeded. Risk: 151.75, Limit: 130.62
2026-02-16 13:07:39 - root - INFO - [BUY] RELIANCE: BUY (41%) @ 1423.6
2026-02-16 13:07:39 - root - INFO -    Reason: EMA uptrend (57%) | Increasing bullish momentum (60%)
2026-02-16 13:07:39 - root - WARNING - Cannot trade RELIANCE: Daily risk limit exceeded. Risk: 150.95, Limit: 130.62
2026-02-16 13:07:39 - root - INFO - [SELL] HDFCBANK: SELL (33%) @ 927.4
2026-02-16 13:07:39 - root - INFO -    Reason: RSI declining: 62.64 (50%) | EMA uptrend (53%) | Increasing bearish momentum (60%)
2026-02-16 13:07:40 - root - ERROR - Exception at calling ltp as {'status': 'failure', 'remarks': {'error_code': None, 'error_type': None, 'error_message': None}, 'data': ''}
Traceback (most recent call last):
  File "C:\Users\Sidma\AppData\Local\Programs\Python\Python312\Lib\site-packages\Dhan_Tradehull\Dhan_Tradehull.py", line 453, in get_ltp_data
    raise Exception(data)
Exception: {'status': 'failure', 'remarks': {'error_code': None, 'error_type': None, 'error_message': None}, 'data': ''}
2026-02-16 13:07:50 - root - INFO - [SELL] ITC: SELL (24%) @ 316.6
2026-02-16 13:07:50 - root - INFO -    Reason: EMA downtrend (59%)
2026-02-16 13:07:51 - root - INFO - [BUY] BEL: BUY (23%) @ 435.1
2026-02-16 13:07:51 - root - INFO -    Reason: EMA uptrend (59%)
2026-02-16 13:07:51 - root - WARNING - Cannot trade BEL: Daily risk limit exceeded. Risk: 151.75, Limit: 130.62
2026-02-16 13:07:51 - root - INFO - [BUY] RELIANCE: BUY (41%) @ 1422.7
2026-02-16 13:07:51 - root - INFO -    Reason: EMA uptrend (57%) | Increasing bullish momentum (60%)
2026-02-16 13:07:51 - root - WARNING - Cannot trade RELIANCE: Daily risk limit exceeded. Risk: 150.92, Limit: 130.62
2026-02-16 13:07:52 - root - INFO - [SELL] HDFCBANK: SELL (33%) @ 927.45
2026-02-16 13:07:52 - root - INFO -    Reason: RSI declining: 62.64 (50%) | EMA uptrend (53%) | Increasing bearish momentum (60%)
2026-02-16 13:07:53 - root - ERROR - Exception at calling ltp as {'status': 'failure', 'remarks': {'error_code': None, 'error_type': None, 'error_message': None}, 'data': ''}
Traceback (most recent call last):
  File "C:\Users\Sidma\AppData\Local\Programs\Python\Python312\Lib\site-packages\Dhan_Tradehull\Dhan_Tradehull.py", line 453, in get_ltp_data
    raise Exception(data)
Exception: {'status': 'failure', 'remarks': {'error_code': None, 'error_type': None, 'error_message': None}, 'data': ''}
2026-02-16 13:08:03 - root - INFO - [SELL] ITC: SELL (24%) @ 316.6
2026-02-16 13:08:03 - root - INFO -    Reason: EMA downtrend (59%)
2026-02-16 13:08:03 - root - INFO - [BUY] BEL: BUY (23%) @ 435.2
2026-02-16 13:08:03 - root - INFO -    Reason: EMA uptrend (59%)
2026-02-16 13:08:03 - root - WARNING - Cannot trade BEL: Daily risk limit exceeded. Risk: 151.76, Limit: 130.62
2026-02-16 13:08:04 - root - INFO - [BUY] RELIANCE: BUY (41%) @ 1423.5
2026-02-16 13:08:04 - root - INFO -    Reason: EMA uptrend (57%) | Increasing bullish momentum (60%)
2026-02-16 13:08:04 - root - WARNING - Cannot trade RELIANCE: Daily risk limit exceeded. Risk: 150.94, Limit: 130.62
2026-02-16 13:08:05 - root - INFO - [SELL] HDFCBANK: SELL (33%) @ 927.6
2026-02-16 13:08:05 - root - INFO -    Reason: RSI declining: 62.94 (50%) | EMA uptrend (53%) | Increasing bearish momentum (60%)
2026-02-16 13:08:06 - root - ERROR - Exception at calling ltp as {'status': 'failure', 'remarks': {'error_code': None, 'error_type': None, 'error_message': None}, 'data': ''}
Traceback (most recent call last):
  File "C:\Users\Sidma\AppData\Local\Programs\Python\Python312\Lib\site-packages\Dhan_Tradehull\Dhan_Tradehull.py", line 453, in get_ltp_data
    raise Exception(data)
Exception: {'status': 'failure', 'remarks': {'error_code': None, 'error_type': None, 'error_message': None}, 'data': ''}
2026-02-16 13:08:16 - root - INFO - [SELL] ITC: SELL (24%) @ 316.7
2026-02-16 13:08:16 - root - INFO -    Reason: EMA downtrend (59%)
2026-02-16 13:08:16 - root - INFO - [BUY] BEL: BUY (23%) @ 435.2
2026-02-16 13:08:16 - root - INFO -    Reason: EMA uptrend (59%)
2026-02-16 13:08:16 - root - WARNING - Cannot trade BEL: Daily risk limit exceeded. Risk: 151.76, Limit: 130.62
2026-02-16 13:08:17 - root - INFO - [BUY] RELIANCE: BUY (41%) @ 1423.5
2026-02-16 13:08:17 - root - INFO -    Reason: EMA uptrend (57%) | Increasing bullish momentum (60%)
2026-02-16 13:08:17 - root - WARNING - Cannot trade RELIANCE: Daily risk limit exceeded. Risk: 150.94, Limit: 130.62
2026-02-16 13:08:17 - root - INFO - [SELL] HDFCBANK: SELL (33%) @ 927.55
2026-02-16 13:08:17 - root - INFO -    Reason: RSI declining: 62.64 (50%) | EMA uptrend (53%) | Increasing bearish momentum (60%)
2026-02-16 13:08:18 - root - ERROR - Exception at calling ltp as {'status': 'failure', 'remarks': {'error_code': None, 'error_type': None, 'error_message': None}, 'data': ''}
Traceback (most recent call last):
  File "C:\Users\Sidma\AppData\Local\Programs\Python\Python312\Lib\site-packages\Dhan_Tradehull\Dhan_Tradehull.py", line 453, in get_ltp_data
    raise Exception(data)
Exception: {'status': 'failure', 'remarks': {'error_code': None, 'error_type': None, 'error_message': None}, 'data': ''}
2026-02-16 13:08:28 - root - INFO - [SELL] ITC: SELL (24%) @ 316.7
2026-02-16 13:08:28 - root - INFO -    Reason: EMA downtrend (59%)
2026-02-16 13:08:29 - root - INFO - [BUY] BEL: BUY (23%) @ 435.1
2026-02-16 13:08:29 - root - INFO -    Reason: EMA uptrend (59%)
2026-02-16 13:08:29 - root - WARNING - Cannot trade BEL: Daily risk limit exceeded. Risk: 151.75, Limit: 130.62
2026-02-16 13:08:30 - root - INFO - [BUY] RELIANCE: BUY (41%) @ 1423.3
2026-02-16 13:08:30 - root - INFO -    Reason: EMA uptrend (57%) | Increasing bullish momentum (60%)
2026-02-16 13:08:30 - root - WARNING - Cannot trade RELIANCE: Daily risk limit exceeded. Risk: 150.94, Limit: 130.62
2026-02-16 13:08:30 - root - INFO - [NEUTRAL] HDFCBANK: NEUTRAL (21%) @ 927.7
2026-02-16 13:08:30 - root - INFO -    Reason: EMA uptrend (53%) | Increasing bearish momentum (60%)
2026-02-16 13:08:31 - root - ERROR - Exception at calling ltp as {'status': 'failure', 'remarks': {'error_code': None, 'error_type': None, 'error_message': None}, 'data': ''}
Traceback (most recent call last):
  File "C:\Users\Sidma\AppData\Local\Programs\Python\Python312\Lib\site-packages\Dhan_Tradehull\Dhan_Tradehull.py", line 453, in get_ltp_data
    raise Exception(data)
Exception: {'status': 'failure', 'remarks': {'error_code': None, 'error_type': None, 'error_message': None}, 'data': ''}
2026-02-16 13:08:41 - root - INFO - [SELL] ITC: SELL (24%) @ 316.7
2026-02-16 13:08:41 - root - INFO -    Reason: EMA downtrend (59%)
2026-02-16 13:08:42 - root - INFO - [BUY] BEL: BUY (23%) @ 435.35
2026-02-16 13:08:42 - root - INFO -    Reason: EMA uptrend (58%)
2026-02-16 13:08:42 - root - WARNING - Cannot trade BEL: Daily risk limit exceeded. Risk: 151.77, Limit: 130.62
2026-02-16 13:08:42 - root - INFO - [BUY] RELIANCE: BUY (41%) @ 1423.6
2026-02-16 13:08:42 - root - INFO -    Reason: EMA uptrend (57%) | Increasing bullish momentum (60%)
2026-02-16 13:08:42 - root - WARNING - Cannot trade RELIANCE: Daily risk limit exceeded. Risk: 150.95, Limit: 130.62
2026-02-16 13:08:43 - root - INFO - [SELL] HDFCBANK: SELL (33%) @ 927.55
2026-02-16 13:08:43 - root - INFO -    Reason: RSI declining: 62.94 (50%) | EMA uptrend (53%) | Increasing bearish momentum (60%)
2026-02-16 13:08:44 - root - ERROR - Exception at calling ltp as {'status': 'failure', 'remarks': {'error_code': None, 'error_type': None, 'error_message': None}, 'data': ''}
Traceback (most recent call last):
  File "C:\Users\Sidma\AppData\Local\Programs\Python\Python312\Lib\site-packages\Dhan_Tradehull\Dhan_Tradehull.py", line 453, in get_ltp_data
    raise Exception(data)
Exception: {'status': 'failure', 'remarks': {'error_code': None, 'error_type': None, 'error_message': None}, 'data': ''}
2026-02-16 13:08:53 - root - INFO - [SELL] ITC: SELL (24%) @ 316.7
2026-02-16 13:08:53 - root - INFO -    Reason: EMA downtrend (59%)
2026-02-16 13:08:54 - root - INFO - [BUY] BEL: BUY (23%) @ 435.1
2026-02-16 13:08:54 - root - INFO -    Reason: EMA uptrend (59%)
2026-02-16 13:08:54 - root - WARNING - Cannot trade BEL: Daily risk limit exceeded. Risk: 151.75, Limit: 130.62
2026-02-16 13:08:54 - root - INFO - [BUY] RELIANCE: BUY (41%) @ 1423.6
2026-02-16 13:08:54 - root - INFO -    Reason: EMA uptrend (57%) | Increasing bullish momentum (60%)
2026-02-16 13:08:54 - root - WARNING - Cannot trade RELIANCE: Daily risk limit exceeded. Risk: 150.95, Limit: 130.62
2026-02-16 13:08:55 - root - INFO - [SELL] HDFCBANK: SELL (33%) @ 927.7
2026-02-16 13:08:55 - root - INFO -    Reason: RSI declining: 62.64 (50%) | EMA uptrend (53%) | Increasing bearish momentum (60%)
2026-02-16 13:08:56 - root - ERROR - Exception at calling ltp as {'status': 'failure', 'remarks': {'error_code': None, 'error_type': None, 'error_message': None}, 'data': ''}
Traceback (most recent call last):
  File "C:\Users\Sidma\AppData\Local\Programs\Python\Python312\Lib\site-packages\Dhan_Tradehull\Dhan_Tradehull.py", line 453, in get_ltp_data
    raise Exception(data)
Exception: {'status': 'failure', 'remarks': {'error_code': None, 'error_type': None, 'error_message': None}, 'data': ''}
2026-02-16 13:09:06 - root - INFO - [SELL] ITC: SELL (24%) @ 316.65
2026-02-16 13:09:06 - root - INFO -    Reason: EMA downtrend (59%)
2026-02-16 13:09:06 - root - INFO - [BUY] BEL: BUY (23%) @ 435.3
2026-02-16 13:09:06 - root - INFO -    Reason: EMA uptrend (58%)
2026-02-16 13:09:06 - root - WARNING - Cannot trade BEL: Daily risk limit exceeded. Risk: 151.77, Limit: 130.62
2026-02-16 13:09:07 - root - INFO - [BUY] RELIANCE: BUY (41%) @ 1423.6
2026-02-16 13:09:07 - root - INFO -    Reason: EMA uptrend (57%) | Increasing bullish momentum (60%)
2026-02-16 13:09:07 - root - WARNING - Cannot trade RELIANCE: Daily risk limit exceeded. Risk: 150.95, Limit: 130.62
2026-02-16 13:09:07 - root - INFO - [NEUTRAL] HDFCBANK: NEUTRAL (21%) @ 927.8
2026-02-16 13:09:07 - root - INFO -    Reason: EMA uptrend (53%) | Increasing bearish momentum (60%)
2026-02-16 13:09:08 - root - ERROR - Exception at calling ltp as {'status': 'failure', 'remarks': {'error_code': None, 'error_type': None, 'error_message': None}, 'data': ''}
Traceback (most recent call last):
  File "C:\Users\Sidma\AppData\Local\Programs\Python\Python312\Lib\site-packages\Dhan_Tradehull\Dhan_Tradehull.py", line 453, in get_ltp_data
    raise Exception(data)
Exception: {'status': 'failure', 'remarks': {'error_code': None, 'error_type': None, 'error_message': None}, 'data': ''}
2026-02-16 13:09:18 - root - INFO - [SELL] ITC: SELL (24%) @ 316.65
2026-02-16 13:09:18 - root - INFO -    Reason: EMA downtrend (59%)
2026-02-16 13:09:19 - root - INFO - [BUY] BEL: BUY (23%) @ 435.1
2026-02-16 13:09:19 - root - INFO -    Reason: EMA uptrend (59%)
2026-02-16 13:09:19 - root - WARNING - Cannot trade BEL: Daily risk limit exceeded. Risk: 151.75, Limit: 130.62
2026-02-16 13:09:19 - root - INFO - [BUY] RELIANCE: BUY (41%) @ 1423.6
2026-02-16 13:09:19 - root - INFO -    Reason: EMA uptrend (57%) | Increasing bullish momentum (60%)
2026-02-16 13:09:19 - root - WARNING - Cannot trade RELIANCE: Daily risk limit exceeded. Risk: 150.95, Limit: 130.62
2026-02-16 13:09:20 - root - INFO - [SELL] HDFCBANK: SELL (33%) @ 927.45
2026-02-16 13:09:20 - root - INFO -    Reason: RSI declining: 62.64 (50%) | EMA uptrend (53%) | Increasing bearish momentum (60%)
2026-02-16 13:09:21 - root - ERROR - Exception at calling ltp as {'status': 'failure', 'remarks': {'error_code': None, 'error_type': None, 'error_message': None}, 'data': ''}
Traceback (most recent call last):
  File "C:\Users\Sidma\AppData\Local\Programs\Python\Python312\Lib\site-packages\Dhan_Tradehull\Dhan_Tradehull.py", line 453, in get_ltp_data
    raise Exception(data)
Exception: {'status': 'failure', 'remarks': {'error_code': None, 'error_type': None, 'error_message': None}, 'data': ''}
2026-02-16 13:09:30 - root - INFO - [SELL] ITC: SELL (24%) @ 316.65
2026-02-16 13:09:30 - root - INFO -    Reason: EMA downtrend (59%)
2026-02-16 13:09:31 - root - INFO - [BUY] BEL: BUY (23%) @ 435.1
2026-02-16 13:09:31 - root - INFO -    Reason: EMA uptrend (59%)
2026-02-16 13:09:31 - root - WARNING - Cannot trade BEL: Daily risk limit exceeded. Risk: 151.75, Limit: 130.62
2026-02-16 13:09:31 - root - INFO - [BUY] RELIANCE: BUY (41%) @ 1423.7
2026-02-16 13:09:31 - root - INFO -    Reason: EMA uptrend (57%) | Increasing bullish momentum (60%)
2026-02-16 13:09:32 - root - WARNING - Cannot trade RELIANCE: Daily risk limit exceeded. Risk: 150.95, Limit: 130.62
2026-02-16 13:09:32 - root - INFO - [NEUTRAL] HDFCBANK: NEUTRAL (21%) @ 927.55
2026-02-16 13:09:32 - root - INFO -    Reason: EMA uptrend (53%) | Increasing bearish momentum (60%)
2026-02-16 13:09:33 - root - ERROR - Exception at calling ltp as {'status': 'failure', 'remarks': {'error_code': None, 'error_type': None, 'error_message': None}, 'data': ''}
Traceback (most recent call last):
  File "C:\Users\Sidma\AppData\Local\Programs\Python\Python312\Lib\site-packages\Dhan_Tradehull\Dhan_Tradehull.py", line 453, in get_ltp_data
    raise Exception(data)
Exception: {'status': 'failure', 'remarks': {'error_code': None, 'error_type': None, 'error_message': None}, 'data': ''}
2026-02-16 13:09:43 - root - INFO - [SELL] ITC: SELL (24%) @ 316.7
2026-02-16 13:09:43 - root - INFO -    Reason: EMA downtrend (59%)
2026-02-16 13:09:44 - root - INFO - [BUY] BEL: BUY (23%) @ 435.1
2026-02-16 13:09:44 - root - INFO -    Reason: EMA uptrend (59%)
2026-02-16 13:09:44 - root - WARNING - Cannot trade BEL: Daily risk limit exceeded. Risk: 151.75, Limit: 130.62
2026-02-16 13:09:44 - root - INFO - [BUY] RELIANCE: BUY (41%) @ 1423.7
2026-02-16 13:09:44 - root - INFO -    Reason: EMA uptrend (57%) | Increasing bullish momentum (60%)
2026-02-16 13:09:44 - root - WARNING - Cannot trade RELIANCE: Daily risk limit exceeded. Risk: 150.95, Limit: 130.62
2026-02-16 13:09:45 - root - INFO - [SELL] HDFCBANK: SELL (33%) @ 927.6
2026-02-16 13:09:45 - root - INFO -    Reason: RSI declining: 62.64 (50%) | EMA uptrend (53%) | Increasing bearish momentum (60%)
2026-02-16 13:09:46 - root - ERROR - Exception at calling ltp as {'status': 'failure', 'remarks': {'error_code': None, 'error_type': None, 'error_message': None}, 'data': ''}
Traceback (most recent call last):
  File "C:\Users\Sidma\AppData\Local\Programs\Python\Python312\Lib\site-packages\Dhan_Tradehull\Dhan_Tradehull.py", line 453, in get_ltp_data
    raise Exception(data)
Exception: {'status': 'failure', 'remarks': {'error_code': None, 'error_type': None, 'error_message': None}, 'data': ''}
2026-02-16 13:09:56 - root - INFO - [SELL] ITC: SELL (24%) @ 316.9
2026-02-16 13:09:56 - root - INFO -    Reason: EMA downtrend (59%)
2026-02-16 13:09:56 - root - INFO - [BUY] BEL: BUY (23%) @ 435.05
2026-02-16 13:09:56 - root - INFO -    Reason: EMA uptrend (59%)
2026-02-16 13:09:56 - root - WARNING - Cannot trade BEL: Daily risk limit exceeded. Risk: 125.64, Limit: 44.81
2026-02-16 13:09:57 - root - INFO - [BUY] RELIANCE: BUY (41%) @ 1423.8
2026-02-16 13:09:57 - root - INFO -    Reason: EMA uptrend (57%) | Increasing bullish momentum (60%)
2026-02-16 13:09:57 - root - WARNING - Cannot trade RELIANCE: Daily risk limit exceeded. Risk: 122.48, Limit: 44.81
2026-02-16 13:09:58 - root - INFO - [NEUTRAL] HDFCBANK: NEUTRAL (21%) @ 927.65
2026-02-16 13:09:58 - root - INFO -    Reason: EMA uptrend (53%) | Increasing bearish momentum (60%)
2026-02-16 13:09:59 - root - ERROR - Exception at calling ltp as {'status': 'failure', 'remarks': {'error_code': None, 'error_type': None, 'error_message': None}, 'data': ''}
Traceback (most recent call last):
  File "C:\Users\Sidma\AppData\Local\Programs\Python\Python312\Lib\site-packages\Dhan_Tradehull\Dhan_Tradehull.py", line 453, in get_ltp_data
    raise Exception(data)
Exception: {'status': 'failure', 'remarks': {'error_code': None, 'error_type': None, 'error_message': None}, 'data': ''}
2026-02-16 13:10:09 - root - INFO - [SELL] ITC: SELL (24%) @ 316.9
2026-02-16 13:10:09 - root - INFO -    Reason: EMA downtrend (59%)
2026-02-16 13:10:09 - root - INFO - [NEUTRAL] BEL: NEUTRAL (26%) @ 435.1
2026-02-16 13:10:09 - root - INFO -    Reason: EMA uptrend (59%) | Bearish MACD crossover (85%)
2026-02-16 13:10:10 - root - INFO - [BUY] RELIANCE: BUY (40%) @ 1424.0
2026-02-16 13:10:10 - root - INFO -    Reason: EMA uptrend (55%) | Increasing bullish momentum (60%)
2026-02-16 13:10:10 - root - WARNING - Cannot trade RELIANCE: Daily risk limit exceeded. Risk: 122.48, Limit: 44.81
2026-02-16 13:10:10 - root - INFO - [NEUTRAL] HDFCBANK: NEUTRAL (21%) @ 927.9
2026-02-16 13:10:10 - root - INFO -    Reason: EMA uptrend (53%) | Increasing bearish momentum (60%)
2026-02-16 13:10:11 - root - ERROR - Exception at calling ltp as {'status': 'failure', 'remarks': {'error_code': None, 'error_type': None, 'error_message': None}, 'data': ''}
Traceback (most recent call last):
  File "C:\Users\Sidma\AppData\Local\Programs\Python\Python312\Lib\site-packages\Dhan_Tradehull\Dhan_Tradehull.py", line 453, in get_ltp_data
    raise Exception(data)
Exception: {'status': 'failure', 'remarks': {'error_code': None, 'error_type': None, 'error_message': None}, 'data': ''}
2026-02-16 13:10:21 - root - INFO - [SELL] ITC: SELL (24%) @ 316.95
2026-02-16 13:10:21 - root - INFO -    Reason: EMA downtrend (59%)
2026-02-16 13:10:22 - root - INFO - [NEUTRAL] BEL: NEUTRAL (26%) @ 435.2
2026-02-16 13:10:22 - root - INFO -    Reason: EMA uptrend (59%) | Bearish MACD crossover (85%)
2026-02-16 13:10:22 - root - INFO - [BUY] RELIANCE: BUY (40%) @ 1423.8
2026-02-16 13:10:22 - root - INFO -    Reason: EMA uptrend (55%) | Increasing bullish momentum (60%)
2026-02-16 13:10:22 - root - WARNING - Cannot trade RELIANCE: Daily risk limit exceeded. Risk: 122.48, Limit: 44.81
2026-02-16 13:10:23 - root - INFO - [NEUTRAL] HDFCBANK: NEUTRAL (21%) @ 928.0
2026-02-16 13:10:23 - root - INFO -    Reason: EMA uptrend (53%) | Increasing bearish momentum (60%)
2026-02-16 13:10:24 - root - ERROR - Exception at calling ltp as {'status': 'failure', 'remarks': {'error_code': None, 'error_type': None, 'error_message': None}, 'data': ''}
Traceback (most recent call last):
  File "C:\Users\Sidma\AppData\Local\Programs\Python\Python312\Lib\site-packages\Dhan_Tradehull\Dhan_Tradehull.py", line 453, in get_ltp_data
    raise Exception(data)
Exception: {'status': 'failure', 'remarks': {'error_code': None, 'error_type': None, 'error_message': None}, 'data': ''}
2026-02-16 13:10:34 - root - INFO - [SELL] ITC: SELL (24%) @ 317.0
2026-02-16 13:10:34 - root - INFO -    Reason: EMA downtrend (59%)
2026-02-16 13:10:34 - root - INFO - [NEUTRAL] BEL: NEUTRAL (26%) @ 434.95
2026-02-16 13:10:34 - root - INFO -    Reason: EMA uptrend (59%) | Bearish MACD crossover (85%)
2026-02-16 13:10:35 - root - INFO - [BUY] RELIANCE: BUY (40%) @ 1423.9
2026-02-16 13:10:35 - root - INFO -    Reason: EMA uptrend (55%) | Increasing bullish momentum (60%)
2026-02-16 13:10:35 - root - WARNING - Cannot trade RELIANCE: Daily risk limit exceeded. Risk: 122.48, Limit: 44.81
2026-02-16 13:10:35 - root - INFO - [NEUTRAL] HDFCBANK: NEUTRAL (21%) @ 927.9
2026-02-16 13:10:35 - root - INFO -    Reason: EMA uptrend (53%) | Increasing bearish momentum (60%)
2026-02-16 13:10:36 - root - ERROR - Exception at calling ltp as {'status': 'failure', 'remarks': {'error_code': None, 'error_type': None, 'error_message': None}, 'data': ''}
Traceback (most recent call last):
  File "C:\Users\Sidma\AppData\Local\Programs\Python\Python312\Lib\site-packages\Dhan_Tradehull\Dhan_Tradehull.py", line 453, in get_ltp_data
    raise Exception(data)
Exception: {'status': 'failure', 'remarks': {'error_code': None, 'error_type': None, 'error_message': None}, 'data': ''}
2026-02-16 13:10:46 - root - INFO - [SELL] ITC: SELL (24%) @ 317.0
2026-02-16 13:10:46 - root - INFO -    Reason: EMA downtrend (59%)
2026-02-16 13:10:47 - root - INFO - [NEUTRAL] BEL: NEUTRAL (26%) @ 435.2
2026-02-16 13:10:47 - root - INFO -    Reason: EMA uptrend (59%) | Bearish MACD crossover (85%)
2026-02-16 13:10:47 - root - INFO - [BUY] RELIANCE: BUY (40%) @ 1424.0
2026-02-16 13:10:47 - root - INFO -    Reason: EMA uptrend (56%) | Increasing bullish momentum (60%)
2026-02-16 13:10:47 - root - WARNING - Cannot trade RELIANCE: Daily risk limit exceeded. Risk: 122.48, Limit: 44.81
2026-02-16 13:10:48 - root - INFO - [SELL] HDFCBANK: SELL (33%) @ 927.95
2026-02-16 13:10:48 - root - INFO -    Reason: RSI declining: 63.31 (50%) | EMA uptrend (53%) | Increasing bearish momentum (60%)
2026-02-16 13:10:49 - root - ERROR - Exception at calling ltp as {'status': 'failure', 'remarks': {'error_code': None, 'error_type': None, 'error_message': None}, 'data': ''}
Traceback (most recent call last):
  File "C:\Users\Sidma\AppData\Local\Programs\Python\Python312\Lib\site-packages\Dhan_Tradehull\Dhan_Tradehull.py", line 453, in get_ltp_data
    raise Exception(data)
Exception: {'status': 'failure', 'remarks': {'error_code': None, 'error_type': None, 'error_message': None}, 'data': ''}
2026-02-16 13:10:59 - root - INFO - [SELL] ITC: SELL (24%) @ 317.15
2026-02-16 13:10:59 - root - INFO -    Reason: EMA downtrend (60%)
2026-02-16 13:10:59 - root - INFO - [NEUTRAL] BEL: NEUTRAL (26%) @ 435.05
2026-02-16 13:10:59 - root - INFO -    Reason: EMA uptrend (59%) | Bearish MACD crossover (85%)
2026-02-16 13:11:00 - root - INFO - [BUY] RELIANCE: BUY (40%) @ 1424.0
2026-02-16 13:11:00 - root - INFO -    Reason: EMA uptrend (55%) | Increasing bullish momentum (60%)
2026-02-16 13:11:00 - root - WARNING - Cannot trade RELIANCE: Daily risk limit exceeded. Risk: 122.48, Limit: 44.81
2026-02-16 13:11:01 - root - INFO - [SELL] HDFCBANK: SELL (33%) @ 927.8
2026-02-16 13:11:01 - root - INFO -    Reason: RSI declining: 63.63 (50%) | EMA uptrend (53%) | Increasing bearish momentum (60%)
2026-02-16 13:11:02 - root - ERROR - Exception at calling ltp as {'status': 'failure', 'remarks': {'error_code': None, 'error_type': None, 'error_message': None}, 'data': ''}
Traceback (most recent call last):
  File "C:\Users\Sidma\AppData\Local\Programs\Python\Python312\Lib\site-packages\Dhan_Tradehull\Dhan_Tradehull.py", line 453, in get_ltp_data
    raise Exception(data)
Exception: {'status': 'failure', 'remarks': {'error_code': None, 'error_type': None, 'error_message': None}, 'data': ''}
2026-02-16 13:11:12 - root - INFO - [SELL] ITC: SELL (24%) @ 317.1
2026-02-16 13:11:12 - root - INFO -    Reason: EMA downtrend (60%)
2026-02-16 13:11:12 - root - INFO - [BUY] BEL: BUY (24%) @ 435.25
2026-02-16 13:11:12 - root - INFO -    Reason: EMA uptrend (59%)
2026-02-16 13:11:12 - root - WARNING - Cannot trade BEL: Daily risk limit exceeded. Risk: 125.65, Limit: 44.81
2026-02-16 13:11:13 - root - INFO - [BUY] RELIANCE: BUY (40%) @ 1423.9
2026-02-16 13:11:13 - root - INFO -    Reason: EMA uptrend (56%) | Increasing bullish momentum (60%)
2026-02-16 13:11:13 - root - WARNING - Cannot trade RELIANCE: Daily risk limit exceeded. Risk: 122.48, Limit: 44.81
2026-02-16 13:11:14 - root - INFO - [NEUTRAL] HDFCBANK: NEUTRAL (21%) @ 928.0
2026-02-16 13:11:14 - root - INFO -    Reason: EMA uptrend (53%) | Increasing bearish momentum (60%)
2026-02-16 13:11:15 - root - ERROR - Exception at calling ltp as {'status': 'failure', 'remarks': {'error_code': None, 'error_type': None, 'error_message': None}, 'data': ''}
Traceback (most recent call last):
  File "C:\Users\Sidma\AppData\Local\Programs\Python\Python312\Lib\site-packages\Dhan_Tradehull\Dhan_Tradehull.py", line 453, in get_ltp_data
    raise Exception(data)
Exception: {'status': 'failure', 'remarks': {'error_code': None, 'error_type': None, 'error_message': None}, 'data': ''}
2026-02-16 13:11:25 - root - INFO - [SELL] ITC: SELL (24%) @ 317.05
2026-02-16 13:11:25 - root - INFO -    Reason: EMA downtrend (59%)
2026-02-16 13:11:26 - root - INFO - [NEUTRAL] BEL: NEUTRAL (26%) @ 435.1
2026-02-16 13:11:26 - root - INFO -    Reason: EMA uptrend (59%) | Bearish MACD crossover (85%)
2026-02-16 13:11:27 - root - INFO - [BUY] RELIANCE: BUY (40%) @ 1423.9
2026-02-16 13:11:27 - root - INFO -    Reason: EMA uptrend (55%) | Increasing bullish momentum (60%)
2026-02-16 13:11:27 - root - WARNING - Cannot trade RELIANCE: Daily risk limit exceeded. Risk: 122.48, Limit: 44.81
2026-02-16 13:11:27 - root - INFO - [NEUTRAL] HDFCBANK: NEUTRAL (21%) @ 927.95
2026-02-16 13:11:27 - root - INFO -    Reason: EMA uptrend (53%) | Increasing bearish momentum (60%)
2026-02-16 13:11:29 - root - ERROR - Exception at calling ltp as {'status': 'failure', 'remarks': {'error_code': None, 'error_type': None, 'error_message': None}, 'data': ''}
Traceback (most recent call last):
  File "C:\Users\Sidma\AppData\Local\Programs\Python\Python312\Lib\site-packages\Dhan_Tradehull\Dhan_Tradehull.py", line 453, in get_ltp_data
    raise Exception(data)
Exception: {'status': 'failure', 'remarks': {'error_code': None, 'error_type': None, 'error_message': None}, 'data': ''}
2026-02-16 13:11:39 - root - INFO - [SELL] ITC: SELL (24%) @ 317.0
2026-02-16 13:11:39 - root - INFO -    Reason: EMA downtrend (59%)
2026-02-16 13:11:40 - root - INFO - [NEUTRAL] BEL: NEUTRAL (26%) @ 435.15
2026-02-16 13:11:40 - root - INFO -    Reason: EMA uptrend (59%) | Bearish MACD crossover (85%)
2026-02-16 13:11:40 - root - INFO - [BUY] RELIANCE: BUY (40%) @ 1424.0
2026-02-16 13:11:40 - root - INFO -    Reason: EMA uptrend (55%) | Increasing bullish momentum (60%)
2026-02-16 13:11:40 - root - WARNING - Cannot trade RELIANCE: Daily risk limit exceeded. Risk: 122.48, Limit: 44.81
2026-02-16 13:11:41 - root - INFO - [NEUTRAL] HDFCBANK: NEUTRAL (21%) @ 927.95
2026-02-16 13:11:41 - root - INFO -    Reason: EMA uptrend (53%) | Increasing bearish momentum (60%)
2026-02-16 13:11:42 - root - ERROR - Exception at calling ltp as {'status': 'failure', 'remarks': {'error_code': None, 'error_type': None, 'error_message': None}, 'data': ''}
Traceback (most recent call last):
  File "C:\Users\Sidma\AppData\Local\Programs\Python\Python312\Lib\site-packages\Dhan_Tradehull\Dhan_Tradehull.py", line 453, in get_ltp_data
    raise Exception(data)
Exception: {'status': 'failure', 'remarks': {'error_code': None, 'error_type': None, 'error_message': None}, 'data': ''}
2026-02-16 13:11:43 - root - INFO - Bot stopped by user
2026-02-16 13:11:43 - root - INFO - Bot stopped by user
2026-02-16 13:11:44 - root - INFO - Cleaning up...
2026-02-16 13:11:44 - root - INFO - Bot stopped
Today's P&L: 87.10
Total Trades: 1
2026-02-16 13:11:50 - root - INFO - Bot shutdown complete
13:14:07 - Dhan.py System Started
13:14:07 - System Started
13:14:10 - Connected. Balance: 11127.31
13:14:13 - Bot started. Press Ctrl+C to stop.
13:14:17 - Excel update failed: (-2147352567, 'Exception occurred.', (0, None, None, None, 0, -2147352565), None)
13:14:27 - Excel update failed: (-2147352567, 'Exception occurred.', (0, None, None, None, 0, -2147352565), None)
13:14:36 - Excel update failed: (-2147352567, 'Exception occurred.', (0, None, None, None, 0, -2147352565), None)
13:14:45 - Excel update failed: (-2147352567, 'Exception occurred.', (0, None, None, None, 0, -2147352565), None)
13:14:53 - Excel update failed: (-2147352567, 'Exception occurred.', (0, None, None, None, 0, -2147352565), None)
13:15:04 - Excel update failed: (-2147352567, 'Exception occurred.', (0, None, None, None, 0, -2147352565), None)
13:15:09 - Bot stopped
13:15:11 - Bot shutdown complete
13:15:42 - Dhan.py System Started
13:15:42 - System Started
13:15:45 - Connected. Balance: 11127.31
13:15:47 - Bot started. Press Ctrl+C to stop.
13:15:50 - Excel update failed: (-2147352567, 'Exception occurred.', (0, None, None, None, 0, -2147352565), None)
13:15:59 - Excel update failed: (-2147352567, 'Exception occurred.', (0, None, None, None, 0, -2147352565), None)
13:16:07 - Excel update failed: (-2147352567, 'Exception occurred.', (0, None, None, None, 0, -2147352565), None)
13:16:17 - Excel update failed: (-2147352567, 'Exception occurred.', (0, None, None, None, 0, -2147352565), None)
13:16:28 - Excel update failed: (-2147352567, 'Exception occurred.', (0, None, None, None, 0, -2147352565), None)
13:16:38 - Excel update failed: (-2147352567, 'Exception occurred.', (0, None, None, None, 0, -2147352565), None)
13:16:48 - Excel update failed: (-2147352567, 'Exception occurred.', (0, None, None, None, 0, -2147352565), None)
13:16:58 - Excel update failed: (-2147352567, 'Exception occurred.', (0, None, None, None, 0, -2147352565), None)
13:17:02 - Bot stopped
13:17:04 - Bot shutdown complete
13:19:43 - Dhan.py System Started
13:19:43 - System Started
13:19:45 - Connected. Balance: 16281.81
13:19:47 - Error creating sheets: (-2147352567, 'Exception occurred.', (0, 'Microsoft Excel', 'History is a reserved name.', 'xlmain11.chm', 0, -2146827284), None)
13:19:47 - Excel initialized successfully
13:19:48 - Bot started. Press Ctrl+C to stop.
13:21:04 - Bot stopped by user
13:21:05 - Excel saved
13:21:05 - Bot shutdown complete
13:25:30 - Dhan.py System Started
13:25:30 - System Started
13:25:33 - Connected. Balance: 28287.81
13:25:35 - Excel sheets created successfully
13:25:35 - Excel initialized successfully
13:25:36 - Bot started. Press Ctrl+C to stop.
13:25:37 - DEBUG ITC: EMA9=317.05, EMA15=316.94, RSI=65.81
13:25:37 -        Bullish Crossover: False, Bearish: False
13:25:40 - DEBUG BEL: EMA9=435.14, EMA15=435.14, RSI=49.76
13:25:40 -        Bullish Crossover: False, Bearish: False
13:25:41 - DEBUG IDBI: EMA9=109.81, EMA15=109.76, RSI=56.25
13:25:41 -        Bullish Crossover: False, Bearish: False
13:25:42 - DEBUG TCS: EMA9=2688.20, EMA15=2687.69, RSI=55.27
13:25:42 -        Bullish Crossover: False, Bearish: False
13:25:43 - DEBUG RELIANCE: EMA9=1422.30, EMA15=1422.05, RSI=50.23
13:25:43 -        Bullish Crossover: False, Bearish: False
13:25:44 - DEBUG HDFCBANK: EMA9=926.92, EMA15=926.65, RSI=54.71
13:25:44 -        Bullish Crossover: False, Bearish: False
13:25:50 - DEBUG ITC: EMA9=317.05, EMA15=316.94, RSI=65.81
13:25:50 -        Bullish Crossover: False, Bearish: False
13:25:51 - DEBUG BEL: EMA9=435.13, EMA15=435.13, RSI=49.30
13:25:51 -        Bullish Crossover: False, Bearish: True
13:25:52 - DEBUG IDBI: EMA9=109.80, EMA15=109.75, RSI=54.83
13:25:52 -        Bullish Crossover: False, Bearish: False
13:25:53 - DEBUG TCS: EMA9=2688.16, EMA15=2687.66, RSI=54.96
13:25:53 -        Bullish Crossover: False, Bearish: False
13:25:54 - DEBUG RELIANCE: EMA9=1422.28, EMA15=1422.04, RSI=49.80
13:25:54 -        Bullish Crossover: False, Bearish: False
13:25:54 - DEBUG HDFCBANK: EMA9=926.89, EMA15=926.63, RSI=53.87
13:25:54 -        Bullish Crossover: False, Bearish: False
13:26:02 - DEBUG ITC: EMA9=317.03, EMA15=316.93, RSI=64.79
13:26:02 -        Bullish Crossover: False, Bearish: False
13:26:03 - DEBUG BEL: EMA9=435.12, EMA15=435.12, RSI=48.82
13:26:03 -        Bullish Crossover: False, Bearish: True
13:26:03 - DEBUG IDBI: EMA9=109.80, EMA15=109.75, RSI=54.83
13:26:03 -        Bullish Crossover: False, Bearish: False
13:26:04 - DEBUG TCS: EMA9=2688.40, EMA15=2687.81, RSI=56.75
13:26:04 -        Bullish Crossover: False, Bearish: False
13:26:05 - DEBUG RELIANCE: EMA9=1422.20, EMA15=1421.99, RSI=48.16
13:26:05 -        Bullish Crossover: False, Bearish: False
13:26:05 - DEBUG HDFCBANK: EMA9=926.87, EMA15=926.62, RSI=53.32
13:26:05 -        Bullish Crossover: False, Bearish: False
13:26:12 - DEBUG ITC: EMA9=317.03, EMA15=316.93, RSI=64.79
13:26:12 -        Bullish Crossover: False, Bearish: False
13:26:12 - DEBUG BEL: EMA9=435.12, EMA15=435.12, RSI=48.82
13:26:12 -        Bullish Crossover: False, Bearish: True
13:26:12 - DEBUG IDBI: EMA9=109.81, EMA15=109.76, RSI=56.25
13:26:12 -        Bullish Crossover: False, Bearish: False
13:26:13 - DEBUG TCS: EMA9=2688.34, EMA15=2687.78, RSI=56.32
13:26:13 -        Bullish Crossover: False, Bearish: False
13:26:13 - DEBUG RELIANCE: EMA9=1422.20, EMA15=1421.99, RSI=48.16
13:26:13 -        Bullish Crossover: False, Bearish: False
13:26:14 - DEBUG HDFCBANK: EMA9=926.92, EMA15=926.65, RSI=54.71
13:26:14 -        Bullish Crossover: False, Bearish: False
13:26:20 - DEBUG ITC: EMA9=317.03, EMA15=316.93, RSI=64.79
13:26:20 -        Bullish Crossover: False, Bearish: False
13:26:21 - DEBUG BEL: EMA9=435.13, EMA15=435.13, RSI=49.30
13:26:21 -        Bullish Crossover: False, Bearish: True
13:26:21 - DEBUG IDBI: EMA9=109.81, EMA15=109.76, RSI=56.25
13:26:21 -        Bullish Crossover: False, Bearish: False
13:26:22 - DEBUG TCS: EMA9=2688.44, EMA15=2687.84, RSI=57.04
13:26:22 -        Bullish Crossover: False, Bearish: False
13:26:22 - DEBUG RELIANCE: EMA9=1422.32, EMA15=1422.06, RSI=50.66
13:26:22 -        Bullish Crossover: False, Bearish: False
13:26:22 - DEBUG HDFCBANK: EMA9=926.94, EMA15=926.66, RSI=55.29
13:26:22 -        Bullish Crossover: False, Bearish: False
13:26:29 - DEBUG ITC: EMA9=317.01, EMA15=316.92, RSI=63.29
13:26:29 -        Bullish Crossover: False, Bearish: False
13:26:29 - DEBUG BEL: EMA9=435.13, EMA15=435.13, RSI=49.30
13:26:29 -        Bullish Crossover: False, Bearish: True
13:26:30 - DEBUG IDBI: EMA9=109.80, EMA15=109.75, RSI=54.83
13:26:30 -        Bullish Crossover: False, Bearish: False
13:26:30 - DEBUG TCS: EMA9=2688.42, EMA15=2687.83, RSI=56.90
13:26:30 -        Bullish Crossover: False, Bearish: False
13:26:31 - DEBUG RELIANCE: EMA9=1422.38, EMA15=1422.10, RSI=52.01
13:26:31 -        Bullish Crossover: False, Bearish: False
13:26:31 - DEBUG HDFCBANK: EMA9=926.89, EMA15=926.63, RSI=53.87
13:26:31 -        Bullish Crossover: False, Bearish: False
13:26:36 - Bot stopped by user
13:26:36 - Fatal error: 'TelegramNotifier' object has no attribute 'daily_summary'
13:27:03 - Dhan.py System Started
13:27:03 - System Started
13:27:08 - Connected. Balance: 28287.81
13:27:08 - Excel sheets created successfully
13:27:08 - Excel initialized successfully
13:27:11 - Bot started. Press Ctrl+C to stop.
13:27:12 - DEBUG ITC: EMA9=317.04, EMA15=316.94, RSI=65.31
13:27:12 -        Bullish Crossover: False, Bearish: False
13:27:13 - DEBUG BEL: EMA9=435.15, EMA15=435.14, RSI=50.22
13:27:13 -        Bullish Crossover: False, Bearish: False
13:27:13 - DEBUG IDBI: EMA9=109.80, EMA15=109.75, RSI=54.44
13:27:13 -        Bullish Crossover: False, Bearish: False
13:27:14 - DEBUG TCS: EMA9=2688.42, EMA15=2687.83, RSI=56.90
13:27:14 -        Bullish Crossover: False, Bearish: False
13:27:14 - DEBUG RELIANCE: EMA9=1422.38, EMA15=1422.10, RSI=52.01
13:27:14 -        Bullish Crossover: False, Bearish: False
13:27:15 - DEBUG HDFCBANK: EMA9=926.88, EMA15=926.62, RSI=53.59
13:27:15 -        Bullish Crossover: False, Bearish: False
13:27:22 - DEBUG ITC: EMA9=317.04, EMA15=316.94, RSI=65.31
13:27:22 -        Bullish Crossover: False, Bearish: False
13:27:22 - DEBUG BEL: EMA9=435.10, EMA15=435.11, RSI=47.89
13:27:22 -        Bullish Crossover: False, Bearish: True
13:27:23 - DEBUG IDBI: EMA9=109.79, EMA15=109.75, RSI=52.94
13:27:23 -        Bullish Crossover: False, Bearish: False
13:27:24 - DEBUG TCS: EMA9=2688.34, EMA15=2687.78, RSI=56.32
13:27:24 -        Bullish Crossover: False, Bearish: False
13:27:25 - DEBUG RELIANCE: EMA9=1422.38, EMA15=1422.10, RSI=52.01
13:27:25 -        Bullish Crossover: False, Bearish: False
13:27:26 - DEBUG HDFCBANK: EMA9=926.94, EMA15=926.66, RSI=55.29
13:27:26 -        Bullish Crossover: False, Bearish: False
13:27:32 - DEBUG ITC: EMA9=317.03, EMA15=316.93, RSI=64.79
13:27:32 -        Bullish Crossover: False, Bearish: False
13:27:33 - DEBUG BEL: EMA9=435.12, EMA15=435.12, RSI=48.82
13:27:33 -        Bullish Crossover: False, Bearish: True
13:27:33 - DEBUG IDBI: EMA9=109.79, EMA15=109.75, RSI=52.94
13:27:33 -        Bullish Crossover: False, Bearish: False
13:27:34 - DEBUG TCS: EMA9=2688.52, EMA15=2687.89, RSI=57.60
13:27:34 -        Bullish Crossover: False, Bearish: False
13:27:34 - DEBUG RELIANCE: EMA9=1422.28, EMA15=1422.04, RSI=49.80
13:27:34 -        Bullish Crossover: False, Bearish: False
13:27:35 - DEBUG HDFCBANK: EMA9=926.92, EMA15=926.65, RSI=54.71
13:27:35 -        Bullish Crossover: False, Bearish: False
13:27:41 - DEBUG ITC: EMA9=317.04, EMA15=316.94, RSI=65.31
13:27:41 -        Bullish Crossover: False, Bearish: False
13:27:42 - DEBUG BEL: EMA9=435.13, EMA15=435.13, RSI=49.30
13:27:42 -        Bullish Crossover: False, Bearish: True
13:27:42 - DEBUG IDBI: EMA9=109.79, EMA15=109.75, RSI=52.94
13:27:42 -        Bullish Crossover: False, Bearish: False
13:27:43 - DEBUG TCS: EMA9=2688.52, EMA15=2687.89, RSI=57.60
13:27:43 -        Bullish Crossover: False, Bearish: False
13:27:43 - DEBUG RELIANCE: EMA9=1422.28, EMA15=1422.04, RSI=49.80
13:27:43 -        Bullish Crossover: False, Bearish: False
13:27:43 - DEBUG HDFCBANK: EMA9=926.87, EMA15=926.62, RSI=53.32
13:27:43 -        Bullish Crossover: False, Bearish: False
13:27:50 - DEBUG ITC: EMA9=317.03, EMA15=316.93, RSI=64.79
13:27:50 -        Bullish Crossover: False, Bearish: False
13:27:51 - DEBUG BEL: EMA9=435.10, EMA15=435.11, RSI=47.89
13:27:51 -        Bullish Crossover: False, Bearish: True
13:27:51 - DEBUG IDBI: EMA9=109.80, EMA15=109.75, RSI=54.44
13:27:51 -        Bullish Crossover: False, Bearish: False
13:27:52 - DEBUG TCS: EMA9=2688.52, EMA15=2687.89, RSI=57.60
13:27:52 -        Bullish Crossover: False, Bearish: False
13:27:52 - DEBUG RELIANCE: EMA9=1422.38, EMA15=1422.10, RSI=52.01
13:27:52 -        Bullish Crossover: False, Bearish: False
13:27:53 - DEBUG HDFCBANK: EMA9=926.88, EMA15=926.62, RSI=53.59
13:27:53 -        Bullish Crossover: False, Bearish: False
13:28:00 - DEBUG ITC: EMA9=317.04, EMA15=316.94, RSI=65.31
13:28:00 -        Bullish Crossover: False, Bearish: False
13:28:00 - DEBUG BEL: EMA9=435.13, EMA15=435.13, RSI=49.30
13:28:00 -        Bullish Crossover: False, Bearish: True
13:28:01 - DEBUG IDBI: EMA9=109.80, EMA15=109.75, RSI=54.44
13:28:01 -        Bullish Crossover: False, Bearish: False
13:28:02 - DEBUG TCS: EMA9=2688.46, EMA15=2687.85, RSI=57.18
13:28:02 -        Bullish Crossover: False, Bearish: False
13:28:03 - DEBUG RELIANCE: EMA9=1422.28, EMA15=1422.04, RSI=49.80
13:28:03 -        Bullish Crossover: False, Bearish: False
13:28:03 - DEBUG HDFCBANK: EMA9=926.88, EMA15=926.62, RSI=53.59
13:28:03 -        Bullish Crossover: False, Bearish: False
13:28:10 - DEBUG ITC: EMA9=317.04, EMA15=316.94, RSI=65.31
13:28:10 -        Bullish Crossover: False, Bearish: False
13:28:11 - DEBUG BEL: EMA9=435.10, EMA15=435.11, RSI=47.89
13:28:11 -        Bullish Crossover: False, Bearish: True
13:28:12 - DEBUG IDBI: EMA9=109.79, EMA15=109.75, RSI=52.58
13:28:12 -        Bullish Crossover: False, Bearish: False
13:28:13 - DEBUG TCS: EMA9=2688.52, EMA15=2687.89, RSI=57.60
13:28:13 -        Bullish Crossover: False, Bearish: False
13:28:13 - DEBUG RELIANCE: EMA9=1422.38, EMA15=1422.10, RSI=52.01
13:28:13 -        Bullish Crossover: False, Bearish: False
13:28:14 - DEBUG HDFCBANK: EMA9=926.92, EMA15=926.65, RSI=54.71
13:28:14 -        Bullish Crossover: False, Bearish: False
13:28:21 - DEBUG ITC: EMA9=317.05, EMA15=316.94, RSI=65.81
13:28:21 -        Bullish Crossover: False, Bearish: False
13:28:22 - DEBUG BEL: EMA9=435.13, EMA15=435.13, RSI=49.30
13:28:22 -        Bullish Crossover: False, Bearish: True
13:28:22 - DEBUG IDBI: EMA9=109.80, EMA15=109.75, RSI=54.44
13:28:22 -        Bullish Crossover: False, Bearish: False
13:28:23 - DEBUG TCS: EMA9=2688.50, EMA15=2687.88, RSI=57.46
13:28:23 -        Bullish Crossover: False, Bearish: False
13:28:23 - DEBUG RELIANCE: EMA9=1422.38, EMA15=1422.10, RSI=52.01
13:28:23 -        Bullish Crossover: False, Bearish: False
13:28:24 - DEBUG HDFCBANK: EMA9=926.92, EMA15=926.65, RSI=54.71
13:28:24 -        Bullish Crossover: False, Bearish: False
13:28:31 - DEBUG ITC: EMA9=317.08, EMA15=316.96, RSI=67.23
13:28:31 -        Bullish Crossover: False, Bearish: False
13:28:32 - DEBUG BEL: EMA9=435.13, EMA15=435.13, RSI=49.30
13:28:32 -        Bullish Crossover: False, Bearish: True
13:28:32 - DEBUG IDBI: EMA9=109.80, EMA15=109.75, RSI=54.44
13:28:32 -        Bullish Crossover: False, Bearish: False
13:28:33 - DEBUG TCS: EMA9=2688.50, EMA15=2687.88, RSI=57.46
13:28:33 -        Bullish Crossover: False, Bearish: False
13:28:34 - DEBUG RELIANCE: EMA9=1422.30, EMA15=1422.05, RSI=50.23
13:28:34 -        Bullish Crossover: False, Bearish: False
13:28:35 - DEBUG HDFCBANK: EMA9=926.91, EMA15=926.64, RSI=54.43
13:28:35 -        Bullish Crossover: False, Bearish: False
13:28:42 - DEBUG ITC: EMA9=317.04, EMA15=316.94, RSI=65.31
13:28:42 -        Bullish Crossover: False, Bearish: False
13:28:42 - DEBUG BEL: EMA9=435.14, EMA15=435.14, RSI=49.76
13:28:42 -        Bullish Crossover: False, Bearish: False
13:28:43 - DEBUG IDBI: EMA9=109.80, EMA15=109.75, RSI=54.44
13:28:43 -        Bullish Crossover: False, Bearish: False
13:28:44 - DEBUG TCS: EMA9=2688.28, EMA15=2687.74, RSI=55.88
13:28:44 -        Bullish Crossover: False, Bearish: False
13:28:44 - DEBUG RELIANCE: EMA9=1422.34, EMA15=1422.08, RSI=51.10
13:28:44 -        Bullish Crossover: False, Bearish: False
13:28:45 - DEBUG HDFCBANK: EMA9=926.89, EMA15=926.63, RSI=53.87
13:28:45 -        Bullish Crossover: False, Bearish: False
13:28:52 - DEBUG ITC: EMA9=317.08, EMA15=316.96, RSI=67.23
13:28:52 -        Bullish Crossover: False, Bearish: False
13:28:53 - DEBUG BEL: EMA9=435.12, EMA15=435.12, RSI=48.82
13:28:53 -        Bullish Crossover: False, Bearish: True
13:28:54 - DEBUG IDBI: EMA9=109.80, EMA15=109.75, RSI=54.06
13:28:54 -        Bullish Crossover: False, Bearish: False
13:28:54 - DEBUG TCS: EMA9=2688.46, EMA15=2687.85, RSI=57.18
13:28:54 -        Bullish Crossover: False, Bearish: False
13:28:55 - DEBUG RELIANCE: EMA9=1422.34, EMA15=1422.08, RSI=51.10
13:28:55 -        Bullish Crossover: False, Bearish: False
13:28:56 - DEBUG HDFCBANK: EMA9=926.91, EMA15=926.64, RSI=54.43
13:28:56 -        Bullish Crossover: False, Bearish: False
13:29:03 - DEBUG ITC: EMA9=317.07, EMA15=316.96, RSI=66.77
13:29:03 -        Bullish Crossover: False, Bearish: False
13:29:06 - DEBUG BEL: EMA9=435.11, EMA15=435.12, RSI=48.34
13:29:06 -        Bullish Crossover: False, Bearish: True
13:29:08 - DEBUG IDBI: EMA9=109.81, EMA15=109.76, RSI=55.22
13:29:08 -        Bullish Crossover: False, Bearish: False
13:29:10 - DEBUG TCS: EMA9=2688.58, EMA15=2687.93, RSI=58.01
13:29:10 -        Bullish Crossover: False, Bearish: False
13:29:11 - DEBUG RELIANCE: EMA9=1422.38, EMA15=1422.10, RSI=52.01
13:29:11 -        Bullish Crossover: False, Bearish: False
13:29:12 - DEBUG HDFCBANK: EMA9=926.87, EMA15=926.62, RSI=53.32
13:29:12 -        Bullish Crossover: False, Bearish: False
13:29:19 - DEBUG ITC: EMA9=317.07, EMA15=316.96, RSI=66.77
13:29:19 -        Bullish Crossover: False, Bearish: False
13:29:20 - DEBUG BEL: EMA9=435.12, EMA15=435.12, RSI=48.82
13:29:20 -        Bullish Crossover: False, Bearish: True
13:29:21 - DEBUG IDBI: EMA9=109.81, EMA15=109.76, RSI=55.22
13:29:21 -        Bullish Crossover: False, Bearish: False
13:29:21 - DEBUG TCS: EMA9=2688.58, EMA15=2687.93, RSI=58.01
13:29:21 -        Bullish Crossover: False, Bearish: False
13:29:22 - DEBUG RELIANCE: EMA9=1422.28, EMA15=1422.04, RSI=49.80
13:29:22 -        Bullish Crossover: False, Bearish: False
13:29:23 - DEBUG HDFCBANK: EMA9=926.88, EMA15=926.62, RSI=53.59
13:29:23 -        Bullish Crossover: False, Bearish: False
13:29:30 - DEBUG ITC: EMA9=317.07, EMA15=316.96, RSI=66.77
13:29:30 -        Bullish Crossover: False, Bearish: False
13:29:31 - DEBUG BEL: EMA9=435.15, EMA15=435.14, RSI=50.22
13:29:31 -        Bullish Crossover: False, Bearish: False
13:29:31 - DEBUG IDBI: EMA9=109.81, EMA15=109.76, RSI=55.22
13:29:31 -        Bullish Crossover: False, Bearish: False
13:29:32 - DEBUG TCS: EMA9=2688.44, EMA15=2687.84, RSI=57.04
13:29:32 -        Bullish Crossover: False, Bearish: False
13:29:33 - DEBUG RELIANCE: EMA9=1422.38, EMA15=1422.10, RSI=52.01
13:29:33 -        Bullish Crossover: False, Bearish: False
13:29:34 - DEBUG HDFCBANK: EMA9=926.90, EMA15=926.63, RSI=54.15
13:29:34 -        Bullish Crossover: False, Bearish: False
13:29:43 - DEBUG ITC: EMA9=317.08, EMA15=316.96, RSI=67.23
13:29:43 -        Bullish Crossover: False, Bearish: False
13:29:46 - DEBUG BEL: EMA9=435.21, EMA15=435.18, RSI=52.79
13:29:46 -        Bullish Crossover: False, Bearish: False
13:29:48 - DEBUG IDBI: EMA9=109.81, EMA15=109.76, RSI=55.94
13:29:48 -        Bullish Crossover: False, Bearish: False
13:29:51 - DEBUG TCS: EMA9=2688.88, EMA15=2688.11, RSI=59.94
13:29:51 -        Bullish Crossover: False, Bearish: False
13:29:54 - DEBUG RELIANCE: EMA9=1422.38, EMA15=1422.10, RSI=52.01
13:29:54 -        Bullish Crossover: False, Bearish: False
13:29:55 - DEBUG HDFCBANK: EMA9=926.91, EMA15=926.64, RSI=54.43
13:29:55 -        Bullish Crossover: False, Bearish: False
13:30:03 - DEBUG ITC: EMA9=317.22, EMA15=317.06, RSI=64.81
13:30:03 -        Bullish Crossover: False, Bearish: False
13:30:06 - DEBUG BEL: EMA9=435.21, EMA15=435.18, RSI=52.44
13:30:06 -        Bullish Crossover: False, Bearish: False
13:30:08 - DEBUG IDBI: EMA9=109.81, EMA15=109.76, RSI=56.25
13:30:08 -        Bullish Crossover: False, Bearish: False
13:30:09 - DEBUG TCS: EMA9=2689.63, EMA15=2688.68, RSI=58.08
13:30:09 -        Bullish Crossover: False, Bearish: False
13:30:10 - DEBUG RELIANCE: EMA9=1422.22, EMA15=1422.03, RSI=51.99
13:30:10 -        Bullish Crossover: False, Bearish: False
13:30:11 - DEBUG HDFCBANK: EMA9=926.80, EMA15=926.60, RSI=55.15
13:30:11 -        Bullish Crossover: False, Bearish: False
13:30:17 - DEBUG ITC: EMA9=317.25, EMA15=317.08, RSI=67.27
13:30:17 -        Bullish Crossover: False, Bearish: False
13:30:18 - DEBUG BEL: EMA9=435.20, EMA15=435.18, RSI=52.00
13:30:18 -        Bullish Crossover: False, Bearish: False
13:30:19 - DEBUG IDBI: EMA9=109.83, EMA15=109.77, RSI=55.40
13:30:19 -        Bullish Crossover: False, Bearish: False
13:30:20 - DEBUG TCS: EMA9=2689.65, EMA15=2688.69, RSI=58.27
13:30:20 -        Bullish Crossover: False, Bearish: False
13:30:20 - DEBUG RELIANCE: EMA9=1422.22, EMA15=1422.03, RSI=51.99
13:30:20 -        Bullish Crossover: False, Bearish: False
13:30:21 - DEBUG HDFCBANK: EMA9=926.80, EMA15=926.60, RSI=55.15
13:30:21 -        Bullish Crossover: False, Bearish: False
13:30:28 - DEBUG ITC: EMA9=317.24, EMA15=317.07, RSI=66.77
13:30:28 -        Bullish Crossover: False, Bearish: False
13:30:28 - DEBUG BEL: EMA9=435.20, EMA15=435.18, RSI=52.00
13:30:28 -        Bullish Crossover: False, Bearish: False
13:30:29 - DEBUG IDBI: EMA9=109.82, EMA15=109.77, RSI=54.99
13:30:29 -        Bullish Crossover: False, Bearish: False
13:30:30 - DEBUG TCS: EMA9=2689.49, EMA15=2688.59, RSI=56.80
13:30:30 -        Bullish Crossover: False, Bearish: False
13:30:30 - DEBUG RELIANCE: EMA9=1422.16, EMA15=1422.00, RSI=50.70
13:30:30 -        Bullish Crossover: False, Bearish: False
13:30:31 - DEBUG HDFCBANK: EMA9=926.74, EMA15=926.57, RSI=53.55
13:30:31 -        Bullish Crossover: False, Bearish: False
13:30:38 - DEBUG ITC: EMA9=317.24, EMA15=317.07, RSI=66.77
13:30:38 -        Bullish Crossover: False, Bearish: False
13:30:38 - DEBUG BEL: EMA9=435.20, EMA15=435.18, RSI=52.00
13:30:38 -        Bullish Crossover: False, Bearish: False
13:30:39 - DEBUG IDBI: EMA9=109.82, EMA15=109.77, RSI=54.99
13:30:39 -        Bullish Crossover: False, Bearish: False
13:30:40 - DEBUG TCS: EMA9=2689.29, EMA15=2688.46, RSI=55.07
13:30:40 -        Bullish Crossover: False, Bearish: False
13:30:40 - DEBUG RELIANCE: EMA9=1422.16, EMA15=1422.00, RSI=50.70
13:30:40 -        Bullish Crossover: False, Bearish: False
13:30:41 - DEBUG HDFCBANK: EMA9=926.74, EMA15=926.57, RSI=53.55
13:30:41 -        Bullish Crossover: False, Bearish: False
13:30:48 - DEBUG ITC: EMA9=317.24, EMA15=317.07, RSI=66.77
13:30:48 -        Bullish Crossover: False, Bearish: False
13:30:49 - DEBUG BEL: EMA9=435.16, EMA15=435.15, RSI=50.11
13:30:49 -        Bullish Crossover: False, Bearish: False
13:30:49 - DEBUG IDBI: EMA9=109.82, EMA15=109.77, RSI=54.99
13:30:49 -        Bullish Crossover: False, Bearish: False
13:30:50 - DEBUG TCS: EMA9=2689.09, EMA15=2688.34, RSI=53.44
13:30:50 -        Bullish Crossover: False, Bearish: False
13:30:51 - DEBUG RELIANCE: EMA9=1422.22, EMA15=1422.03, RSI=51.99
13:30:51 -        Bullish Crossover: False, Bearish: False
13:30:52 - DEBUG HDFCBANK: EMA9=926.70, EMA15=926.54, RSI=52.40
13:30:52 -        Bullish Crossover: False, Bearish: False
13:30:58 - DEBUG ITC: EMA9=317.21, EMA15=317.05, RSI=63.86
13:30:58 -        Bullish Crossover: False, Bearish: False
13:31:00 - DEBUG BEL: EMA9=435.15, EMA15=435.15, RSI=49.65
13:31:00 -        Bullish Crossover: False, Bearish: False
13:31:03 - DEBUG IDBI: EMA9=109.82, EMA15=109.77, RSI=54.99
13:31:03 -        Bullish Crossover: False, Bearish: False
13:31:06 - DEBUG TCS: EMA9=2689.05, EMA15=2688.31, RSI=53.12
13:31:06 -        Bullish Crossover: False, Bearish: False
13:31:06 - DEBUG RELIANCE: EMA9=1422.16, EMA15=1422.00, RSI=50.70
13:31:06 -        Bullish Crossover: False, Bearish: False
13:31:07 - DEBUG HDFCBANK: EMA9=926.69, EMA15=926.54, RSI=52.12
13:31:07 -        Bullish Crossover: False, Bearish: False
13:31:13 - DEBUG ITC: EMA9=317.22, EMA15=317.06, RSI=64.81
13:31:13 -        Bullish Crossover: False, Bearish: False
13:31:14 - DEBUG BEL: EMA9=435.13, EMA15=435.13, RSI=48.75
13:31:14 -        Bullish Crossover: False, Bearish: True
13:31:14 - DEBUG IDBI: EMA9=109.83, EMA15=109.77, RSI=55.40
13:31:14 -        Bullish Crossover: False, Bearish: False
13:31:15 - DEBUG TCS: EMA9=2689.01, EMA15=2688.29, RSI=52.81
13:31:15 -        Bullish Crossover: False, Bearish: False
13:31:15 - DEBUG RELIANCE: EMA9=1422.18, EMA15=1422.01, RSI=51.14
13:31:15 -        Bullish Crossover: False, Bearish: False
13:31:16 - DEBUG HDFCBANK: EMA9=926.75, EMA15=926.57, RSI=53.85
13:31:16 -        Bullish Crossover: False, Bearish: False
13:31:22 - DEBUG ITC: EMA9=317.20, EMA15=317.05, RSI=62.95
13:31:22 -        Bullish Crossover: False, Bearish: False
13:31:23 - DEBUG BEL: EMA9=435.13, EMA15=435.13, RSI=48.75
13:31:23 -        Bullish Crossover: False, Bearish: True
13:31:23 - DEBUG IDBI: EMA9=109.82, EMA15=109.77, RSI=54.17
13:31:23 -        Bullish Crossover: False, Bearish: False
13:31:23 - DEBUG TCS: EMA9=2689.19, EMA15=2688.40, RSI=54.24
13:31:23 -        Bullish Crossover: False, Bearish: False
13:31:24 - DEBUG RELIANCE: EMA9=1422.12, EMA15=1421.97, RSI=49.80
13:31:24 -        Bullish Crossover: False, Bearish: False
13:31:25 - DEBUG HDFCBANK: EMA9=926.68, EMA15=926.53, RSI=51.84
13:31:25 -        Bullish Crossover: False, Bearish: False
13:31:31 - DEBUG ITC: EMA9=317.20, EMA15=317.05, RSI=62.95
13:31:31 -        Bullish Crossover: False, Bearish: False
13:31:32 - DEBUG BEL: EMA9=435.13, EMA15=435.13, RSI=48.75
13:31:32 -        Bullish Crossover: False, Bearish: True
13:31:32 - DEBUG IDBI: EMA9=109.82, EMA15=109.77, RSI=54.99
13:31:32 -        Bullish Crossover: False, Bearish: False
13:31:33 - DEBUG TCS: EMA9=2688.99, EMA15=2688.28, RSI=52.66
13:31:33 -        Bullish Crossover: False, Bearish: False
13:31:33 - DEBUG RELIANCE: EMA9=1422.10, EMA15=1421.96, RSI=49.35
13:31:33 -        Bullish Crossover: False, Bearish: False
13:31:34 - DEBUG HDFCBANK: EMA9=926.69, EMA15=926.54, RSI=52.12
13:31:34 -        Bullish Crossover: False, Bearish: False
13:31:40 - DEBUG ITC: EMA9=317.22, EMA15=317.06, RSI=64.81
13:31:40 -        Bullish Crossover: False, Bearish: False
13:31:41 - DEBUG BEL: EMA9=435.12, EMA15=435.13, RSI=48.32
13:31:41 -        Bullish Crossover: False, Bearish: True
13:31:41 - DEBUG IDBI: EMA9=109.82, EMA15=109.77, RSI=54.17
13:31:41 -        Bullish Crossover: False, Bearish: False
13:31:42 - DEBUG TCS: EMA9=2688.95, EMA15=2688.25, RSI=52.35
13:31:42 -        Bullish Crossover: False, Bearish: False
13:31:43 - DEBUG RELIANCE: EMA9=1422.18, EMA15=1422.01, RSI=51.14
13:31:43 -        Bullish Crossover: False, Bearish: False
13:31:43 - DEBUG HDFCBANK: EMA9=926.71, EMA15=926.55, RSI=52.68
13:31:43 -        Bullish Crossover: False, Bearish: False
13:31:50 - DEBUG ITC: EMA9=317.22, EMA15=317.06, RSI=64.81
13:31:50 -        Bullish Crossover: False, Bearish: False
13:31:51 - DEBUG BEL: EMA9=435.14, EMA15=435.14, RSI=49.20
13:31:51 -        Bullish Crossover: False, Bearish: False
13:31:51 - DEBUG IDBI: EMA9=109.82, EMA15=109.77, RSI=54.17
13:31:51 -        Bullish Crossover: False, Bearish: False
13:31:52 - DEBUG TCS: EMA9=2688.73, EMA15=2688.11, RSI=50.73
13:31:52 -        Bullish Crossover: False, Bearish: False
13:31:53 - DEBUG RELIANCE: EMA9=1422.16, EMA15=1422.00, RSI=50.70
13:31:53 -        Bullish Crossover: False, Bearish: False
13:31:53 - DEBUG HDFCBANK: EMA9=926.68, EMA15=926.53, RSI=51.84
13:31:53 -        Bullish Crossover: False, Bearish: False
13:32:02 - DEBUG ITC: EMA9=317.22, EMA15=317.06, RSI=64.81
13:32:02 -        Bullish Crossover: False, Bearish: False
13:32:02 - DEBUG BEL: EMA9=435.12, EMA15=435.13, RSI=48.32
13:32:02 -        Bullish Crossover: False, Bearish: True
13:32:02 - DEBUG IDBI: EMA9=109.82, EMA15=109.77, RSI=54.17
13:32:02 -        Bullish Crossover: False, Bearish: False
13:32:03 - DEBUG TCS: EMA9=2688.73, EMA15=2688.11, RSI=50.73
13:32:03 -        Bullish Crossover: False, Bearish: False
13:32:03 - DEBUG RELIANCE: EMA9=1422.06, EMA15=1421.93, RSI=48.47
13:32:03 -        Bullish Crossover: False, Bearish: False
13:32:04 - DEBUG HDFCBANK: EMA9=926.67, EMA15=926.52, RSI=51.57
13:32:04 -        Bullish Crossover: False, Bearish: False
13:32:12 - DEBUG ITC: EMA9=317.20, EMA15=317.05, RSI=62.95
13:32:12 -        Bullish Crossover: False, Bearish: False
13:32:12 - DEBUG BEL: EMA9=435.12, EMA15=435.13, RSI=48.32
13:32:12 -        Bullish Crossover: False, Bearish: True
13:32:13 - DEBUG IDBI: EMA9=109.82, EMA15=109.77, RSI=54.17
13:32:13 -        Bullish Crossover: False, Bearish: False
13:32:13 - DEBUG TCS: EMA9=2688.45, EMA15=2687.94, RSI=48.81
13:32:13 -        Bullish Crossover: False, Bearish: False
13:32:14 - DEBUG RELIANCE: EMA9=1422.12, EMA15=1421.97, RSI=49.80
13:32:14 -        Bullish Crossover: False, Bearish: False
13:32:14 - DEBUG HDFCBANK: EMA9=926.69, EMA15=926.54, RSI=52.12
13:32:14 -        Bullish Crossover: False, Bearish: False
13:32:21 - DEBUG ITC: EMA9=317.19, EMA15=317.04, RSI=62.06
13:32:21 -        Bullish Crossover: False, Bearish: False
13:32:22 - DEBUG BEL: EMA9=435.10, EMA15=435.12, RSI=47.47
13:32:22 -        Bullish Crossover: False, Bearish: True
13:32:23 - DEBUG IDBI: EMA9=109.82, EMA15=109.77, RSI=54.17
13:32:23 -        Bullish Crossover: False, Bearish: False
13:32:24 - DEBUG TCS: EMA9=2688.53, EMA15=2687.99, RSI=49.34
13:32:24 -        Bullish Crossover: False, Bearish: False
13:32:24 - DEBUG RELIANCE: EMA9=1422.08, EMA15=1421.95, RSI=48.91
13:32:24 -        Bullish Crossover: False, Bearish: False
13:32:25 - DEBUG HDFCBANK: EMA9=926.68, EMA15=926.53, RSI=51.84
13:32:25 -        Bullish Crossover: False, Bearish: False
13:32:32 - DEBUG ITC: EMA9=317.22, EMA15=317.06, RSI=64.81
13:32:32 -        Bullish Crossover: False, Bearish: False
13:32:33 - DEBUG BEL: EMA9=435.10, EMA15=435.12, RSI=47.47
13:32:33 -        Bullish Crossover: False, Bearish: True
13:32:33 - DEBUG IDBI: EMA9=109.82, EMA15=109.77, RSI=54.58
13:32:33 -        Bullish Crossover: False, Bearish: False
13:32:34 - DEBUG TCS: EMA9=2688.57, EMA15=2688.01, RSI=49.61
13:32:34 -        Bullish Crossover: False, Bearish: False
13:32:35 - DEBUG RELIANCE: EMA9=1422.16, EMA15=1422.00, RSI=50.70
13:32:35 -        Bullish Crossover: False, Bearish: False
13:32:36 - DEBUG HDFCBANK: EMA9=926.67, EMA15=926.52, RSI=51.57
13:32:36 -        Bullish Crossover: False, Bearish: False
13:32:43 - DEBUG ITC: EMA9=317.24, EMA15=317.07, RSI=66.77
13:32:43 -        Bullish Crossover: False, Bearish: False
13:32:43 - DEBUG BEL: EMA9=435.08, EMA15=435.10, RSI=46.65
13:32:43 -        Bullish Crossover: False, Bearish: True
13:32:44 - DEBUG IDBI: EMA9=109.81, EMA15=109.76, RSI=52.24
13:32:44 -        Bullish Crossover: False, Bearish: False
13:32:45 - DEBUG TCS: EMA9=2688.37, EMA15=2687.89, RSI=48.28
13:32:45 -        Bullish Crossover: False, Bearish: False
13:32:46 - DEBUG RELIANCE: EMA9=1422.16, EMA15=1422.00, RSI=50.70
13:32:46 -        Bullish Crossover: False, Bearish: False
13:32:46 - DEBUG HDFCBANK: EMA9=926.67, EMA15=926.52, RSI=51.57
13:32:46 -        Bullish Crossover: False, Bearish: False
13:32:53 - DEBUG ITC: EMA9=317.22, EMA15=317.06, RSI=64.81
13:32:53 -        Bullish Crossover: False, Bearish: False
13:32:54 - DEBUG BEL: EMA9=435.10, EMA15=435.12, RSI=47.47
13:32:54 -        Bullish Crossover: False, Bearish: True
13:32:55 - DEBUG IDBI: EMA9=109.82, EMA15=109.77, RSI=54.99
13:32:55 -        Bullish Crossover: False, Bearish: False
13:32:55 - DEBUG TCS: EMA9=2688.37, EMA15=2687.89, RSI=48.28
13:32:55 -        Bullish Crossover: False, Bearish: False
13:32:56 - DEBUG RELIANCE: EMA9=1422.22, EMA15=1422.03, RSI=51.99
13:32:56 -        Bullish Crossover: False, Bearish: False
13:32:57 - DEBUG HDFCBANK: EMA9=926.66, EMA15=926.52, RSI=51.30
13:32:57 -        Bullish Crossover: False, Bearish: False
13:33:04 - DEBUG ITC: EMA9=317.26, EMA15=317.09, RSI=67.75
13:33:04 -        Bullish Crossover: False, Bearish: False
13:33:04 - DEBUG BEL: EMA9=435.09, EMA15=435.11, RSI=47.06
13:33:04 -        Bullish Crossover: False, Bearish: True
13:33:05 - DEBUG IDBI: EMA9=109.82, EMA15=109.77, RSI=54.99
13:33:05 -        Bullish Crossover: False, Bearish: False
13:33:06 - DEBUG TCS: EMA9=2688.65, EMA15=2688.06, RSI=50.17
13:33:06 -        Bullish Crossover: False, Bearish: False
13:33:06 - DEBUG RELIANCE: EMA9=1422.22, EMA15=1422.03, RSI=51.99
13:33:06 -        Bullish Crossover: False, Bearish: False
13:33:07 - DEBUG HDFCBANK: EMA9=926.72, EMA15=926.55, RSI=52.97
13:33:07 -        Bullish Crossover: False, Bearish: False
13:33:14 - DEBUG ITC: EMA9=317.29, EMA15=317.10, RSI=69.12
13:33:14 -        Bullish Crossover: False, Bearish: False
13:33:15 - DEBUG BEL: EMA9=435.09, EMA15=435.11, RSI=47.06
13:33:15 -        Bullish Crossover: False, Bearish: True
13:33:15 - DEBUG IDBI: EMA9=109.82, EMA15=109.77, RSI=54.99
13:33:15 -        Bullish Crossover: False, Bearish: False
13:33:16 - DEBUG TCS: EMA9=2688.73, EMA15=2688.11, RSI=50.73
13:33:16 -        Bullish Crossover: False, Bearish: False
13:33:17 - DEBUG RELIANCE: EMA9=1422.22, EMA15=1422.03, RSI=51.99
13:33:17 -        Bullish Crossover: False, Bearish: False
13:33:18 - DEBUG HDFCBANK: EMA9=926.65, EMA15=926.51, RSI=51.03
13:33:18 -        Bullish Crossover: False, Bearish: False
13:33:24 - DEBUG ITC: EMA9=317.24, EMA15=317.07, RSI=66.77
13:33:24 -        Bullish Crossover: False, Bearish: False
13:33:25 - DEBUG BEL: EMA9=435.10, EMA15=435.12, RSI=47.47
13:33:25 -        Bullish Crossover: False, Bearish: True
13:33:26 - DEBUG IDBI: EMA9=109.82, EMA15=109.77, RSI=54.17
13:33:26 -        Bullish Crossover: False, Bearish: False
13:33:27 - DEBUG TCS: EMA9=2688.73, EMA15=2688.11, RSI=50.73
13:33:27 -        Bullish Crossover: False, Bearish: False
13:33:27 - DEBUG RELIANCE: EMA9=1422.22, EMA15=1422.03, RSI=51.99
13:33:27 -        Bullish Crossover: False, Bearish: False
13:33:28 - DEBUG HDFCBANK: EMA9=926.67, EMA15=926.52, RSI=51.57
13:33:28 -        Bullish Crossover: False, Bearish: False
13:33:35 - DEBUG ITC: EMA9=317.27, EMA15=317.09, RSI=68.22
13:33:35 -        Bullish Crossover: False, Bearish: False
13:33:36 - DEBUG BEL: EMA9=435.12, EMA15=435.13, RSI=48.32
13:33:36 -        Bullish Crossover: False, Bearish: True
13:33:37 - DEBUG IDBI: EMA9=109.81, EMA15=109.77, RSI=52.62
13:33:37 -        Bullish Crossover: False, Bearish: False
13:33:37 - DEBUG TCS: EMA9=2688.85, EMA15=2688.19, RSI=51.60
13:33:37 -        Bullish Crossover: False, Bearish: False
13:33:38 - DEBUG RELIANCE: EMA9=1422.22, EMA15=1422.03, RSI=51.99
13:33:38 -        Bullish Crossover: False, Bearish: False
13:33:39 - DEBUG HDFCBANK: EMA9=926.71, EMA15=926.55, RSI=52.68
13:33:39 -        Bullish Crossover: False, Bearish: False
13:33:46 - DEBUG ITC: EMA9=317.26, EMA15=317.09, RSI=67.75
13:33:46 -        Bullish Crossover: False, Bearish: False
13:33:46 - DEBUG BEL: EMA9=435.13, EMA15=435.13, RSI=48.75
13:33:46 -        Bullish Crossover: False, Bearish: True
13:33:47 - DEBUG IDBI: EMA9=109.82, EMA15=109.77, RSI=54.99
13:33:47 -        Bullish Crossover: False, Bearish: False
13:33:48 - DEBUG TCS: EMA9=2688.87, EMA15=2688.20, RSI=51.75
13:33:48 -        Bullish Crossover: False, Bearish: False
13:33:48 - DEBUG RELIANCE: EMA9=1422.22, EMA15=1422.03, RSI=51.99
13:33:48 -        Bullish Crossover: False, Bearish: False
13:33:49 - DEBUG HDFCBANK: EMA9=926.72, EMA15=926.55, RSI=52.97
13:33:49 -        Bullish Crossover: False, Bearish: False
13:33:56 - DEBUG ITC: EMA9=317.26, EMA15=317.09, RSI=67.75
13:33:56 -        Bullish Crossover: False, Bearish: False
13:33:57 - DEBUG BEL: EMA9=435.13, EMA15=435.13, RSI=48.75
13:33:57 -        Bullish Crossover: False, Bearish: True
13:33:57 - DEBUG IDBI: EMA9=109.84, EMA15=109.78, RSI=58.18
13:33:57 -        Bullish Crossover: False, Bearish: False
13:33:58 - DEBUG TCS: EMA9=2689.09, EMA15=2688.34, RSI=53.44
13:33:58 -        Bullish Crossover: False, Bearish: False
13:33:59 - DEBUG RELIANCE: EMA9=1422.22, EMA15=1422.03, RSI=51.99
13:33:59 -        Bullish Crossover: False, Bearish: False
13:34:00 - DEBUG HDFCBANK: EMA9=926.77, EMA15=926.59, RSI=54.40
13:34:00 -        Bullish Crossover: False, Bearish: False
13:34:07 - DEBUG ITC: EMA9=317.25, EMA15=317.08, RSI=67.27
13:34:07 -        Bullish Crossover: False, Bearish: False
13:34:07 - DEBUG BEL: EMA9=435.11, EMA15=435.12, RSI=47.89
13:34:07 -        Bullish Crossover: False, Bearish: True
13:34:08 - DEBUG IDBI: EMA9=109.85, EMA15=109.79, RSI=59.37
13:34:08 -        Bullish Crossover: False, Bearish: False
13:34:09 - DEBUG TCS: EMA9=2689.17, EMA15=2688.39, RSI=54.08
13:34:09 -        Bullish Crossover: False, Bearish: False
13:34:10 - DEBUG RELIANCE: EMA9=1422.22, EMA15=1422.03, RSI=51.99
13:34:10 -        Bullish Crossover: False, Bearish: False
13:34:10 - DEBUG HDFCBANK: EMA9=926.74, EMA15=926.57, RSI=53.55
13:34:10 -        Bullish Crossover: False, Bearish: False
13:34:17 - DEBUG ITC: EMA9=317.24, EMA15=317.07, RSI=66.77
13:34:17 -        Bullish Crossover: False, Bearish: False
13:34:18 - DEBUG BEL: EMA9=435.14, EMA15=435.14, RSI=49.20
13:34:18 -        Bullish Crossover: False, Bearish: False
13:34:19 - DEBUG IDBI: EMA9=109.84, EMA15=109.78, RSI=57.87
13:34:19 -        Bullish Crossover: False, Bearish: False
13:34:19 - DEBUG TCS: EMA9=2689.25, EMA15=2688.44, RSI=54.73
13:34:19 -        Bullish Crossover: False, Bearish: False
13:34:20 - DEBUG RELIANCE: EMA9=1422.22, EMA15=1422.03, RSI=51.99
13:34:20 -        Bullish Crossover: False, Bearish: False
13:34:21 - DEBUG HDFCBANK: EMA9=926.71, EMA15=926.55, RSI=52.68
13:34:21 -        Bullish Crossover: False, Bearish: False
13:34:28 - DEBUG ITC: EMA9=317.24, EMA15=317.07, RSI=66.77
13:34:28 -        Bullish Crossover: False, Bearish: False
13:34:28 - DEBUG BEL: EMA9=435.13, EMA15=435.13, RSI=48.75
13:34:28 -        Bullish Crossover: False, Bearish: True
13:34:29 - DEBUG IDBI: EMA9=109.85, EMA15=109.79, RSI=59.08
13:34:29 -        Bullish Crossover: False, Bearish: False
13:34:30 - DEBUG TCS: EMA9=2689.09, EMA15=2688.34, RSI=53.44
13:34:30 -        Bullish Crossover: False, Bearish: False
13:34:30 - DEBUG RELIANCE: EMA9=1422.20, EMA15=1422.02, RSI=51.57
13:34:30 -        Bullish Crossover: False, Bearish: False
13:34:31 - DEBUG HDFCBANK: EMA9=926.71, EMA15=926.55, RSI=52.68
13:34:31 -        Bullish Crossover: False, Bearish: False
13:34:38 - DEBUG ITC: EMA9=317.24, EMA15=317.07, RSI=66.77
13:34:38 -        Bullish Crossover: False, Bearish: False
13:34:39 - DEBUG BEL: EMA9=435.12, EMA15=435.13, RSI=48.32
13:34:39 -        Bullish Crossover: False, Bearish: True
13:34:39 - DEBUG IDBI: EMA9=109.85, EMA15=109.79, RSI=59.37
13:34:39 -        Bullish Crossover: False, Bearish: False
13:34:40 - DEBUG TCS: EMA9=2688.71, EMA15=2688.10, RSI=50.59
13:34:40 -        Bullish Crossover: False, Bearish: False
13:34:41 - DEBUG RELIANCE: EMA9=1422.18, EMA15=1422.01, RSI=51.14
13:34:41 -        Bullish Crossover: False, Bearish: False
13:34:41 - DEBUG HDFCBANK: EMA9=926.73, EMA15=926.56, RSI=53.26
13:34:41 -        Bullish Crossover: False, Bearish: False
13:34:48 - DEBUG ITC: EMA9=317.25, EMA15=317.08, RSI=67.27
13:34:48 -        Bullish Crossover: False, Bearish: False
13:34:49 - DEBUG BEL: EMA9=435.10, EMA15=435.12, RSI=47.47
13:34:49 -        Bullish Crossover: False, Bearish: True
13:34:50 - DEBUG IDBI: EMA9=109.85, EMA15=109.79, RSI=59.37
13:34:50 -        Bullish Crossover: False, Bearish: False
13:34:50 - DEBUG TCS: EMA9=2688.79, EMA15=2688.15, RSI=51.16
13:34:50 -        Bullish Crossover: False, Bearish: False
13:34:51 - DEBUG RELIANCE: EMA9=1422.12, EMA15=1421.97, RSI=49.80
13:34:51 -        Bullish Crossover: False, Bearish: False
13:34:52 - DEBUG HDFCBANK: EMA9=926.70, EMA15=926.54, RSI=52.40
13:34:52 -        Bullish Crossover: False, Bearish: False
13:34:59 - DEBUG ITC: EMA9=317.26, EMA15=317.09, RSI=67.75
13:34:59 -        Bullish Crossover: False, Bearish: False
13:34:59 - DEBUG BEL: EMA9=435.09, EMA15=435.11, RSI=47.06
13:34:59 -        Bullish Crossover: False, Bearish: True
13:35:00 - DEBUG IDBI: EMA9=109.85, EMA15=109.80, RSI=55.55
13:35:00 -        Bullish Crossover: False, Bearish: False
13:35:01 - DEBUG TCS: EMA9=2689.03, EMA15=2688.30, RSI=52.97
13:35:01 -        Bullish Crossover: False, Bearish: False
13:35:01 - DEBUG RELIANCE: EMA9=1422.12, EMA15=1421.99, RSI=50.57
13:35:01 -        Bullish Crossover: False, Bearish: False
13:35:02 - DEBUG HDFCBANK: EMA9=926.56, EMA15=926.47, RSI=52.68
13:35:02 -        Bullish Crossover: False, Bearish: False
13:35:09 - DEBUG ITC: EMA9=317.40, EMA15=317.19, RSI=66.69
13:35:09 -        Bullish Crossover: False, Bearish: False
13:35:10 - DEBUG BEL: EMA9=435.03, EMA15=435.07, RSI=47.55
13:35:10 -        Bullish Crossover: False, Bearish: False
13:35:11 - DEBUG IDBI: EMA9=109.85, EMA15=109.79, RSI=54.32
13:35:11 -        Bullish Crossover: False, Bearish: False
13:35:11 - DEBUG TCS: EMA9=2689.22, EMA15=2688.51, RSI=53.41
13:35:11 -        Bullish Crossover: False, Bearish: False
13:35:12 - DEBUG RELIANCE: EMA9=1422.32, EMA15=1422.12, RSI=54.96
13:35:12 -        Bullish Crossover: False, Bearish: False
13:35:12 - DEBUG HDFCBANK: EMA9=926.61, EMA15=926.51, RSI=54.02
13:35:12 -        Bullish Crossover: False, Bearish: False
13:35:19 - DEBUG ITC: EMA9=317.41, EMA15=317.20, RSI=67.75
13:35:19 -        Bullish Crossover: False, Bearish: False
13:35:20 - DEBUG BEL: EMA9=435.06, EMA15=435.09, RSI=48.97
13:35:20 -        Bullish Crossover: False, Bearish: False
13:35:21 - DEBUG IDBI: EMA9=109.85, EMA15=109.79, RSI=54.32
13:35:21 -        Bullish Crossover: False, Bearish: False
13:35:22 - DEBUG TCS: EMA9=2689.18, EMA15=2688.49, RSI=53.11
13:35:22 -        Bullish Crossover: False, Bearish: False
13:35:22 - DEBUG RELIANCE: EMA9=1422.38, EMA15=1422.15, RSI=56.12
13:35:22 -        Bullish Crossover: False, Bearish: False
13:35:23 - DEBUG HDFCBANK: EMA9=926.64, EMA15=926.52, RSI=54.79
13:35:23 -        Bullish Crossover: False, Bearish: False
13:35:30 - DEBUG ITC: EMA9=317.41, EMA15=317.20, RSI=67.75
13:35:30 -        Bullish Crossover: False, Bearish: False
13:35:31 - DEBUG BEL: EMA9=435.04, EMA15=435.08, RSI=48.03
13:35:31 -        Bullish Crossover: False, Bearish: False
13:35:31 - DEBUG IDBI: EMA9=109.85, EMA15=109.79, RSI=54.32
13:35:31 -        Bullish Crossover: False, Bearish: False
13:35:32 - DEBUG TCS: EMA9=2689.26, EMA15=2688.54, RSI=53.70
13:35:32 -        Bullish Crossover: False, Bearish: False
13:35:33 - DEBUG RELIANCE: EMA9=1422.42, EMA15=1422.18, RSI=56.87
13:35:33 -        Bullish Crossover: False, Bearish: False
13:35:34 - DEBUG HDFCBANK: EMA9=926.61, EMA15=926.51, RSI=54.02
13:35:34 -        Bullish Crossover: False, Bearish: False
13:35:41 - DEBUG ITC: EMA9=317.40, EMA15=317.19, RSI=66.69
13:35:41 -        Bullish Crossover: False, Bearish: False
13:35:41 - DEBUG BEL: EMA9=435.03, EMA15=435.07, RSI=47.55
13:35:41 -        Bullish Crossover: False, Bearish: False
13:35:42 - DEBUG IDBI: EMA9=109.85, EMA15=109.79, RSI=54.32
13:35:42 -        Bullish Crossover: False, Bearish: False
13:35:43 - DEBUG TCS: EMA9=2689.18, EMA15=2688.49, RSI=53.11
13:35:43 -        Bullish Crossover: False, Bearish: False
13:35:44 - DEBUG RELIANCE: EMA9=1422.42, EMA15=1422.18, RSI=56.87
13:35:44 -        Bullish Crossover: False, Bearish: False
13:35:44 - DEBUG HDFCBANK: EMA9=926.66, EMA15=926.54, RSI=55.29
13:35:44 -        Bullish Crossover: False, Bearish: False
13:35:51 - DEBUG ITC: EMA9=317.38, EMA15=317.18, RSI=64.67
13:35:51 -        Bullish Crossover: False, Bearish: False
13:35:52 - DEBUG BEL: EMA9=435.03, EMA15=435.07, RSI=47.55
13:35:52 -        Bullish Crossover: False, Bearish: False
13:35:53 - DEBUG IDBI: EMA9=109.85, EMA15=109.80, RSI=55.55
13:35:53 -        Bullish Crossover: False, Bearish: False
13:35:54 - DEBUG TCS: EMA9=2689.00, EMA15=2688.38, RSI=51.66
13:35:54 -        Bullish Crossover: False, Bearish: False
13:35:54 - DEBUG RELIANCE: EMA9=1422.38, EMA15=1422.15, RSI=56.12
13:35:54 -        Bullish Crossover: False, Bearish: False
13:35:55 - DEBUG HDFCBANK: EMA9=926.64, EMA15=926.52, RSI=54.79
13:35:55 -        Bullish Crossover: False, Bearish: False
13:36:02 - DEBUG ITC: EMA9=317.35, EMA15=317.16, RSI=61.86
13:36:02 -        Bullish Crossover: False, Bearish: False
13:36:02 - DEBUG BEL: EMA9=435.03, EMA15=435.07, RSI=47.55
13:36:02 -        Bullish Crossover: False, Bearish: False
13:36:03 - DEBUG IDBI: EMA9=109.85, EMA15=109.80, RSI=55.55
13:36:03 -        Bullish Crossover: False, Bearish: False
13:36:04 - DEBUG TCS: EMA9=2689.14, EMA15=2688.46, RSI=52.80
13:36:04 -        Bullish Crossover: False, Bearish: False
13:36:04 - DEBUG RELIANCE: EMA9=1422.32, EMA15=1422.12, RSI=54.96
13:36:04 -        Bullish Crossover: False, Bearish: False
13:36:05 - DEBUG HDFCBANK: EMA9=926.62, EMA15=926.51, RSI=54.28
13:36:05 -        Bullish Crossover: False, Bearish: False
13:36:12 - DEBUG ITC: EMA9=317.34, EMA15=317.16, RSI=60.98
13:36:12 -        Bullish Crossover: False, Bearish: False
13:36:13 - DEBUG BEL: EMA9=435.03, EMA15=435.07, RSI=47.55
13:36:13 -        Bullish Crossover: False, Bearish: False
13:36:13 - DEBUG IDBI: EMA9=109.86, EMA15=109.80, RSI=56.40
13:36:13 -        Bullish Crossover: False, Bearish: False
13:36:14 - DEBUG TCS: EMA9=2689.10, EMA15=2688.44, RSI=52.47
13:36:14 -        Bullish Crossover: False, Bearish: False
13:36:15 - DEBUG RELIANCE: EMA9=1422.30, EMA15=1422.10, RSI=54.56
13:36:15 -        Bullish Crossover: False, Bearish: False
13:36:16 - DEBUG HDFCBANK: EMA9=926.60, EMA15=926.50, RSI=53.76
13:36:16 -        Bullish Crossover: False, Bearish: False
13:36:23 - DEBUG ITC: EMA9=317.35, EMA15=317.16, RSI=61.86
13:36:23 -        Bullish Crossover: False, Bearish: False
13:36:24 - DEBUG BEL: EMA9=435.05, EMA15=435.08, RSI=48.51
13:36:24 -        Bullish Crossover: False, Bearish: False
13:36:24 - DEBUG IDBI: EMA9=109.86, EMA15=109.80, RSI=57.72
13:36:24 -        Bullish Crossover: False, Bearish: False
13:36:25 - DEBUG TCS: EMA9=2689.30, EMA15=2688.56, RSI=53.98
13:36:25 -        Bullish Crossover: False, Bearish: False
13:36:26 - DEBUG RELIANCE: EMA9=1422.52, EMA15=1422.24, RSI=58.62
13:36:26 -        Bullish Crossover: False, Bearish: False
13:36:26 - DEBUG HDFCBANK: EMA9=926.64, EMA15=926.52, RSI=54.79
13:36:26 -        Bullish Crossover: False, Bearish: False
13:36:33 - DEBUG ITC: EMA9=317.35, EMA15=317.16, RSI=61.86
13:36:33 -        Bullish Crossover: False, Bearish: False
13:36:34 - DEBUG BEL: EMA9=435.05, EMA15=435.08, RSI=48.51
13:36:34 -        Bullish Crossover: False, Bearish: False
13:36:35 - DEBUG IDBI: EMA9=109.87, EMA15=109.81, RSI=58.83
13:36:35 -        Bullish Crossover: False, Bearish: False
13:36:36 - DEBUG TCS: EMA9=2689.34, EMA15=2688.59, RSI=54.27
13:36:36 -        Bullish Crossover: False, Bearish: False
13:36:36 - DEBUG RELIANCE: EMA9=1422.48, EMA15=1422.22, RSI=57.93
13:36:36 -        Bullish Crossover: False, Bearish: False
13:36:37 - DEBUG HDFCBANK: EMA9=926.59, EMA15=926.49, RSI=53.50
13:36:37 -        Bullish Crossover: False, Bearish: False
13:36:43 - DEBUG ITC: EMA9=317.38, EMA15=317.18, RSI=64.67
13:36:43 -        Bullish Crossover: False, Bearish: False
13:36:44 - DEBUG BEL: EMA9=435.06, EMA15=435.09, RSI=48.97
13:36:44 -        Bullish Crossover: False, Bearish: False
13:36:45 - DEBUG IDBI: EMA9=109.87, EMA15=109.81, RSI=58.83
13:36:45 -        Bullish Crossover: False, Bearish: False
13:36:46 - DEBUG TCS: EMA9=2689.32, EMA15=2688.58, RSI=54.13
13:36:46 -        Bullish Crossover: False, Bearish: False
13:36:46 - DEBUG RELIANCE: EMA9=1422.50, EMA15=1422.23, RSI=58.28
13:36:46 -        Bullish Crossover: False, Bearish: False
13:36:47 - DEBUG HDFCBANK: EMA9=926.61, EMA15=926.51, RSI=54.02
13:36:47 -        Bullish Crossover: False, Bearish: False
13:36:54 - DEBUG ITC: EMA9=317.38, EMA15=317.18, RSI=64.67
13:36:54 -        Bullish Crossover: False, Bearish: False
13:36:55 - DEBUG BEL: EMA9=435.05, EMA15=435.08, RSI=48.51
13:36:55 -        Bullish Crossover: False, Bearish: False
13:36:55 - DEBUG IDBI: EMA9=109.87, EMA15=109.81, RSI=59.15
13:36:55 -        Bullish Crossover: False, Bearish: False
13:36:56 - DEBUG TCS: EMA9=2689.16, EMA15=2688.48, RSI=52.97
13:36:56 -        Bullish Crossover: False, Bearish: False
13:36:57 - DEBUG RELIANCE: EMA9=1422.34, EMA15=1422.13, RSI=55.36
13:36:57 -        Bullish Crossover: False, Bearish: False
13:36:58 - DEBUG HDFCBANK: EMA9=926.61, EMA15=926.51, RSI=54.02
13:36:58 -        Bullish Crossover: False, Bearish: False
13:37:05 - DEBUG ITC: EMA9=317.39, EMA15=317.19, RSI=65.67
13:37:05 -        Bullish Crossover: False, Bearish: False
13:37:05 - DEBUG BEL: EMA9=435.04, EMA15=435.08, RSI=48.03
13:37:05 -        Bullish Crossover: False, Bearish: False
13:37:06 - DEBUG IDBI: EMA9=109.87, EMA15=109.81, RSI=59.15
13:37:06 -        Bullish Crossover: False, Bearish: False
13:37:07 - DEBUG TCS: EMA9=2689.22, EMA15=2688.51, RSI=53.41
13:37:07 -        Bullish Crossover: False, Bearish: False
13:37:08 - DEBUG RELIANCE: EMA9=1422.42, EMA15=1422.18, RSI=56.87
13:37:08 -        Bullish Crossover: False, Bearish: False
13:37:08 - DEBUG HDFCBANK: EMA9=926.67, EMA15=926.54, RSI=55.53
13:37:08 -        Bullish Crossover: False, Bearish: False
13:37:15 - DEBUG ITC: EMA9=317.39, EMA15=317.19, RSI=65.67
13:37:15 -        Bullish Crossover: False, Bearish: False
13:37:16 - DEBUG BEL: EMA9=435.06, EMA15=435.09, RSI=48.97
13:37:16 -        Bullish Crossover: False, Bearish: False
13:37:17 - DEBUG IDBI: EMA9=109.87, EMA15=109.81, RSI=59.15
13:37:17 -        Bullish Crossover: False, Bearish: False
13:37:17 - DEBUG TCS: EMA9=2689.38, EMA15=2688.61, RSI=54.55
13:37:17 -        Bullish Crossover: False, Bearish: False
13:37:18 - DEBUG RELIANCE: EMA9=1422.46, EMA15=1422.20, RSI=57.58
13:37:18 -        Bullish Crossover: False, Bearish: False
13:37:19 - DEBUG HDFCBANK: EMA9=926.64, EMA15=926.52, RSI=54.79
13:37:19 -        Bullish Crossover: False, Bearish: False
13:37:26 - DEBUG ITC: EMA9=317.39, EMA15=317.19, RSI=65.67
13:37:26 -        Bullish Crossover: False, Bearish: False
13:37:26 - DEBUG BEL: EMA9=435.05, EMA15=435.08, RSI=48.51
13:37:26 -        Bullish Crossover: False, Bearish: False
13:37:27 - DEBUG IDBI: EMA9=109.86, EMA15=109.80, RSI=57.72
13:37:27 -        Bullish Crossover: False, Bearish: False
13:37:28 - DEBUG TCS: EMA9=2689.16, EMA15=2688.48, RSI=52.97
13:37:28 -        Bullish Crossover: False, Bearish: False
13:37:28 - DEBUG RELIANCE: EMA9=1422.44, EMA15=1422.19, RSI=57.23
13:37:28 -        Bullish Crossover: False, Bearish: False
13:37:29 - DEBUG HDFCBANK: EMA9=926.65, EMA15=926.53, RSI=55.04
13:37:29 -        Bullish Crossover: False, Bearish: False
13:37:36 - DEBUG ITC: EMA9=317.39, EMA15=317.19, RSI=65.67
13:37:36 -        Bullish Crossover: False, Bearish: False
13:37:37 - DEBUG BEL: EMA9=435.04, EMA15=435.08, RSI=48.03
13:37:37 -        Bullish Crossover: False, Bearish: False
13:37:38 - DEBUG IDBI: EMA9=109.87, EMA15=109.81, RSI=58.83
13:37:38 -        Bullish Crossover: False, Bearish: False
13:37:38 - DEBUG TCS: EMA9=2689.34, EMA15=2688.59, RSI=54.27
13:37:38 -        Bullish Crossover: False, Bearish: False
13:37:39 - DEBUG RELIANCE: EMA9=1422.42, EMA15=1422.18, RSI=56.87
13:37:39 -        Bullish Crossover: False, Bearish: False
13:37:39 - DEBUG HDFCBANK: EMA9=926.67, EMA15=926.54, RSI=55.53
13:37:39 -        Bullish Crossover: False, Bearish: False
13:37:46 - DEBUG ITC: EMA9=317.40, EMA15=317.19, RSI=66.69
13:37:46 -        Bullish Crossover: False, Bearish: False
13:37:46 - DEBUG BEL: EMA9=435.06, EMA15=435.09, RSI=48.97
13:37:46 -        Bullish Crossover: False, Bearish: False
13:37:47 - DEBUG IDBI: EMA9=109.87, EMA15=109.81, RSI=58.83
13:37:47 -        Bullish Crossover: False, Bearish: False
13:37:48 - DEBUG TCS: EMA9=2689.30, EMA15=2688.56, RSI=53.98
13:37:48 -        Bullish Crossover: False, Bearish: False
13:37:48 - DEBUG RELIANCE: EMA9=1422.44, EMA15=1422.19, RSI=57.23
13:37:48 -        Bullish Crossover: False, Bearish: False
13:37:49 - DEBUG HDFCBANK: EMA9=926.67, EMA15=926.54, RSI=55.53
13:37:49 -        Bullish Crossover: False, Bearish: False
13:37:56 - DEBUG ITC: EMA9=317.39, EMA15=317.19, RSI=65.67
13:37:56 -        Bullish Crossover: False, Bearish: False
13:37:57 - DEBUG BEL: EMA9=435.02, EMA15=435.06, RSI=47.06
13:37:57 -        Bullish Crossover: False, Bearish: False
13:37:58 - DEBUG IDBI: EMA9=109.86, EMA15=109.80, RSI=57.72
13:37:58 -        Bullish Crossover: False, Bearish: False
13:37:58 - DEBUG TCS: EMA9=2689.18, EMA15=2688.49, RSI=53.11
13:37:58 -        Bullish Crossover: False, Bearish: False
13:37:59 - DEBUG RELIANCE: EMA9=1422.48, EMA15=1422.22, RSI=57.93
13:37:59 -        Bullish Crossover: False, Bearish: False
13:38:00 - DEBUG HDFCBANK: EMA9=926.65, EMA15=926.53, RSI=55.04
13:38:00 -        Bullish Crossover: False, Bearish: False
13:38:07 - DEBUG ITC: EMA9=317.39, EMA15=317.19, RSI=65.67
13:38:07 -        Bullish Crossover: False, Bearish: False
13:38:07 - DEBUG BEL: EMA9=435.02, EMA15=435.06, RSI=47.06
13:38:07 -        Bullish Crossover: False, Bearish: False
13:38:08 - DEBUG IDBI: EMA9=109.87, EMA15=109.81, RSI=58.83
13:38:08 -        Bullish Crossover: False, Bearish: False
13:38:09 - DEBUG TCS: EMA9=2689.22, EMA15=2688.51, RSI=53.41
13:38:09 -        Bullish Crossover: False, Bearish: False
13:38:10 - DEBUG RELIANCE: EMA9=1422.54, EMA15=1422.25, RSI=58.95
13:38:10 -        Bullish Crossover: False, Bearish: False
13:38:10 - DEBUG HDFCBANK: EMA9=926.67, EMA15=926.54, RSI=55.53
13:38:10 -        Bullish Crossover: False, Bearish: False
13:38:17 - DEBUG ITC: EMA9=317.39, EMA15=317.19, RSI=65.67
13:38:17 -        Bullish Crossover: False, Bearish: False
13:38:18 - DEBUG BEL: EMA9=435.06, EMA15=435.09, RSI=48.97
13:38:18 -        Bullish Crossover: False, Bearish: False
13:38:19 - DEBUG IDBI: EMA9=109.87, EMA15=109.81, RSI=59.46
13:38:19 -        Bullish Crossover: False, Bearish: False
13:38:19 - DEBUG TCS: EMA9=2689.28, EMA15=2688.55, RSI=53.84
13:38:19 -        Bullish Crossover: False, Bearish: False
13:38:20 - DEBUG RELIANCE: EMA9=1422.52, EMA15=1422.24, RSI=58.62
13:38:20 -        Bullish Crossover: False, Bearish: False
13:38:21 - DEBUG HDFCBANK: EMA9=926.74, EMA15=926.59, RSI=57.17
13:38:21 -        Bullish Crossover: False, Bearish: False
13:38:28 - DEBUG ITC: EMA9=317.37, EMA15=317.18, RSI=63.71
13:38:28 -        Bullish Crossover: False, Bearish: False
13:38:28 - DEBUG BEL: EMA9=435.06, EMA15=435.09, RSI=48.97
13:38:28 -        Bullish Crossover: False, Bearish: False
13:38:29 - DEBUG IDBI: EMA9=109.87, EMA15=109.81, RSI=59.46
13:38:29 -        Bullish Crossover: False, Bearish: False
13:38:30 - DEBUG TCS: EMA9=2689.32, EMA15=2688.58, RSI=54.13
13:38:30 -        Bullish Crossover: False, Bearish: False
13:38:30 - DEBUG RELIANCE: EMA9=1422.52, EMA15=1422.24, RSI=58.62
13:38:30 -        Bullish Crossover: False, Bearish: False
13:38:31 - DEBUG HDFCBANK: EMA9=926.69, EMA15=926.56, RSI=56.01
13:38:31 -        Bullish Crossover: False, Bearish: False
13:38:38 - DEBUG ITC: EMA9=317.37, EMA15=317.18, RSI=63.71
13:38:38 -        Bullish Crossover: False, Bearish: False
13:38:38 - DEBUG BEL: EMA9=435.07, EMA15=435.10, RSI=49.43
13:38:38 -        Bullish Crossover: False, Bearish: False
13:38:39 - DEBUG IDBI: EMA9=109.87, EMA15=109.81, RSI=59.46
13:38:39 -        Bullish Crossover: False, Bearish: False
13:38:40 - DEBUG TCS: EMA9=2689.20, EMA15=2688.50, RSI=53.26
13:38:40 -        Bullish Crossover: False, Bearish: False
13:38:40 - DEBUG RELIANCE: EMA9=1422.52, EMA15=1422.24, RSI=58.62
13:38:40 -        Bullish Crossover: False, Bearish: False
13:38:41 - DEBUG HDFCBANK: EMA9=926.64, EMA15=926.52, RSI=54.79
13:38:41 -        Bullish Crossover: False, Bearish: False
13:38:48 - DEBUG ITC: EMA9=317.37, EMA15=317.18, RSI=63.71
13:38:48 -        Bullish Crossover: False, Bearish: False
13:38:49 - DEBUG BEL: EMA9=435.07, EMA15=435.10, RSI=49.43
13:38:49 -        Bullish Crossover: False, Bearish: False
13:38:49 - DEBUG IDBI: EMA9=109.87, EMA15=109.81, RSI=59.15
13:38:49 -        Bullish Crossover: False, Bearish: False
13:38:50 - DEBUG TCS: EMA9=2689.18, EMA15=2688.49, RSI=53.11
13:38:50 -        Bullish Crossover: False, Bearish: False
13:38:51 - DEBUG RELIANCE: EMA9=1422.42, EMA15=1422.18, RSI=56.87
13:38:51 -        Bullish Crossover: False, Bearish: False
13:38:51 - DEBUG HDFCBANK: EMA9=926.62, EMA15=926.51, RSI=54.28
13:38:51 -        Bullish Crossover: False, Bearish: False
13:38:58 - DEBUG ITC: EMA9=317.37, EMA15=317.18, RSI=63.71
13:38:58 -        Bullish Crossover: False, Bearish: False
13:38:58 - DEBUG BEL: EMA9=435.05, EMA15=435.08, RSI=48.51
13:38:58 -        Bullish Crossover: False, Bearish: False
13:38:59 - DEBUG IDBI: EMA9=109.87, EMA15=109.81, RSI=58.83
13:38:59 -        Bullish Crossover: False, Bearish: False
13:38:59 - DEBUG TCS: EMA9=2689.04, EMA15=2688.40, RSI=51.98
13:38:59 -        Bullish Crossover: False, Bearish: False
13:39:00 - DEBUG RELIANCE: EMA9=1422.50, EMA15=1422.23, RSI=58.28
13:39:00 -        Bullish Crossover: False, Bearish: False
13:39:01 - DEBUG HDFCBANK: EMA9=926.58, EMA15=926.49, RSI=53.23
13:39:01 -        Bullish Crossover: False, Bearish: False
13:39:07 - DEBUG ITC: EMA9=317.40, EMA15=317.19, RSI=66.69
13:39:07 -        Bullish Crossover: False, Bearish: False
13:39:08 - DEBUG BEL: EMA9=435.09, EMA15=435.11, RSI=50.31
13:39:08 -        Bullish Crossover: False, Bearish: False
13:39:08 - DEBUG IDBI: EMA9=109.87, EMA15=109.81, RSI=58.83
13:39:08 -        Bullish Crossover: False, Bearish: False
13:39:09 - DEBUG TCS: EMA9=2689.06, EMA15=2688.41, RSI=52.14
13:39:09 -        Bullish Crossover: False, Bearish: False
13:39:09 - DEBUG RELIANCE: EMA9=1422.46, EMA15=1422.20, RSI=57.58
13:39:09 -        Bullish Crossover: False, Bearish: False
13:39:10 - DEBUG HDFCBANK: EMA9=926.60, EMA15=926.50, RSI=53.76
13:39:10 -        Bullish Crossover: False, Bearish: False
13:39:17 - DEBUG ITC: EMA9=317.40, EMA15=317.19, RSI=66.69
13:39:17 -        Bullish Crossover: False, Bearish: False
13:39:17 - DEBUG BEL: EMA9=435.08, EMA15=435.10, RSI=49.87
13:39:17 -        Bullish Crossover: False, Bearish: False
13:39:18 - DEBUG IDBI: EMA9=109.87, EMA15=109.81, RSI=58.83
13:39:18 -        Bullish Crossover: False, Bearish: False
13:39:19 - DEBUG TCS: EMA9=2689.06, EMA15=2688.41, RSI=52.14
13:39:19 -        Bullish Crossover: False, Bearish: False
13:39:20 - DEBUG RELIANCE: EMA9=1422.52, EMA15=1422.24, RSI=58.62
13:39:20 -        Bullish Crossover: False, Bearish: False
13:39:20 - DEBUG HDFCBANK: EMA9=926.60, EMA15=926.50, RSI=53.76
13:39:20 -        Bullish Crossover: False, Bearish: False
13:39:28 - DEBUG ITC: EMA9=317.40, EMA15=317.19, RSI=66.69
13:39:28 -        Bullish Crossover: False, Bearish: False
13:39:28 - DEBUG BEL: EMA9=435.08, EMA15=435.10, RSI=49.87
13:39:28 -        Bullish Crossover: False, Bearish: False
13:39:29 - DEBUG IDBI: EMA9=109.87, EMA15=109.81, RSI=59.15
13:39:29 -        Bullish Crossover: False, Bearish: False
13:39:30 - DEBUG TCS: EMA9=2689.06, EMA15=2688.41, RSI=52.14
13:39:30 -        Bullish Crossover: False, Bearish: False
13:39:31 - DEBUG RELIANCE: EMA9=1422.66, EMA15=1422.33, RSI=60.84
13:39:31 -        Bullish Crossover: False, Bearish: False
13:39:31 - DEBUG HDFCBANK: EMA9=926.63, EMA15=926.52, RSI=54.54
13:39:31 -        Bullish Crossover: False, Bearish: False
13:39:38 - DEBUG ITC: EMA9=317.40, EMA15=317.19, RSI=66.69
13:39:38 -        Bullish Crossover: False, Bearish: False
13:39:39 - DEBUG BEL: EMA9=435.13, EMA15=435.13, RSI=52.00
13:39:39 -        Bullish Crossover: True, Bearish: False
13:39:40 - BUY BEL @ 435.25 - BUY Signal: EMA9/15 Cross, RSI:52
13:39:40 - Attempting trade: BEL @ 435.25, Qty: 4
13:39:40 - Placing BUY order for BEL @ 435.25
13:39:43 - ✅ Order placed for BEL
13:39:43 - DEBUG IDBI: EMA9=109.89, EMA15=109.82, RSI=61.53
13:39:43 -        Bullish Crossover: False, Bearish: False
13:39:44 - DEBUG TCS: EMA9=2689.22, EMA15=2688.51, RSI=53.41
13:39:44 -        Bullish Crossover: False, Bearish: False
13:39:45 - DEBUG RELIANCE: EMA9=1422.68, EMA15=1422.34, RSI=61.14
13:39:45 -        Bullish Crossover: False, Bearish: False
13:39:46 - DEBUG HDFCBANK: EMA9=926.63, EMA15=926.52, RSI=54.54
13:39:46 -        Bullish Crossover: False, Bearish: False
13:39:53 - DEBUG ITC: EMA9=317.41, EMA15=317.20, RSI=67.75
13:39:53 -        Bullish Crossover: False, Bearish: False
13:39:54 - DEBUG IDBI: EMA9=109.89, EMA15=109.82, RSI=61.53
13:39:54 -        Bullish Crossover: False, Bearish: False
13:39:55 - DEBUG TCS: EMA9=2689.22, EMA15=2688.51, RSI=53.41
13:39:55 -        Bullish Crossover: False, Bearish: False
13:39:55 - DEBUG RELIANCE: EMA9=1422.78, EMA15=1422.40, RSI=62.57
13:39:55 -        Bullish Crossover: False, Bearish: False
13:39:56 - DEBUG HDFCBANK: EMA9=926.63, EMA15=926.52, RSI=54.54
13:39:56 -        Bullish Crossover: False, Bearish: False
13:40:04 - DEBUG ITC: EMA9=317.49, EMA15=317.28, RSI=65.79
13:40:04 -        Bullish Crossover: False, Bearish: False
13:40:05 - DEBUG IDBI: EMA9=109.94, EMA15=109.86, RSI=62.92
13:40:05 -        Bullish Crossover: False, Bearish: False
13:40:06 - DEBUG TCS: EMA9=2688.87, EMA15=2688.37, RSI=51.00
13:40:06 -        Bullish Crossover: False, Bearish: False
13:40:06 - DEBUG RELIANCE: EMA9=1423.14, EMA15=1422.68, RSI=60.65
13:40:06 -        Bullish Crossover: False, Bearish: False
13:40:07 - DEBUG HDFCBANK: EMA9=926.59, EMA15=926.51, RSI=55.35
13:40:07 -        Bullish Crossover: False, Bearish: False
13:40:15 - DEBUG ITC: EMA9=317.49, EMA15=317.28, RSI=65.79
13:40:15 -        Bullish Crossover: False, Bearish: False
13:40:16 - DEBUG IDBI: EMA9=109.94, EMA15=109.86, RSI=62.35
13:40:16 -        Bullish Crossover: False, Bearish: False
13:40:16 - DEBUG TCS: EMA9=2688.97, EMA15=2688.43, RSI=51.82
13:40:16 -        Bullish Crossover: False, Bearish: False
13:40:17 - DEBUG RELIANCE: EMA9=1423.18, EMA15=1422.70, RSI=61.59
13:40:17 -        Bullish Crossover: False, Bearish: False
13:40:18 - DEBUG HDFCBANK: EMA9=926.57, EMA15=926.50, RSI=54.81
13:40:18 -        Bullish Crossover: False, Bearish: False
13:40:26 - DEBUG ITC: EMA9=317.49, EMA15=317.28, RSI=65.79
13:40:26 -        Bullish Crossover: False, Bearish: False
13:40:27 - DEBUG IDBI: EMA9=109.93, EMA15=109.86, RSI=61.88
13:40:27 -        Bullish Crossover: False, Bearish: False
13:40:28 - DEBUG TCS: EMA9=2688.91, EMA15=2688.39, RSI=51.34
13:40:28 -        Bullish Crossover: False, Bearish: False
13:40:28 - DEBUG RELIANCE: EMA9=1423.20, EMA15=1422.72, RSI=62.07
13:40:28 -        Bullish Crossover: False, Bearish: False
13:40:29 - DEBUG HDFCBANK: EMA9=926.57, EMA15=926.50, RSI=54.81
13:40:29 -        Bullish Crossover: False, Bearish: False
13:40:37 - DEBUG ITC: EMA9=317.48, EMA15=317.27, RSI=65.24
13:40:37 -        Bullish Crossover: False, Bearish: False
13:40:38 - DEBUG IDBI: EMA9=109.94, EMA15=109.86, RSI=62.35
13:40:38 -        Bullish Crossover: False, Bearish: False
13:40:38 - DEBUG TCS: EMA9=2688.91, EMA15=2688.39, RSI=51.34
13:40:38 -        Bullish Crossover: False, Bearish: False
13:40:39 - DEBUG RELIANCE: EMA9=1423.10, EMA15=1422.65, RSI=59.73
13:40:39 -        Bullish Crossover: False, Bearish: False
13:40:40 - DEBUG HDFCBANK: EMA9=926.56, EMA15=926.49, RSI=54.54
13:40:40 -        Bullish Crossover: False, Bearish: False
13:40:48 - DEBUG ITC: EMA9=317.48, EMA15=317.27, RSI=65.24
13:40:48 -        Bullish Crossover: False, Bearish: False
13:40:48 - DEBUG IDBI: EMA9=109.94, EMA15=109.86, RSI=62.35
13:40:48 -        Bullish Crossover: False, Bearish: False
13:40:49 - DEBUG TCS: EMA9=2688.75, EMA15=2688.29, RSI=50.02
13:40:49 -        Bullish Crossover: False, Bearish: False
13:40:50 - DEBUG RELIANCE: EMA9=1423.14, EMA15=1422.68, RSI=60.65
13:40:50 -        Bullish Crossover: False, Bearish: False
13:40:51 - DEBUG HDFCBANK: EMA9=926.52, EMA15=926.47, RSI=53.25
13:40:51 -        Bullish Crossover: False, Bearish: False
13:40:59 - DEBUG ITC: EMA9=317.46, EMA15=317.26, RSI=63.64
13:40:59 -        Bullish Crossover: False, Bearish: False
13:41:00 - DEBUG IDBI: EMA9=109.93, EMA15=109.86, RSI=61.41
13:41:00 -        Bullish Crossover: False, Bearish: False
13:41:00 - DEBUG TCS: EMA9=2688.57, EMA15=2688.18, RSI=48.61
13:41:00 -        Bullish Crossover: False, Bearish: False
13:41:01 - DEBUG RELIANCE: EMA9=1423.18, EMA15=1422.70, RSI=61.59
13:41:01 -        Bullish Crossover: False, Bearish: False
13:41:02 - DEBUG HDFCBANK: EMA9=926.58, EMA15=926.50, RSI=55.08
13:41:02 -        Bullish Crossover: False, Bearish: False
13:41:10 - DEBUG ITC: EMA9=317.48, EMA15=317.27, RSI=65.24
13:41:10 -        Bullish Crossover: False, Bearish: False
13:41:10 - DEBUG IDBI: EMA9=109.94, EMA15=109.86, RSI=62.35
13:41:10 -        Bullish Crossover: False, Bearish: False
13:41:11 - DEBUG TCS: EMA9=2688.77, EMA15=2688.31, RSI=50.18
13:41:11 -        Bullish Crossover: False, Bearish: False
13:41:12 - DEBUG RELIANCE: EMA9=1423.08, EMA15=1422.64, RSI=59.28
13:41:12 -        Bullish Crossover: False, Bearish: False
13:41:13 - DEBUG HDFCBANK: EMA9=926.57, EMA15=926.50, RSI=54.81
13:41:13 -        Bullish Crossover: False, Bearish: False
13:41:20 - DEBUG ITC: EMA9=317.48, EMA15=317.27, RSI=65.24
13:41:20 -        Bullish Crossover: False, Bearish: False
13:41:21 - DEBUG IDBI: EMA9=109.94, EMA15=109.86, RSI=62.92
13:41:21 -        Bullish Crossover: False, Bearish: False
13:41:22 - DEBUG TCS: EMA9=2688.79, EMA15=2688.32, RSI=50.34
13:41:22 -        Bullish Crossover: False, Bearish: False
13:41:23 - DEBUG RELIANCE: EMA9=1423.20, EMA15=1422.72, RSI=62.07
13:41:23 -        Bullish Crossover: False, Bearish: False
13:41:23 - DEBUG HDFCBANK: EMA9=926.59, EMA15=926.51, RSI=55.35
13:41:23 -        Bullish Crossover: False, Bearish: False
13:41:31 - DEBUG ITC: EMA9=317.50, EMA15=317.28, RSI=66.32
13:41:31 -        Bullish Crossover: False, Bearish: False
13:41:32 - DEBUG IDBI: EMA9=109.94, EMA15=109.86, RSI=63.20
13:41:32 -        Bullish Crossover: False, Bearish: False
13:41:33 - DEBUG TCS: EMA9=2688.85, EMA15=2688.36, RSI=50.84
13:41:33 -        Bullish Crossover: False, Bearish: False
13:41:34 - DEBUG RELIANCE: EMA9=1423.22, EMA15=1422.73, RSI=62.57
13:41:34 -        Bullish Crossover: False, Bearish: False
13:41:34 - DEBUG HDFCBANK: EMA9=926.59, EMA15=926.51, RSI=55.35
13:41:34 -        Bullish Crossover: False, Bearish: False
13:41:42 - DEBUG ITC: EMA9=317.50, EMA15=317.28, RSI=66.32
13:41:42 -        Bullish Crossover: False, Bearish: False
13:41:43 - DEBUG IDBI: EMA9=109.94, EMA15=109.86, RSI=63.47
13:41:43 -        Bullish Crossover: False, Bearish: False
13:41:43 - DEBUG TCS: EMA9=2688.83, EMA15=2688.34, RSI=50.67
13:41:43 -        Bullish Crossover: False, Bearish: False
13:41:44 - DEBUG RELIANCE: EMA9=1423.20, EMA15=1422.72, RSI=62.07
13:41:44 -        Bullish Crossover: False, Bearish: False
13:41:45 - DEBUG HDFCBANK: EMA9=926.57, EMA15=926.50, RSI=54.81
13:41:45 -        Bullish Crossover: False, Bearish: False
13:41:52 - DEBUG ITC: EMA9=317.50, EMA15=317.28, RSI=66.32
13:41:52 -        Bullish Crossover: False, Bearish: False
13:41:53 - DEBUG IDBI: EMA9=109.95, EMA15=109.86, RSI=63.74
13:41:53 -        Bullish Crossover: False, Bearish: False
13:41:54 - DEBUG TCS: EMA9=2688.77, EMA15=2688.31, RSI=50.18
13:41:54 -        Bullish Crossover: False, Bearish: False
13:41:55 - DEBUG RELIANCE: EMA9=1423.22, EMA15=1422.73, RSI=62.57
13:41:55 -        Bullish Crossover: False, Bearish: False
13:41:55 - DEBUG HDFCBANK: EMA9=926.59, EMA15=926.51, RSI=55.35
13:41:55 -        Bullish Crossover: False, Bearish: False
13:42:03 - DEBUG ITC: EMA9=317.49, EMA15=317.28, RSI=65.79
13:42:03 -        Bullish Crossover: False, Bearish: False
13:42:04 - DEBUG IDBI: EMA9=109.95, EMA15=109.87, RSI=64.01
13:42:04 -        Bullish Crossover: False, Bearish: False
13:42:04 - DEBUG TCS: EMA9=2688.59, EMA15=2688.19, RSI=48.76
13:42:04 -        Bullish Crossover: False, Bearish: False
13:42:05 - DEBUG RELIANCE: EMA9=1423.14, EMA15=1422.68, RSI=60.65
13:42:05 -        Bullish Crossover: False, Bearish: False
13:42:05 - DEBUG HDFCBANK: EMA9=926.59, EMA15=926.51, RSI=55.35
13:42:05 -        Bullish Crossover: False, Bearish: False
13:42:13 - DEBUG ITC: EMA9=317.49, EMA15=317.28, RSI=65.79
13:42:13 -        Bullish Crossover: False, Bearish: False
13:42:13 - DEBUG IDBI: EMA9=109.95, EMA15=109.87, RSI=64.01
13:42:13 -        Bullish Crossover: False, Bearish: False
13:42:14 - DEBUG TCS: EMA9=2688.59, EMA15=2688.19, RSI=48.76
13:42:14 -        Bullish Crossover: False, Bearish: False
13:42:15 - DEBUG RELIANCE: EMA9=1423.22, EMA15=1422.73, RSI=62.57
13:42:15 -        Bullish Crossover: False, Bearish: False
13:42:15 - DEBUG HDFCBANK: EMA9=926.60, EMA15=926.52, RSI=55.61
13:42:15 -        Bullish Crossover: False, Bearish: False
13:42:23 - DEBUG ITC: EMA9=317.49, EMA15=317.28, RSI=65.79
13:42:23 -        Bullish Crossover: False, Bearish: False
13:42:24 - DEBUG IDBI: EMA9=109.95, EMA15=109.87, RSI=64.01
13:42:24 -        Bullish Crossover: False, Bearish: False
13:42:25 - DEBUG TCS: EMA9=2688.63, EMA15=2688.22, RSI=49.07
13:42:25 -        Bullish Crossover: False, Bearish: False
13:42:25 - DEBUG RELIANCE: EMA9=1423.26, EMA15=1422.75, RSI=63.15
13:42:25 -        Bullish Crossover: False, Bearish: False
13:42:26 - DEBUG HDFCBANK: EMA9=926.60, EMA15=926.52, RSI=55.61
13:42:26 -        Bullish Crossover: False, Bearish: False
13:42:33 - DEBUG ITC: EMA9=317.48, EMA15=317.27, RSI=65.24
13:42:33 -        Bullish Crossover: False, Bearish: False
13:42:34 - DEBUG IDBI: EMA9=109.95, EMA15=109.86, RSI=63.74
13:42:34 -        Bullish Crossover: False, Bearish: False
13:42:35 - DEBUG TCS: EMA9=2688.59, EMA15=2688.19, RSI=48.76
13:42:35 -        Bullish Crossover: False, Bearish: False
13:42:36 - DEBUG RELIANCE: EMA9=1423.22, EMA15=1422.73, RSI=62.57
13:42:36 -        Bullish Crossover: False, Bearish: False
13:42:36 - DEBUG HDFCBANK: EMA9=926.63, EMA15=926.53, RSI=56.38
13:42:36 -        Bullish Crossover: False, Bearish: False
13:42:44 - DEBUG ITC: EMA9=317.49, EMA15=317.28, RSI=65.79
13:42:44 -        Bullish Crossover: False, Bearish: False
13:42:45 - DEBUG IDBI: EMA9=109.95, EMA15=109.86, RSI=63.74
13:42:45 -        Bullish Crossover: False, Bearish: False
13:42:45 - DEBUG TCS: EMA9=2688.59, EMA15=2688.19, RSI=48.76
13:42:45 -        Bullish Crossover: False, Bearish: False
13:42:46 - DEBUG RELIANCE: EMA9=1423.26, EMA15=1422.75, RSI=63.15
13:42:46 -        Bullish Crossover: False, Bearish: False
13:42:47 - DEBUG HDFCBANK: EMA9=926.66, EMA15=926.55, RSI=57.12
13:42:47 -        Bullish Crossover: False, Bearish: False
13:42:54 - DEBUG ITC: EMA9=317.49, EMA15=317.28, RSI=65.79
13:42:54 -        Bullish Crossover: False, Bearish: False
13:42:55 - DEBUG IDBI: EMA9=109.95, EMA15=109.87, RSI=64.01
13:42:55 -        Bullish Crossover: False, Bearish: False
13:42:56 - DEBUG TCS: EMA9=2688.59, EMA15=2688.19, RSI=48.76
13:42:56 -        Bullish Crossover: False, Bearish: False
13:42:57 - DEBUG RELIANCE: EMA9=1423.22, EMA15=1422.73, RSI=62.57
13:42:57 -        Bullish Crossover: False, Bearish: False
13:42:57 - DEBUG HDFCBANK: EMA9=926.67, EMA15=926.56, RSI=57.36
13:42:57 -        Bullish Crossover: False, Bearish: False
13:43:05 - DEBUG ITC: EMA9=317.46, EMA15=317.26, RSI=63.64
13:43:05 -        Bullish Crossover: False, Bearish: False
13:43:06 - DEBUG IDBI: EMA9=109.97, EMA15=109.88, RSI=66.23
13:43:06 -        Bullish Crossover: False, Bearish: False
13:43:06 - DEBUG TCS: EMA9=2688.45, EMA15=2688.11, RSI=47.72
13:43:06 -        Bullish Crossover: False, Bearish: False
13:43:07 - DEBUG RELIANCE: EMA9=1423.22, EMA15=1422.73, RSI=62.57
13:43:07 -        Bullish Crossover: False, Bearish: False
13:43:08 - DEBUG HDFCBANK: EMA9=926.65, EMA15=926.55, RSI=56.88
13:43:08 -        Bullish Crossover: False, Bearish: False
13:43:15 - DEBUG ITC: EMA9=317.48, EMA15=317.27, RSI=65.24
13:43:15 -        Bullish Crossover: False, Bearish: False
13:43:16 - DEBUG IDBI: EMA9=109.96, EMA15=109.87, RSI=65.03
13:43:16 -        Bullish Crossover: False, Bearish: False
13:43:16 - DEBUG TCS: EMA9=2688.69, EMA15=2688.26, RSI=49.54
13:43:16 -        Bullish Crossover: False, Bearish: False
13:43:17 - DEBUG RELIANCE: EMA9=1423.20, EMA15=1422.72, RSI=62.07
13:43:17 -        Bullish Crossover: False, Bearish: False
13:43:18 - DEBUG HDFCBANK: EMA9=926.68, EMA15=926.57, RSI=57.60
13:43:18 -        Bullish Crossover: False, Bearish: False
13:43:25 - DEBUG ITC: EMA9=317.48, EMA15=317.27, RSI=65.24
13:43:25 -        Bullish Crossover: False, Bearish: False
13:43:26 - DEBUG IDBI: EMA9=109.97, EMA15=109.88, RSI=66.23
13:43:26 -        Bullish Crossover: False, Bearish: False
13:43:27 - DEBUG TCS: EMA9=2688.39, EMA15=2688.07, RSI=47.28
13:43:27 -        Bullish Crossover: False, Bearish: False
13:43:28 - DEBUG RELIANCE: EMA9=1423.22, EMA15=1422.73, RSI=62.57
13:43:28 -        Bullish Crossover: False, Bearish: False
13:43:28 - DEBUG HDFCBANK: EMA9=926.64, EMA15=926.54, RSI=56.63
13:43:28 -        Bullish Crossover: False, Bearish: False
13:43:36 - DEBUG ITC: EMA9=317.48, EMA15=317.27, RSI=65.24
13:43:36 -        Bullish Crossover: False, Bearish: False
13:43:36 - DEBUG IDBI: EMA9=109.96, EMA15=109.87, RSI=65.03
13:43:36 -        Bullish Crossover: False, Bearish: False
13:43:37 - DEBUG TCS: EMA9=2688.79, EMA15=2688.32, RSI=50.34
13:43:37 -        Bullish Crossover: False, Bearish: False
13:43:38 - DEBUG RELIANCE: EMA9=1423.26, EMA15=1422.75, RSI=63.15
13:43:38 -        Bullish Crossover: False, Bearish: False
13:43:38 - DEBUG HDFCBANK: EMA9=926.68, EMA15=926.57, RSI=57.60
13:43:38 -        Bullish Crossover: False, Bearish: False
13:43:46 - DEBUG ITC: EMA9=317.48, EMA15=317.27, RSI=65.24
13:43:46 -        Bullish Crossover: False, Bearish: False
13:43:47 - DEBUG IDBI: EMA9=109.96, EMA15=109.87, RSI=65.03
13:43:47 -        Bullish Crossover: False, Bearish: False
13:43:47 - DEBUG TCS: EMA9=2688.65, EMA15=2688.23, RSI=49.23
13:43:47 -        Bullish Crossover: False, Bearish: False
13:43:48 - DEBUG RELIANCE: EMA9=1423.22, EMA15=1422.73, RSI=62.57
13:43:48 -        Bullish Crossover: False, Bearish: False
13:43:49 - DEBUG HDFCBANK: EMA9=926.66, EMA15=926.55, RSI=57.12
13:43:49 -        Bullish Crossover: False, Bearish: False
13:43:57 - DEBUG ITC: EMA9=317.48, EMA15=317.27, RSI=65.24
13:43:57 -        Bullish Crossover: False, Bearish: False
13:43:57 - DEBUG IDBI: EMA9=109.97, EMA15=109.88, RSI=66.23
13:43:57 -        Bullish Crossover: False, Bearish: False
13:43:58 - DEBUG TCS: EMA9=2688.55, EMA15=2688.17, RSI=48.46
13:43:58 -        Bullish Crossover: False, Bearish: False
13:43:59 - DEBUG RELIANCE: EMA9=1423.22, EMA15=1422.73, RSI=62.57
13:43:59 -        Bullish Crossover: False, Bearish: False
13:44:00 - DEBUG HDFCBANK: EMA9=926.63, EMA15=926.53, RSI=56.38
13:44:00 -        Bullish Crossover: False, Bearish: False
13:44:07 - DEBUG ITC: EMA9=317.45, EMA15=317.25, RSI=62.63
13:44:07 -        Bullish Crossover: False, Bearish: False
13:44:08 - DEBUG IDBI: EMA9=109.97, EMA15=109.88, RSI=66.23
13:44:08 -        Bullish Crossover: False, Bearish: False
13:44:09 - DEBUG TCS: EMA9=2688.65, EMA15=2688.23, RSI=49.23
13:44:09 -        Bullish Crossover: False, Bearish: False
13:44:09 - DEBUG RELIANCE: EMA9=1423.24, EMA15=1422.74, RSI=62.86
13:44:09 -        Bullish Crossover: False, Bearish: False
13:44:10 - DEBUG HDFCBANK: EMA9=926.68, EMA15=926.57, RSI=57.60
13:44:10 -        Bullish Crossover: False, Bearish: False
13:44:17 - DEBUG ITC: EMA9=317.48, EMA15=317.27, RSI=65.24
13:44:17 -        Bullish Crossover: False, Bearish: False
13:44:18 - DEBUG IDBI: EMA9=109.97, EMA15=109.88, RSI=66.23
13:44:18 -        Bullish Crossover: False, Bearish: False
13:44:19 - DEBUG TCS: EMA9=2688.75, EMA15=2688.29, RSI=50.02
13:44:19 -        Bullish Crossover: False, Bearish: False
13:44:20 - DEBUG RELIANCE: EMA9=1423.26, EMA15=1422.75, RSI=63.15
13:44:20 -        Bullish Crossover: False, Bearish: False
13:44:20 - DEBUG HDFCBANK: EMA9=926.69, EMA15=926.57, RSI=57.84
13:44:20 -        Bullish Crossover: False, Bearish: False
13:44:28 - DEBUG ITC: EMA9=317.50, EMA15=317.28, RSI=66.32
13:44:28 -        Bullish Crossover: False, Bearish: False
13:44:29 - DEBUG IDBI: EMA9=109.96, EMA15=109.87, RSI=65.76
13:44:29 -        Bullish Crossover: False, Bearish: False
13:44:29 - DEBUG TCS: EMA9=2688.67, EMA15=2688.24, RSI=49.38
13:44:29 -        Bullish Crossover: False, Bearish: False
13:44:30 - DEBUG RELIANCE: EMA9=1423.28, EMA15=1422.77, RSI=63.43
13:44:30 -        Bullish Crossover: False, Bearish: False
13:44:31 - DEBUG HDFCBANK: EMA9=926.69, EMA15=926.57, RSI=57.84
13:44:31 -        Bullish Crossover: False, Bearish: False
13:44:38 - DEBUG ITC: EMA9=317.49, EMA15=317.28, RSI=65.79
13:44:38 -        Bullish Crossover: False, Bearish: False
13:44:39 - DEBUG IDBI: EMA9=109.97, EMA15=109.88, RSI=66.92
13:44:39 -        Bullish Crossover: False, Bearish: False
13:44:40 - DEBUG TCS: EMA9=2688.77, EMA15=2688.31, RSI=50.18
13:44:40 -        Bullish Crossover: False, Bearish: False
13:44:40 - DEBUG RELIANCE: EMA9=1423.26, EMA15=1422.75, RSI=63.15
13:44:40 -        Bullish Crossover: False, Bearish: False
13:44:41 - DEBUG HDFCBANK: EMA9=926.62, EMA15=926.53, RSI=56.12
13:44:41 -        Bullish Crossover: False, Bearish: False
13:44:48 - DEBUG ITC: EMA9=317.48, EMA15=317.27, RSI=65.24
13:44:48 -        Bullish Crossover: False, Bearish: False
13:44:49 - DEBUG IDBI: EMA9=109.98, EMA15=109.89, RSI=67.78
13:44:49 -        Bullish Crossover: False, Bearish: False
13:44:50 - DEBUG TCS: EMA9=2688.75, EMA15=2688.29, RSI=50.02
13:44:50 -        Bullish Crossover: False, Bearish: False
13:44:51 - DEBUG RELIANCE: EMA9=1423.28, EMA15=1422.77, RSI=63.43
13:44:51 -        Bullish Crossover: False, Bearish: False
13:44:52 - DEBUG HDFCBANK: EMA9=926.60, EMA15=926.52, RSI=55.61
13:44:52 -        Bullish Crossover: False, Bearish: False
13:44:59 - DEBUG ITC: EMA9=317.46, EMA15=317.26, RSI=63.64
13:44:59 -        Bullish Crossover: False, Bearish: False
13:45:00 - DEBUG IDBI: EMA9=109.98, EMA15=109.89, RSI=67.78
13:45:00 -        Bullish Crossover: False, Bearish: False
13:45:01 - DEBUG TCS: EMA9=2688.57, EMA15=2688.18, RSI=48.61
13:45:01 -        Bullish Crossover: False, Bearish: False
13:45:01 - DEBUG RELIANCE: EMA9=1423.63, EMA15=1423.05, RSI=61.89
13:45:01 -        Bullish Crossover: False, Bearish: False
13:45:02 - DEBUG HDFCBANK: EMA9=926.60, EMA15=926.53, RSI=55.87
13:45:02 -        Bullish Crossover: False, Bearish: False
13:45:10 - DEBUG ITC: EMA9=317.56, EMA15=317.35, RSI=65.43
13:45:10 -        Bullish Crossover: False, Bearish: False
13:45:10 - DEBUG IDBI: EMA9=110.05, EMA15=109.94, RSI=67.78
13:45:10 -        Bullish Crossover: False, Bearish: False
13:45:11 - DEBUG TCS: EMA9=2688.43, EMA15=2688.15, RSI=50.12
13:45:11 -        Bullish Crossover: False, Bearish: False
13:45:12 - DEBUG RELIANCE: EMA9=1423.73, EMA15=1423.11, RSI=64.03
13:45:12 -        Bullish Crossover: False, Bearish: False
13:45:12 - DEBUG HDFCBANK: EMA9=926.65, EMA15=926.56, RSI=57.22
13:45:12 -        Bullish Crossover: False, Bearish: False
13:45:20 - DEBUG ITC: EMA9=317.56, EMA15=317.35, RSI=65.43
13:45:20 -        Bullish Crossover: False, Bearish: False
13:45:21 - DEBUG IDBI: EMA9=110.04, EMA15=109.94, RSI=66.84
13:45:21 -        Bullish Crossover: False, Bearish: False
13:45:21 - DEBUG TCS: EMA9=2688.47, EMA15=2688.17, RSI=50.45
13:45:21 -        Bullish Crossover: False, Bearish: False
13:45:22 - DEBUG RELIANCE: EMA9=1423.73, EMA15=1423.11, RSI=64.03
13:45:22 -        Bullish Crossover: False, Bearish: False
13:45:22 - DEBUG HDFCBANK: EMA9=926.64, EMA15=926.55, RSI=56.95
13:45:22 -        Bullish Crossover: False, Bearish: False
13:45:30 - DEBUG ITC: EMA9=317.53, EMA15=317.33, RSI=63.64
13:45:30 -        Bullish Crossover: False, Bearish: False
13:45:31 - DEBUG IDBI: EMA9=110.05, EMA15=109.94, RSI=68.23
13:45:31 -        Bullish Crossover: False, Bearish: False
13:45:31 - DEBUG TCS: EMA9=2688.53, EMA15=2688.21, RSI=50.93
13:45:31 -        Bullish Crossover: False, Bearish: False
13:45:32 - DEBUG RELIANCE: EMA9=1423.73, EMA15=1423.11, RSI=64.03
13:45:32 -        Bullish Crossover: False, Bearish: False
13:45:33 - DEBUG HDFCBANK: EMA9=926.65, EMA15=926.56, RSI=57.22
13:45:33 -        Bullish Crossover: False, Bearish: False
13:45:41 - DEBUG ITC: EMA9=317.53, EMA15=317.33, RSI=63.64
13:45:41 -        Bullish Crossover: False, Bearish: False
13:45:41 - DEBUG IDBI: EMA9=110.05, EMA15=109.94, RSI=68.23
13:45:41 -        Bullish Crossover: False, Bearish: False
13:45:42 - DEBUG TCS: EMA9=2688.47, EMA15=2688.17, RSI=50.45
13:45:42 -        Bullish Crossover: False, Bearish: False
13:45:43 - DEBUG RELIANCE: EMA9=1423.63, EMA15=1423.05, RSI=61.89
13:45:43 -        Bullish Crossover: False, Bearish: False
13:45:43 - DEBUG HDFCBANK: EMA9=926.59, EMA15=926.52, RSI=55.52
13:45:43 -        Bullish Crossover: False, Bearish: False
13:45:51 - DEBUG ITC: EMA9=317.56, EMA15=317.35, RSI=65.43
13:45:51 -        Bullish Crossover: False, Bearish: False
13:45:52 - DEBUG IDBI: EMA9=110.05, EMA15=109.94, RSI=68.45
13:45:52 -        Bullish Crossover: False, Bearish: False
13:45:52 - DEBUG TCS: EMA9=2688.43, EMA15=2688.15, RSI=50.12
13:45:52 -        Bullish Crossover: False, Bearish: False
13:45:53 - DEBUG RELIANCE: EMA9=1423.71, EMA15=1423.10, RSI=63.73
13:45:53 -        Bullish Crossover: False, Bearish: False
13:45:54 - DEBUG HDFCBANK: EMA9=926.52, EMA15=926.48, RSI=53.19
13:45:54 -        Bullish Crossover: False, Bearish: False
13:46:01 - DEBUG ITC: EMA9=317.53, EMA15=317.33, RSI=63.64
13:46:01 -        Bullish Crossover: False, Bearish: False
13:46:02 - DEBUG IDBI: EMA9=110.04, EMA15=109.94, RSI=66.84
13:46:02 -        Bullish Crossover: False, Bearish: False
13:46:03 - DEBUG TCS: EMA9=2688.45, EMA15=2688.16, RSI=50.29
13:46:03 -        Bullish Crossover: False, Bearish: False
13:46:03 - DEBUG RELIANCE: EMA9=1423.71, EMA15=1423.10, RSI=63.73
13:46:03 -        Bullish Crossover: False, Bearish: False
13:46:04 - DEBUG HDFCBANK: EMA9=926.51, EMA15=926.47, RSI=52.87
13:46:04 -        Bullish Crossover: False, Bearish: False
13:46:12 - DEBUG ITC: EMA9=317.52, EMA15=317.32, RSI=62.56
13:46:12 -        Bullish Crossover: False, Bearish: False
13:46:12 - DEBUG IDBI: EMA9=110.06, EMA15=109.95, RSI=69.51
13:46:12 -        Bullish Crossover: False, Bearish: False
13:46:13 - DEBUG TCS: EMA9=2688.51, EMA15=2688.20, RSI=50.77
13:46:13 -        Bullish Crossover: False, Bearish: False
13:46:14 - DEBUG RELIANCE: EMA9=1423.73, EMA15=1423.11, RSI=64.03
13:46:14 -        Bullish Crossover: False, Bearish: False
13:46:14 - DEBUG HDFCBANK: EMA9=926.51, EMA15=926.47, RSI=52.87
13:46:14 -        Bullish Crossover: False, Bearish: False
13:46:22 - DEBUG ITC: EMA9=317.53, EMA15=317.33, RSI=63.64
13:46:22 -        Bullish Crossover: False, Bearish: False
13:46:23 - DEBUG IDBI: EMA9=110.09, EMA15=109.97, RSI=72.29
13:46:23 -        Bullish Crossover: False, Bearish: False
13:46:23 - DEBUG TCS: EMA9=2688.45, EMA15=2688.16, RSI=50.29
13:46:23 -        Bullish Crossover: False, Bearish: False
13:46:24 - DEBUG RELIANCE: EMA9=1423.79, EMA15=1423.15, RSI=64.89
13:46:24 -        Bullish Crossover: False, Bearish: False
13:46:25 - DEBUG HDFCBANK: EMA9=926.53, EMA15=926.48, RSI=53.51
13:46:25 -        Bullish Crossover: False, Bearish: False
13:46:32 - DEBUG ITC: EMA9=317.53, EMA15=317.33, RSI=63.64
13:46:32 -        Bullish Crossover: False, Bearish: False
13:46:33 - DEBUG IDBI: EMA9=110.09, EMA15=109.97, RSI=72.12
13:46:33 -        Bullish Crossover: False, Bearish: False
13:46:34 - DEBUG TCS: EMA9=2688.55, EMA15=2688.22, RSI=51.08
13:46:34 -        Bullish Crossover: False, Bearish: False
13:46:35 - DEBUG RELIANCE: EMA9=1423.75, EMA15=1423.12, RSI=64.32
13:46:35 -        Bullish Crossover: False, Bearish: False
13:46:35 - DEBUG HDFCBANK: EMA9=926.48, EMA15=926.45, RSI=51.94
13:46:35 -        Bullish Crossover: False, Bearish: False
13:46:43 - DEBUG ITC: EMA9=317.55, EMA15=317.34, RSI=64.85
13:46:43 -        Bullish Crossover: False, Bearish: False
13:46:44 - DEBUG IDBI: EMA9=110.12, EMA15=109.99, RSI=74.32
13:46:44 -        Bullish Crossover: False, Bearish: False
13:46:45 - DEBUG TCS: EMA9=2688.57, EMA15=2688.23, RSI=51.24
13:46:45 -        Bullish Crossover: False, Bearish: False
13:46:45 - DEBUG RELIANCE: EMA9=1423.73, EMA15=1423.11, RSI=64.03
13:46:45 -        Bullish Crossover: False, Bearish: False
13:46:46 - DEBUG HDFCBANK: EMA9=926.47, EMA15=926.44, RSI=51.64
13:46:46 -        Bullish Crossover: False, Bearish: False
13:46:54 - DEBUG ITC: EMA9=317.54, EMA15=317.33, RSI=64.25
13:46:54 -        Bullish Crossover: False, Bearish: False
13:46:54 - DEBUG IDBI: EMA9=110.11, EMA15=109.98, RSI=73.72
13:46:54 -        Bullish Crossover: False, Bearish: False
13:46:55 - DEBUG TCS: EMA9=2688.53, EMA15=2688.21, RSI=50.93
13:46:55 -        Bullish Crossover: False, Bearish: False
13:46:56 - DEBUG RELIANCE: EMA9=1423.81, EMA15=1423.16, RSI=65.17
13:46:56 -        Bullish Crossover: False, Bearish: False
13:46:57 - DEBUG HDFCBANK: EMA9=926.44, EMA15=926.43, RSI=50.75
13:46:57 -        Bullish Crossover: False, Bearish: False
13:47:04 - DEBUG ITC: EMA9=317.54, EMA15=317.33, RSI=64.25
13:47:04 -        Bullish Crossover: False, Bearish: False
13:47:04 - DEBUG IDBI: EMA9=110.11, EMA15=109.98, RSI=73.72
13:47:04 -        Bullish Crossover: False, Bearish: False
13:47:05 - DEBUG TCS: EMA9=2688.55, EMA15=2688.22, RSI=51.08
13:47:05 -        Bullish Crossover: False, Bearish: False
13:47:06 - DEBUG RELIANCE: EMA9=1423.75, EMA15=1423.12, RSI=64.32
13:47:06 -        Bullish Crossover: False, Bearish: False
13:47:06 - DEBUG HDFCBANK: EMA9=926.35, EMA15=926.37, RSI=48.26
13:47:06 -        Bullish Crossover: False, Bearish: True
13:47:14 - DEBUG ITC: EMA9=317.52, EMA15=317.32, RSI=62.56
13:47:14 -        Bullish Crossover: False, Bearish: False
13:47:15 - DEBUG IDBI: EMA9=110.11, EMA15=109.98, RSI=73.87
13:47:15 -        Bullish Crossover: False, Bearish: False
13:47:16 - DEBUG TCS: EMA9=2688.49, EMA15=2688.18, RSI=50.61
13:47:16 -        Bullish Crossover: False, Bearish: False
13:47:16 - DEBUG RELIANCE: EMA9=1423.75, EMA15=1423.12, RSI=64.32
13:47:16 -        Bullish Crossover: False, Bearish: False
13:47:17 - DEBUG HDFCBANK: EMA9=926.43, EMA15=926.42, RSI=50.46
13:47:17 -        Bullish Crossover: False, Bearish: False
13:47:25 - DEBUG ITC: EMA9=317.54, EMA15=317.33, RSI=64.25
13:47:25 -        Bullish Crossover: False, Bearish: False
13:47:25 - DEBUG IDBI: EMA9=110.10, EMA15=109.98, RSI=73.10
13:47:25 -        Bullish Crossover: False, Bearish: False
13:47:26 - DEBUG TCS: EMA9=2688.49, EMA15=2688.18, RSI=50.61
13:47:26 -        Bullish Crossover: False, Bearish: False
13:47:26 - DEBUG RELIANCE: EMA9=1423.81, EMA15=1423.16, RSI=65.17
13:47:26 -        Bullish Crossover: False, Bearish: False
13:47:27 - DEBUG HDFCBANK: EMA9=926.39, EMA15=926.39, RSI=49.34
13:47:27 -        Bullish Crossover: False, Bearish: True
13:47:35 - DEBUG ITC: EMA9=317.54, EMA15=317.33, RSI=64.25
13:47:35 -        Bullish Crossover: False, Bearish: False
13:47:35 - DEBUG IDBI: EMA9=110.11, EMA15=109.98, RSI=73.87
13:47:35 -        Bullish Crossover: False, Bearish: False
13:47:36 - DEBUG TCS: EMA9=2688.67, EMA15=2688.30, RSI=52.01
13:47:36 -        Bullish Crossover: False, Bearish: False
13:47:36 - DEBUG RELIANCE: EMA9=1423.81, EMA15=1423.16, RSI=65.17
13:47:36 -        Bullish Crossover: False, Bearish: False
13:47:37 - DEBUG HDFCBANK: EMA9=926.43, EMA15=926.42, RSI=50.46
13:47:37 -        Bullish Crossover: False, Bearish: False
13:47:45 - DEBUG ITC: EMA9=317.52, EMA15=317.32, RSI=62.56
13:47:45 -        Bullish Crossover: False, Bearish: False
13:47:45 - DEBUG IDBI: EMA9=110.13, EMA15=109.99, RSI=75.02
13:47:45 -        Bullish Crossover: False, Bearish: False
13:47:46 - DEBUG TCS: EMA9=2688.63, EMA15=2688.27, RSI=51.70
13:47:46 -        Bullish Crossover: False, Bearish: False
13:47:46 - DEBUG RELIANCE: EMA9=1423.83, EMA15=1423.17, RSI=65.44
13:47:46 -        Bullish Crossover: False, Bearish: False
13:47:47 - DEBUG HDFCBANK: EMA9=926.41, EMA15=926.41, RSI=49.89
13:47:47 -        Bullish Crossover: False, Bearish: False
13:47:55 - DEBUG ITC: EMA9=317.54, EMA15=317.33, RSI=64.25
13:47:55 -        Bullish Crossover: False, Bearish: False
13:47:55 - DEBUG IDBI: EMA9=110.12, EMA15=109.99, RSI=74.46
13:47:55 -        Bullish Crossover: False, Bearish: False
13:47:56 - DEBUG TCS: EMA9=2688.67, EMA15=2688.30, RSI=52.01
13:47:56 -        Bullish Crossover: False, Bearish: False
13:47:57 - DEBUG RELIANCE: EMA9=1423.75, EMA15=1423.12, RSI=64.32
13:47:57 -        Bullish Crossover: False, Bearish: False
13:47:58 - DEBUG HDFCBANK: EMA9=926.42, EMA15=926.41, RSI=50.18
13:47:58 -        Bullish Crossover: False, Bearish: False
13:48:05 - DEBUG ITC: EMA9=317.54, EMA15=317.33, RSI=64.25
13:48:05 -        Bullish Crossover: False, Bearish: False
13:48:06 - DEBUG IDBI: EMA9=110.12, EMA15=109.99, RSI=74.60
13:48:06 -        Bullish Crossover: False, Bearish: False
13:48:07 - DEBUG TCS: EMA9=2688.83, EMA15=2688.40, RSI=53.18
13:48:07 -        Bullish Crossover: False, Bearish: False
13:48:07 - DEBUG RELIANCE: EMA9=1423.81, EMA15=1423.16, RSI=65.17
13:48:07 -        Bullish Crossover: False, Bearish: False
13:48:08 - DEBUG HDFCBANK: EMA9=926.43, EMA15=926.42, RSI=50.46
13:48:08 -        Bullish Crossover: False, Bearish: False
13:48:16 - DEBUG ITC: EMA9=317.53, EMA15=317.33, RSI=63.64
13:48:16 -        Bullish Crossover: False, Bearish: False
13:48:16 - DEBUG IDBI: EMA9=110.10, EMA15=109.98, RSI=73.10
13:48:16 -        Bullish Crossover: False, Bearish: False
13:48:17 - DEBUG TCS: EMA9=2688.65, EMA15=2688.28, RSI=51.85
13:48:17 -        Bullish Crossover: False, Bearish: False
13:48:18 - DEBUG RELIANCE: EMA9=1423.77, EMA15=1423.13, RSI=64.61
13:48:18 -        Bullish Crossover: False, Bearish: False
13:48:18 - DEBUG HDFCBANK: EMA9=926.43, EMA15=926.42, RSI=50.46
13:48:18 -        Bullish Crossover: False, Bearish: False
13:48:26 - DEBUG ITC: EMA9=317.53, EMA15=317.33, RSI=63.64
13:48:26 -        Bullish Crossover: False, Bearish: False
13:48:27 - DEBUG IDBI: EMA9=110.10, EMA15=109.98, RSI=73.10
13:48:27 -        Bullish Crossover: False, Bearish: False
13:48:27 - DEBUG TCS: EMA9=2688.67, EMA15=2688.30, RSI=52.01
13:48:27 -        Bullish Crossover: False, Bearish: False
13:48:28 - DEBUG RELIANCE: EMA9=1423.63, EMA15=1423.05, RSI=61.89
13:48:28 -        Bullish Crossover: False, Bearish: False
13:48:29 - DEBUG HDFCBANK: EMA9=926.42, EMA15=926.41, RSI=50.18
13:48:29 -        Bullish Crossover: False, Bearish: False
13:48:37 - DEBUG ITC: EMA9=317.52, EMA15=317.32, RSI=62.56
13:48:37 -        Bullish Crossover: False, Bearish: False
13:48:37 - DEBUG IDBI: EMA9=110.09, EMA15=109.96, RSI=71.60
13:48:37 -        Bullish Crossover: False, Bearish: False
13:48:38 - DEBUG TCS: EMA9=2688.55, EMA15=2688.22, RSI=51.08
13:48:38 -        Bullish Crossover: False, Bearish: False
13:48:39 - DEBUG RELIANCE: EMA9=1423.77, EMA15=1423.13, RSI=64.61
13:48:39 -        Bullish Crossover: False, Bearish: False
13:48:39 - DEBUG HDFCBANK: EMA9=926.45, EMA15=926.43, RSI=51.04
13:48:39 -        Bullish Crossover: False, Bearish: False
13:48:47 - DEBUG ITC: EMA9=317.49, EMA15=317.30, RSI=59.52
13:48:47 -        Bullish Crossover: False, Bearish: False
13:48:48 - DEBUG IDBI: EMA9=110.09, EMA15=109.96, RSI=71.60
13:48:48 -        Bullish Crossover: False, Bearish: False
13:48:48 - DEBUG TCS: EMA9=2688.61, EMA15=2688.26, RSI=51.55
13:48:48 -        Bullish Crossover: False, Bearish: False
13:48:49 - DEBUG RELIANCE: EMA9=1423.83, EMA15=1423.17, RSI=65.44
13:48:49 -        Bullish Crossover: False, Bearish: False
13:48:50 - DEBUG HDFCBANK: EMA9=926.44, EMA15=926.43, RSI=50.75
13:48:50 -        Bullish Crossover: False, Bearish: False
13:48:58 - DEBUG ITC: EMA9=317.52, EMA15=317.32, RSI=62.56
13:48:58 -        Bullish Crossover: False, Bearish: False
13:48:59 - DEBUG IDBI: EMA9=110.09, EMA15=109.96, RSI=71.60
13:48:59 -        Bullish Crossover: False, Bearish: False
13:48:59 - DEBUG TCS: EMA9=2688.61, EMA15=2688.26, RSI=51.55
13:48:59 -        Bullish Crossover: False, Bearish: False
13:49:00 - DEBUG RELIANCE: EMA9=1423.77, EMA15=1423.13, RSI=64.61
13:49:00 -        Bullish Crossover: False, Bearish: False
13:49:01 - DEBUG HDFCBANK: EMA9=926.45, EMA15=926.43, RSI=51.04
13:49:01 -        Bullish Crossover: False, Bearish: False
13:49:09 - DEBUG ITC: EMA9=317.53, EMA15=317.33, RSI=63.64
13:49:09 -        Bullish Crossover: False, Bearish: False
13:49:09 - DEBUG IDBI: EMA9=110.09, EMA15=109.97, RSI=71.95
13:49:09 -        Bullish Crossover: False, Bearish: False
13:49:10 - DEBUG TCS: EMA9=2688.65, EMA15=2688.28, RSI=51.85
13:49:10 -        Bullish Crossover: False, Bearish: False
13:49:11 - DEBUG RELIANCE: EMA9=1423.83, EMA15=1423.17, RSI=65.44
13:49:11 -        Bullish Crossover: False, Bearish: False
13:49:11 - DEBUG HDFCBANK: EMA9=926.48, EMA15=926.45, RSI=51.94
13:49:11 -        Bullish Crossover: False, Bearish: False
13:49:19 - DEBUG ITC: EMA9=317.53, EMA15=317.33, RSI=63.64
13:49:19 -        Bullish Crossover: False, Bearish: False
13:49:20 - DEBUG IDBI: EMA9=110.09, EMA15=109.97, RSI=71.95
13:49:20 -        Bullish Crossover: False, Bearish: False
13:49:20 - DEBUG TCS: EMA9=2688.61, EMA15=2688.26, RSI=51.55
13:49:20 -        Bullish Crossover: False, Bearish: False
13:49:21 - DEBUG RELIANCE: EMA9=1423.83, EMA15=1423.17, RSI=65.44
13:49:21 -        Bullish Crossover: False, Bearish: False
13:49:22 - DEBUG HDFCBANK: EMA9=926.48, EMA15=926.45, RSI=51.94
13:49:22 -        Bullish Crossover: False, Bearish: False
13:49:29 - DEBUG ITC: EMA9=317.52, EMA15=317.32, RSI=62.56
13:49:29 -        Bullish Crossover: False, Bearish: False
13:49:30 - Bot stopped by user
13:49:30 - Fatal error: 'TelegramNotifier' object has no attribute 'daily_summary'
13:50:54 - Dhan.py System Started
13:50:54 - System Started
13:50:57 - Connected. Balance: 25135.57
13:50:58 - Excel initialized successfully
13:50:59 - Bot started. Press Ctrl+C to stop.
13:51:00 - DEBUG ITC: EMA9=317.59, EMA15=317.39, Diff=0.20, RSI=63.88
13:51:00 -        Bullish: False, Bearish: False
13:51:01 - DEBUG BEL: EMA9=435.33, EMA15=435.27, Diff=0.06, RSI=53.46
13:51:01 -        Bullish: False, Bearish: False
13:51:01 - DEBUG IDBI: EMA9=110.19, EMA15=110.04, Diff=0.15, RSI=73.39
13:51:01 -        Bullish: False, Bearish: False
13:51:02 - DEBUG TCS: EMA9=2688.94, EMA15=2688.51, Diff=0.43, RSI=53.59
13:51:02 -        Bullish: False, Bearish: False
13:51:02 - DEBUG RELIANCE: EMA9=1424.24, EMA15=1423.51, Diff=0.73, RSI=65.47
13:51:02 -        Bullish: False, Bearish: False
13:51:03 - DEBUG HDFCBANK: EMA9=926.30, EMA15=926.34, Diff=-0.04, RSI=51.93
13:51:03 -        Bullish: False, Bearish: False
13:51:09 - DEBUG ITC: EMA9=317.59, EMA15=317.39, Diff=0.20, RSI=63.88
13:51:09 -        Bullish: False, Bearish: False
13:51:10 - DEBUG BEL: EMA9=435.34, EMA15=435.28, Diff=0.07, RSI=53.99
13:51:10 -        Bullish: False, Bearish: False
13:51:10 - DEBUG IDBI: EMA9=110.18, EMA15=110.04, Diff=0.14, RSI=72.53
13:51:10 -        Bullish: False, Bearish: False
13:51:11 - DEBUG TCS: EMA9=2688.66, EMA15=2688.34, Diff=0.33, RSI=51.33
13:51:11 -        Bullish: False, Bearish: False
13:51:11 - DEBUG RELIANCE: EMA9=1424.24, EMA15=1423.51, Diff=0.73, RSI=65.47
13:51:11 -        Bullish: False, Bearish: False
13:51:12 - DEBUG HDFCBANK: EMA9=926.30, EMA15=926.34, Diff=-0.04, RSI=51.93
13:51:12 -        Bullish: False, Bearish: False
13:51:19 - DEBUG ITC: EMA9=317.57, EMA15=317.37, Diff=0.19, RSI=62.56
13:51:19 -        Bullish: False, Bearish: False
13:51:19 - DEBUG BEL: EMA9=435.35, EMA15=435.28, Diff=0.07, RSI=54.45
13:51:19 -        Bullish: False, Bearish: False
13:51:20 - DEBUG IDBI: EMA9=110.19, EMA15=110.04, Diff=0.14, RSI=73.23
13:51:20 -        Bullish: False, Bearish: False
13:51:21 - DEBUG TCS: EMA9=2688.86, EMA15=2688.46, Diff=0.40, RSI=52.97
13:51:21 -        Bullish: False, Bearish: False
13:51:21 - DEBUG RELIANCE: EMA9=1424.26, EMA15=1423.53, Diff=0.74, RSI=65.75
13:51:21 -        Bullish: False, Bearish: False
13:51:22 - DEBUG HDFCBANK: EMA9=926.30, EMA15=926.34, Diff=-0.04, RSI=51.93
13:51:22 -        Bullish: False, Bearish: False
13:51:29 - DEBUG ITC: EMA9=317.57, EMA15=317.37, Diff=0.19, RSI=62.56
13:51:29 -        Bullish: False, Bearish: False
13:51:30 - DEBUG BEL: EMA9=435.35, EMA15=435.28, Diff=0.07, RSI=54.45
13:51:30 -        Bullish: False, Bearish: False
13:51:30 - DEBUG IDBI: EMA9=110.19, EMA15=110.04, Diff=0.14, RSI=73.23
13:51:30 -        Bullish: False, Bearish: False
13:51:31 - DEBUG TCS: EMA9=2688.74, EMA15=2688.39, Diff=0.36, RSI=52.02
13:51:31 -        Bullish: False, Bearish: False
13:51:32 - DEBUG RELIANCE: EMA9=1424.20, EMA15=1423.49, Diff=0.72, RSI=64.62
13:51:32 -        Bullish: False, Bearish: False
13:51:32 - DEBUG HDFCBANK: EMA9=926.24, EMA15=926.30, Diff=-0.06, RSI=50.23
13:51:32 -        Bullish: False, Bearish: False
13:51:40 - DEBUG ITC: EMA9=317.58, EMA15=317.38, Diff=0.20, RSI=63.23
13:51:40 -        Bullish: False, Bearish: False
13:51:40 - DEBUG BEL: EMA9=435.34, EMA15=435.28, Diff=0.07, RSI=53.99
13:51:40 -        Bullish: False, Bearish: False
13:51:41 - DEBUG IDBI: EMA9=110.18, EMA15=110.04, Diff=0.14, RSI=73.06
13:51:41 -        Bullish: False, Bearish: False
13:51:42 - DEBUG TCS: EMA9=2688.62, EMA15=2688.31, Diff=0.31, RSI=50.99
13:51:42 -        Bullish: False, Bearish: False
13:51:42 - DEBUG RELIANCE: EMA9=1424.16, EMA15=1423.46, Diff=0.70, RSI=63.54
13:51:42 -        Bullish: False, Bearish: False
13:51:43 - DEBUG HDFCBANK: EMA9=926.25, EMA15=926.31, Diff=-0.06, RSI=50.52
13:51:43 -        Bullish: False, Bearish: False
13:51:50 - DEBUG ITC: EMA9=317.56, EMA15=317.37, Diff=0.19, RSI=61.43
13:51:50 -        Bullish: False, Bearish: False
13:51:51 - DEBUG BEL: EMA9=435.34, EMA15=435.28, Diff=0.07, RSI=53.99
13:51:51 -        Bullish: False, Bearish: False
13:51:51 - DEBUG IDBI: EMA9=110.18, EMA15=110.04, Diff=0.14, RSI=73.06
13:51:51 -        Bullish: False, Bearish: False
13:51:52 - DEBUG TCS: EMA9=2688.70, EMA15=2688.36, Diff=0.34, RSI=51.68
13:51:52 -        Bullish: False, Bearish: False
13:51:52 - DEBUG RELIANCE: EMA9=1424.22, EMA15=1423.50, Diff=0.72, RSI=65.17
13:51:52 -        Bullish: False, Bearish: False
13:51:53 - DEBUG HDFCBANK: EMA9=926.27, EMA15=926.32, Diff=-0.05, RSI=51.10
13:51:53 -        Bullish: False, Bearish: False
13:52:00 - DEBUG ITC: EMA9=317.58, EMA15=317.38, Diff=0.20, RSI=63.23
13:52:00 -        Bullish: False, Bearish: False
13:52:01 - DEBUG BEL: EMA9=435.34, EMA15=435.28, Diff=0.07, RSI=53.99
13:52:01 -        Bullish: False, Bearish: False
13:52:01 - DEBUG IDBI: EMA9=110.19, EMA15=110.04, Diff=0.14, RSI=73.23
13:52:01 -        Bullish: False, Bearish: False
13:52:02 - DEBUG TCS: EMA9=2688.92, EMA15=2688.50, Diff=0.42, RSI=53.44
13:52:02 -        Bullish: False, Bearish: False
13:52:03 - DEBUG RELIANCE: EMA9=1424.12, EMA15=1423.44, Diff=0.69, RSI=62.50
13:52:03 -        Bullish: False, Bearish: False
13:52:04 - DEBUG HDFCBANK: EMA9=926.26, EMA15=926.31, Diff=-0.05, RSI=50.81
13:52:04 -        Bullish: False, Bearish: False
13:52:11 - DEBUG ITC: EMA9=317.56, EMA15=317.37, Diff=0.19, RSI=61.43
13:52:11 -        Bullish: False, Bearish: False
13:52:11 - DEBUG BEL: EMA9=435.36, EMA15=435.29, Diff=0.08, RSI=54.89
13:52:11 -        Bullish: False, Bearish: False
13:52:12 - DEBUG IDBI: EMA9=110.19, EMA15=110.04, Diff=0.14, RSI=73.23
13:52:12 -        Bullish: False, Bearish: False
13:52:13 - DEBUG TCS: EMA9=2688.80, EMA15=2688.42, Diff=0.38, RSI=52.50
13:52:13 -        Bullish: False, Bearish: False
13:52:14 - DEBUG RELIANCE: EMA9=1424.08, EMA15=1423.41, Diff=0.67, RSI=61.50
13:52:14 -        Bullish: False, Bearish: False
13:52:14 - DEBUG HDFCBANK: EMA9=926.27, EMA15=926.32, Diff=-0.05, RSI=51.10
13:52:14 -        Bullish: False, Bearish: False
13:52:21 - DEBUG ITC: EMA9=317.55, EMA15=317.36, Diff=0.18, RSI=60.35
13:52:21 -        Bullish: False, Bearish: False
13:52:22 - DEBUG BEL: EMA9=435.33, EMA15=435.27, Diff=0.06, RSI=53.46
13:52:22 -        Bullish: False, Bearish: False
13:52:23 - DEBUG IDBI: EMA9=110.19, EMA15=110.05, Diff=0.15, RSI=73.72
13:52:23 -        Bullish: False, Bearish: False
13:52:23 - DEBUG TCS: EMA9=2688.86, EMA15=2688.46, Diff=0.40, RSI=52.97
13:52:23 -        Bullish: False, Bearish: False
13:52:24 - DEBUG RELIANCE: EMA9=1424.16, EMA15=1423.46, Diff=0.70, RSI=63.54
13:52:24 -        Bullish: False, Bearish: False
13:52:25 - DEBUG HDFCBANK: EMA9=926.21, EMA15=926.28, Diff=-0.07, RSI=49.34
13:52:25 -        Bullish: False, Bearish: False
13:52:32 - DEBUG ITC: EMA9=317.57, EMA15=317.37, Diff=0.19, RSI=62.56
13:52:32 -        Bullish: False, Bearish: False
13:52:32 - DEBUG BEL: EMA9=435.32, EMA15=435.26, Diff=0.06, RSI=52.94
13:52:32 -        Bullish: False, Bearish: False
13:52:33 - DEBUG IDBI: EMA9=110.18, EMA15=110.04, Diff=0.14, RSI=73.06
13:52:33 -        Bullish: False, Bearish: False
13:52:33 - DEBUG TCS: EMA9=2688.82, EMA15=2688.44, Diff=0.39, RSI=52.66
13:52:33 -        Bullish: False, Bearish: False
13:52:34 - DEBUG RELIANCE: EMA9=1423.98, EMA15=1423.35, Diff=0.63, RSI=59.12
13:52:34 -        Bullish: False, Bearish: False
13:52:35 - DEBUG HDFCBANK: EMA9=926.19, EMA15=926.27, Diff=-0.08, RSI=48.75
13:52:35 -        Bullish: False, Bearish: False
13:52:42 - DEBUG ITC: EMA9=317.57, EMA15=317.37, Diff=0.19, RSI=62.56
13:52:42 -        Bullish: False, Bearish: False
13:52:43 - DEBUG BEL: EMA9=435.33, EMA15=435.27, Diff=0.06, RSI=53.46
13:52:43 -        Bullish: False, Bearish: False
13:52:43 - DEBUG IDBI: EMA9=110.18, EMA15=110.04, Diff=0.14, RSI=72.88
13:52:43 -        Bullish: False, Bearish: False
13:52:44 - DEBUG TCS: EMA9=2688.64, EMA15=2688.32, Diff=0.32, RSI=51.16
13:52:44 -        Bullish: False, Bearish: False
13:52:44 - DEBUG RELIANCE: EMA9=1423.88, EMA15=1423.29, Diff=0.60, RSI=56.92
13:52:44 -        Bullish: False, Bearish: False
13:52:45 - DEBUG HDFCBANK: EMA9=926.18, EMA15=926.26, Diff=-0.08, RSI=48.47
13:52:45 -        Bullish: False, Bearish: False
13:52:52 - DEBUG ITC: EMA9=317.57, EMA15=317.37, Diff=0.19, RSI=62.56
13:52:52 -        Bullish: False, Bearish: False
13:52:53 - DEBUG BEL: EMA9=435.33, EMA15=435.27, Diff=0.06, RSI=53.46
13:52:53 -        Bullish: False, Bearish: False
13:52:53 - DEBUG IDBI: EMA9=110.17, EMA15=110.03, Diff=0.14, RSI=71.80
13:52:53 -        Bullish: False, Bearish: False
13:52:54 - DEBUG TCS: EMA9=2688.80, EMA15=2688.42, Diff=0.38, RSI=52.50
13:52:54 -        Bullish: False, Bearish: False
13:52:55 - DEBUG RELIANCE: EMA9=1423.90, EMA15=1423.30, Diff=0.60, RSI=57.34
13:52:55 -        Bullish: False, Bearish: False
13:52:55 - DEBUG HDFCBANK: EMA9=926.19, EMA15=926.27, Diff=-0.08, RSI=48.75
13:52:55 -        Bullish: False, Bearish: False
13:53:02 - DEBUG ITC: EMA9=317.53, EMA15=317.35, Diff=0.18, RSI=58.29
13:53:02 -        Bullish: False, Bearish: False
13:53:03 - DEBUG BEL: EMA9=435.34, EMA15=435.28, Diff=0.07, RSI=53.99
13:53:03 -        Bullish: False, Bearish: False
13:53:04 - DEBUG IDBI: EMA9=110.17, EMA15=110.03, Diff=0.14, RSI=71.61
13:53:04 -        Bullish: False, Bearish: False
13:53:04 - DEBUG TCS: EMA9=2688.82, EMA15=2688.44, Diff=0.39, RSI=52.66
13:53:04 -        Bullish: False, Bearish: False
13:53:05 - DEBUG RELIANCE: EMA9=1423.88, EMA15=1423.29, Diff=0.60, RSI=56.92
13:53:05 -        Bullish: False, Bearish: False
13:53:06 - DEBUG HDFCBANK: EMA9=926.21, EMA15=926.28, Diff=-0.07, RSI=49.34
13:53:06 -        Bullish: False, Bearish: False
13:53:13 - DEBUG ITC: EMA9=317.57, EMA15=317.37, Diff=0.19, RSI=62.56
13:53:13 -        Bullish: False, Bearish: False
13:53:14 - DEBUG BEL: EMA9=435.36, EMA15=435.29, Diff=0.08, RSI=54.89
13:53:14 -        Bullish: False, Bearish: False
13:53:14 - DEBUG IDBI: EMA9=110.17, EMA15=110.03, Diff=0.14, RSI=71.61
13:53:14 -        Bullish: False, Bearish: False
13:53:15 - DEBUG TCS: EMA9=2688.94, EMA15=2688.51, Diff=0.43, RSI=53.59
13:53:15 -        Bullish: False, Bearish: False
13:53:16 - DEBUG RELIANCE: EMA9=1423.94, EMA15=1423.33, Diff=0.62, RSI=58.22
13:53:16 -        Bullish: False, Bearish: False
13:53:16 - DEBUG HDFCBANK: EMA9=926.22, EMA15=926.29, Diff=-0.07, RSI=49.64
13:53:16 -        Bullish: False, Bearish: False
13:53:23 - DEBUG ITC: EMA9=317.57, EMA15=317.37, Diff=0.19, RSI=62.56
13:53:23 -        Bullish: False, Bearish: False
13:53:24 - DEBUG BEL: EMA9=435.36, EMA15=435.29, Diff=0.08, RSI=54.89
13:53:24 -        Bullish: False, Bearish: False
13:53:24 - DEBUG IDBI: EMA9=110.17, EMA15=110.03, Diff=0.14, RSI=71.80
13:53:24 -        Bullish: False, Bearish: False
13:53:25 - DEBUG TCS: EMA9=2689.04, EMA15=2688.57, Diff=0.47, RSI=54.34
13:53:25 -        Bullish: False, Bearish: False
13:53:26 - DEBUG RELIANCE: EMA9=1423.94, EMA15=1423.33, Diff=0.62, RSI=58.22
13:53:26 -        Bullish: False, Bearish: False
13:53:26 - DEBUG HDFCBANK: EMA9=926.22, EMA15=926.29, Diff=-0.07, RSI=49.64
13:53:26 -        Bullish: False, Bearish: False
13:53:33 - DEBUG ITC: EMA9=317.57, EMA15=317.37, Diff=0.19, RSI=62.56
13:53:33 -        Bullish: False, Bearish: False
13:53:34 - DEBUG BEL: EMA9=435.38, EMA15=435.30, Diff=0.08, RSI=55.75
13:53:34 -        Bullish: False, Bearish: False
13:53:35 - DEBUG IDBI: EMA9=110.17, EMA15=110.03, Diff=0.14, RSI=71.80
13:53:35 -        Bullish: False, Bearish: False
13:53:36 - DEBUG TCS: EMA9=2689.10, EMA15=2688.61, Diff=0.49, RSI=54.77
13:53:36 -        Bullish: False, Bearish: False
13:53:36 - DEBUG RELIANCE: EMA9=1423.94, EMA15=1423.33, Diff=0.62, RSI=58.22
13:53:36 -        Bullish: False, Bearish: False
13:53:37 - DEBUG HDFCBANK: EMA9=926.24, EMA15=926.30, Diff=-0.06, RSI=50.23
13:53:37 -        Bullish: False, Bearish: False
13:53:44 - DEBUG ITC: EMA9=317.58, EMA15=317.38, Diff=0.20, RSI=63.23
13:53:44 -        Bullish: False, Bearish: False
13:53:45 - DEBUG BEL: EMA9=435.38, EMA15=435.30, Diff=0.08, RSI=55.75
13:53:45 -        Bullish: False, Bearish: False
13:53:46 - DEBUG IDBI: EMA9=110.19, EMA15=110.04, Diff=0.14, RSI=73.23
13:53:46 -        Bullish: False, Bearish: False
13:53:46 - DEBUG TCS: EMA9=2689.12, EMA15=2688.62, Diff=0.50, RSI=54.92
13:53:46 -        Bullish: False, Bearish: False
13:53:47 - DEBUG RELIANCE: EMA9=1423.80, EMA15=1423.24, Diff=0.57, RSI=55.27
13:53:47 -        Bullish: False, Bearish: False
13:53:48 - DEBUG HDFCBANK: EMA9=926.24, EMA15=926.30, Diff=-0.06, RSI=50.23
13:53:48 -        Bullish: False, Bearish: False
13:53:54 - DEBUG ITC: EMA9=317.56, EMA15=317.37, Diff=0.19, RSI=61.43
13:53:54 -        Bullish: False, Bearish: False
13:53:55 - DEBUG BEL: EMA9=435.37, EMA15=435.29, Diff=0.08, RSI=55.33
13:53:55 -        Bullish: False, Bearish: False
13:53:55 - DEBUG IDBI: EMA9=110.18, EMA15=110.04, Diff=0.14, RSI=72.71
13:53:55 -        Bullish: False, Bearish: False
13:53:56 - DEBUG TCS: EMA9=2689.12, EMA15=2688.62, Diff=0.50, RSI=54.92
13:53:56 -        Bullish: False, Bearish: False
13:53:57 - DEBUG RELIANCE: EMA9=1423.90, EMA15=1423.30, Diff=0.60, RSI=57.34
13:53:57 -        Bullish: False, Bearish: False
13:53:57 - DEBUG HDFCBANK: EMA9=926.13, EMA15=926.23, Diff=-0.10, RSI=47.08
13:53:57 -        Bullish: False, Bearish: False
13:54:04 - DEBUG ITC: EMA9=317.57, EMA15=317.37, Diff=0.19, RSI=62.56
13:54:04 -        Bullish: False, Bearish: False
13:54:05 - DEBUG BEL: EMA9=435.34, EMA15=435.28, Diff=0.07, RSI=53.99
13:54:05 -        Bullish: False, Bearish: False
13:54:06 - DEBUG IDBI: EMA9=110.17, EMA15=110.03, Diff=0.14, RSI=71.99
13:54:06 -        Bullish: False, Bearish: False
13:54:07 - DEBUG TCS: EMA9=2689.10, EMA15=2688.61, Diff=0.49, RSI=54.77
13:54:07 -        Bullish: False, Bearish: False
13:54:07 - DEBUG RELIANCE: EMA9=1423.80, EMA15=1423.24, Diff=0.57, RSI=55.27
13:54:07 -        Bullish: False, Bearish: False
13:54:08 - DEBUG HDFCBANK: EMA9=926.04, EMA15=926.18, Diff=-0.13, RSI=44.78
13:54:08 -        Bullish: False, Bearish: False
13:54:15 - DEBUG ITC: EMA9=317.56, EMA15=317.37, Diff=0.19, RSI=61.43
13:54:15 -        Bullish: False, Bearish: False
13:54:16 - DEBUG BEL: EMA9=435.37, EMA15=435.29, Diff=0.08, RSI=55.33
13:54:16 -        Bullish: False, Bearish: False
13:54:17 - DEBUG IDBI: EMA9=110.17, EMA15=110.03, Diff=0.14, RSI=71.80
13:54:17 -        Bullish: False, Bearish: False
13:54:17 - DEBUG TCS: EMA9=2688.86, EMA15=2688.46, Diff=0.40, RSI=52.97
13:54:17 -        Bullish: False, Bearish: False
13:54:18 - DEBUG RELIANCE: EMA9=1423.84, EMA15=1423.26, Diff=0.58, RSI=56.08
13:54:18 -        Bullish: False, Bearish: False
13:54:19 - DEBUG HDFCBANK: EMA9=926.05, EMA15=926.18, Diff=-0.13, RSI=45.02
13:54:19 -        Bullish: False, Bearish: False
13:54:25 - DEBUG ITC: EMA9=317.56, EMA15=317.37, Diff=0.19, RSI=61.43
13:54:25 -        Bullish: False, Bearish: False
13:54:26 - DEBUG BEL: EMA9=435.34, EMA15=435.28, Diff=0.07, RSI=53.99
13:54:26 -        Bullish: False, Bearish: False
13:54:27 - DEBUG IDBI: EMA9=110.17, EMA15=110.03, Diff=0.14, RSI=71.80
13:54:27 -        Bullish: False, Bearish: False
13:54:27 - DEBUG TCS: EMA9=2688.60, EMA15=2688.30, Diff=0.30, RSI=50.82
13:54:27 -        Bullish: False, Bearish: False
13:54:28 - DEBUG RELIANCE: EMA9=1423.84, EMA15=1423.26, Diff=0.58, RSI=56.08
13:54:28 -        Bullish: False, Bearish: False
13:54:28 - DEBUG HDFCBANK: EMA9=926.03, EMA15=926.17, Diff=-0.14, RSI=44.53
13:54:28 -        Bullish: False, Bearish: False
13:54:36 - DEBUG ITC: EMA9=317.57, EMA15=317.37, Diff=0.19, RSI=62.56
13:54:36 -        Bullish: False, Bearish: False
13:54:36 - DEBUG BEL: EMA9=435.32, EMA15=435.26, Diff=0.06, RSI=52.94
13:54:36 -        Bullish: False, Bearish: False
13:54:37 - DEBUG IDBI: EMA9=110.17, EMA15=110.03, Diff=0.14, RSI=71.80
13:54:37 -        Bullish: False, Bearish: False
13:54:38 - DEBUG TCS: EMA9=2688.56, EMA15=2688.27, Diff=0.29, RSI=50.48
13:54:38 -        Bullish: False, Bearish: False
13:54:38 - DEBUG RELIANCE: EMA9=1423.68, EMA15=1423.16, Diff=0.52, RSI=52.97
13:54:38 -        Bullish: False, Bearish: False
13:54:39 - DEBUG HDFCBANK: EMA9=926.09, EMA15=926.21, Diff=-0.12, RSI=46.03
13:54:39 -        Bullish: False, Bearish: False
13:54:46 - DEBUG ITC: EMA9=317.56, EMA15=317.37, Diff=0.19, RSI=61.43
13:54:46 -        Bullish: False, Bearish: False
13:54:47 - DEBUG BEL: EMA9=435.31, EMA15=435.26, Diff=0.06, RSI=52.43
13:54:47 -        Bullish: False, Bearish: False
13:54:48 - DEBUG IDBI: EMA9=110.17, EMA15=110.03, Diff=0.14, RSI=72.17
13:54:48 -        Bullish: False, Bearish: False
13:54:48 - DEBUG TCS: EMA9=2688.48, EMA15=2688.22, Diff=0.26, RSI=49.82
13:54:48 -        Bullish: False, Bearish: False
13:54:49 - DEBUG RELIANCE: EMA9=1423.82, EMA15=1423.25, Diff=0.57, RSI=55.67
13:54:49 -        Bullish: False, Bearish: False
13:54:50 - DEBUG HDFCBANK: EMA9=926.02, EMA15=926.16, Diff=-0.14, RSI=44.30
13:54:50 -        Bullish: False, Bearish: False
13:54:57 - DEBUG ITC: EMA9=317.56, EMA15=317.37, Diff=0.19, RSI=61.43
13:54:57 -        Bullish: False, Bearish: False
13:54:57 - DEBUG BEL: EMA9=435.31, EMA15=435.26, Diff=0.06, RSI=52.43
13:54:57 -        Bullish: False, Bearish: False
13:54:58 - DEBUG IDBI: EMA9=110.18, EMA15=110.04, Diff=0.14, RSI=72.71
13:54:58 -        Bullish: False, Bearish: False
13:54:59 - DEBUG TCS: EMA9=2688.16, EMA15=2688.02, Diff=0.14, RSI=47.35
13:54:59 -        Bullish: False, Bearish: False
13:55:00 - DEBUG RELIANCE: EMA9=1423.90, EMA15=1423.30, Diff=0.60, RSI=57.34
13:55:00 -        Bullish: False, Bearish: False
13:55:00 - DEBUG HDFCBANK: EMA9=925.70, EMA15=925.94, Diff=-0.24, RSI=43.81
13:55:00 -        Bullish: False, Bearish: False
13:55:07 - DEBUG ITC: EMA9=317.59, EMA15=317.41, Diff=0.18, RSI=61.80
13:55:07 -        Bullish: False, Bearish: False
13:55:08 - DEBUG BEL: EMA9=435.35, EMA15=435.29, Diff=0.06, RSI=52.35
13:55:08 -        Bullish: False, Bearish: False
13:55:09 - DEBUG IDBI: EMA9=110.25, EMA15=110.10, Diff=0.15, RSI=71.23
13:55:09 -        Bullish: False, Bearish: False
13:55:10 - DEBUG TCS: EMA9=2687.89, EMA15=2687.87, Diff=0.02, RSI=48.38
13:55:10 -        Bullish: False, Bearish: False
13:55:10 - DEBUG RELIANCE: EMA9=1423.96, EMA15=1423.41, Diff=0.55, RSI=56.88
13:55:10 -        Bullish: False, Bearish: False
13:55:11 - DEBUG HDFCBANK: EMA9=925.70, EMA15=925.94, Diff=-0.24, RSI=43.81
13:55:11 -        Bullish: False, Bearish: False
13:55:18 - DEBUG ITC: EMA9=317.59, EMA15=317.41, Diff=0.18, RSI=61.80
13:55:18 -        Bullish: False, Bearish: False
13:55:19 - DEBUG BEL: EMA9=435.39, EMA15=435.31, Diff=0.08, RSI=54.43
13:55:19 -        Bullish: False, Bearish: False
13:55:20 - DEBUG IDBI: EMA9=110.25, EMA15=110.10, Diff=0.15, RSI=70.27
13:55:20 -        Bullish: False, Bearish: False
13:55:20 - DEBUG TCS: EMA9=2687.81, EMA15=2687.82, Diff=-0.01, RSI=47.70
13:55:20 -        Bullish: False, Bearish: False
13:55:21 - DEBUG RELIANCE: EMA9=1423.86, EMA15=1423.35, Diff=0.51, RSI=54.69
13:55:21 -        Bullish: False, Bearish: False
13:55:22 - DEBUG HDFCBANK: EMA9=925.68, EMA15=925.93, Diff=-0.25, RSI=43.31
13:55:22 -        Bullish: False, Bearish: False
13:55:29 - DEBUG ITC: EMA9=317.56, EMA15=317.39, Diff=0.17, RSI=59.22
13:55:29 -        Bullish: False, Bearish: False
13:55:29 - DEBUG BEL: EMA9=435.34, EMA15=435.28, Diff=0.06, RSI=51.81
13:55:29 -        Bullish: False, Bearish: False
13:55:30 - DEBUG IDBI: EMA9=110.26, EMA15=110.10, Diff=0.15, RSI=72.71
13:55:30 -        Bullish: False, Bearish: False
13:55:31 - DEBUG TCS: EMA9=2687.77, EMA15=2687.80, Diff=-0.03, RSI=47.35
13:55:31 -        Bullish: False, Bearish: False
13:55:31 - DEBUG RELIANCE: EMA9=1423.82, EMA15=1423.33, Diff=0.50, RSI=53.86
13:55:31 -        Bullish: False, Bearish: False
13:55:32 - DEBUG HDFCBANK: EMA9=925.71, EMA15=925.95, Diff=-0.24, RSI=44.06
13:55:32 -        Bullish: False, Bearish: False
13:55:39 - DEBUG ITC: EMA9=317.58, EMA15=317.40, Diff=0.17, RSI=61.09
13:55:39 -        Bullish: False, Bearish: False
13:55:40 - DEBUG BEL: EMA9=435.37, EMA15=435.30, Diff=0.07, RSI=53.46
13:55:40 -        Bullish: False, Bearish: False
13:55:41 - DEBUG IDBI: EMA9=110.24, EMA15=110.10, Diff=0.15, RSI=69.34
13:55:41 -        Bullish: False, Bearish: False
13:55:41 - DEBUG TCS: EMA9=2687.73, EMA15=2687.77, Diff=-0.04, RSI=47.04
13:55:41 -        Bullish: False, Bearish: False
13:55:42 - DEBUG RELIANCE: EMA9=1423.78, EMA15=1423.30, Diff=0.48, RSI=53.06
13:55:42 -        Bullish: False, Bearish: False
13:55:43 - DEBUG HDFCBANK: EMA9=925.71, EMA15=925.95, Diff=-0.24, RSI=44.06
13:55:43 -        Bullish: False, Bearish: False
13:55:50 - DEBUG ITC: EMA9=317.59, EMA15=317.41, Diff=0.18, RSI=61.80
13:55:50 -        Bullish: False, Bearish: False
13:55:51 - DEBUG BEL: EMA9=435.37, EMA15=435.30, Diff=0.07, RSI=53.46
13:55:51 -        Bullish: False, Bearish: False
13:55:51 - DEBUG IDBI: EMA9=110.24, EMA15=110.10, Diff=0.15, RSI=69.34
13:55:51 -        Bullish: False, Bearish: False
13:55:52 - DEBUG TCS: EMA9=2687.73, EMA15=2687.77, Diff=-0.04, RSI=47.04
13:55:52 -        Bullish: False, Bearish: False
13:55:53 - DEBUG RELIANCE: EMA9=1423.74, EMA15=1423.28, Diff=0.47, RSI=52.27
13:55:53 -        Bullish: False, Bearish: False
13:55:53 - DEBUG HDFCBANK: EMA9=925.70, EMA15=925.94, Diff=-0.24, RSI=43.81
13:55:53 -        Bullish: False, Bearish: False
13:56:00 - DEBUG ITC: EMA9=317.58, EMA15=317.40, Diff=0.17, RSI=61.09
13:56:00 -        Bullish: False, Bearish: False
13:56:01 - DEBUG BEL: EMA9=435.37, EMA15=435.30, Diff=0.07, RSI=53.46
13:56:01 -        Bullish: False, Bearish: False
13:56:02 - DEBUG IDBI: EMA9=110.24, EMA15=110.10, Diff=0.15, RSI=69.34
13:56:02 -        Bullish: False, Bearish: False
13:56:02 - DEBUG TCS: EMA9=2687.57, EMA15=2687.67, Diff=-0.10, RSI=45.82
13:56:02 -        Bullish: False, Bearish: True
13:56:04 - Signal: SELL TCS @ 2685.4 (Strength: 51%)
13:56:04 - Placing SELL order for TCS @ 2685.4
13:56:06 - ✅ Order placed for TCS
13:56:06 - DEBUG RELIANCE: EMA9=1423.82, EMA15=1423.33, Diff=0.50, RSI=53.86
13:56:06 -        Bullish: False, Bearish: False
13:56:07 - DEBUG HDFCBANK: EMA9=925.70, EMA15=925.94, Diff=-0.24, RSI=43.81
13:56:07 -        Bullish: False, Bearish: False
13:56:14 - DEBUG ITC: EMA9=317.58, EMA15=317.40, Diff=0.17, RSI=61.09
13:56:14 -        Bullish: False, Bearish: False
13:56:15 - DEBUG BEL: EMA9=435.35, EMA15=435.29, Diff=0.06, RSI=52.35
13:56:15 -        Bullish: False, Bearish: False
13:56:16 - DEBUG IDBI: EMA9=110.24, EMA15=110.10, Diff=0.15, RSI=69.34
13:56:16 -        Bullish: False, Bearish: False
13:56:16 - DEBUG RELIANCE: EMA9=1423.64, EMA15=1423.21, Diff=0.43, RSI=50.42
13:56:16 -        Bullish: False, Bearish: False
13:56:17 - DEBUG HDFCBANK: EMA9=925.67, EMA15=925.93, Diff=-0.26, RSI=43.07
13:56:17 -        Bullish: False, Bearish: False
13:56:25 - DEBUG ITC: EMA9=317.58, EMA15=317.40, Diff=0.17, RSI=61.09
13:56:25 -        Bullish: False, Bearish: False
13:56:25 - DEBUG BEL: EMA9=435.36, EMA15=435.29, Diff=0.06, RSI=52.90
13:56:25 -        Bullish: False, Bearish: False
13:56:26 - DEBUG IDBI: EMA9=110.24, EMA15=110.09, Diff=0.15, RSI=67.55
13:56:26 -        Bullish: False, Bearish: False
13:56:27 - DEBUG RELIANCE: EMA9=1423.54, EMA15=1423.15, Diff=0.39, RSI=48.69
13:56:27 -        Bullish: False, Bearish: False
13:56:27 - DEBUG HDFCBANK: EMA9=925.66, EMA15=925.92, Diff=-0.26, RSI=42.82
13:56:27 -        Bullish: False, Bearish: False
13:56:35 - DEBUG ITC: EMA9=317.58, EMA15=317.40, Diff=0.17, RSI=61.09
13:56:35 -        Bullish: False, Bearish: False
13:56:36 - DEBUG BEL: EMA9=435.36, EMA15=435.29, Diff=0.06, RSI=52.90
13:56:36 -        Bullish: False, Bearish: False
13:56:36 - DEBUG IDBI: EMA9=110.26, EMA15=110.10, Diff=0.15, RSI=72.71
13:56:36 -        Bullish: False, Bearish: False
13:56:37 - DEBUG RELIANCE: EMA9=1423.56, EMA15=1423.16, Diff=0.40, RSI=49.02
13:56:37 -        Bullish: False, Bearish: False
13:56:38 - DEBUG HDFCBANK: EMA9=925.63, EMA15=925.90, Diff=-0.27, RSI=42.12
13:56:38 -        Bullish: False, Bearish: False
13:56:46 - DEBUG ITC: EMA9=317.57, EMA15=317.40, Diff=0.17, RSI=60.35
13:56:46 -        Bullish: False, Bearish: False
13:56:46 - DEBUG BEL: EMA9=435.34, EMA15=435.28, Diff=0.06, RSI=51.81
13:56:46 -        Bullish: False, Bearish: False
13:56:47 - DEBUG IDBI: EMA9=110.24, EMA15=110.10, Diff=0.15, RSI=69.34
13:56:47 -        Bullish: False, Bearish: False
13:56:48 - DEBUG RELIANCE: EMA9=1423.42, EMA15=1423.08, Diff=0.35, RSI=46.76
13:56:48 -        Bullish: False, Bearish: False
13:56:48 - DEBUG HDFCBANK: EMA9=925.65, EMA15=925.91, Diff=-0.26, RSI=42.59
13:56:48 -        Bullish: False, Bearish: False
13:56:56 - DEBUG ITC: EMA9=317.57, EMA15=317.40, Diff=0.17, RSI=60.35
13:56:56 -        Bullish: False, Bearish: False
13:56:56 - DEBUG BEL: EMA9=435.36, EMA15=435.29, Diff=0.06, RSI=52.90
13:56:56 -        Bullish: False, Bearish: False
13:56:57 - DEBUG IDBI: EMA9=110.24, EMA15=110.09, Diff=0.15, RSI=67.99
13:56:57 -        Bullish: False, Bearish: False
13:56:58 - DEBUG RELIANCE: EMA9=1423.42, EMA15=1423.08, Diff=0.35, RSI=46.76
13:56:58 -        Bullish: False, Bearish: False
13:56:58 - DEBUG HDFCBANK: EMA9=925.62, EMA15=925.89, Diff=-0.27, RSI=41.89
13:56:58 -        Bullish: False, Bearish: False
13:57:06 - DEBUG ITC: EMA9=317.57, EMA15=317.40, Diff=0.17, RSI=60.35
13:57:06 -        Bullish: False, Bearish: False
13:57:07 - DEBUG BEL: EMA9=435.35, EMA15=435.29, Diff=0.06, RSI=52.35
13:57:07 -        Bullish: False, Bearish: False
13:57:07 - DEBUG IDBI: EMA9=110.24, EMA15=110.10, Diff=0.15, RSI=69.34
13:57:07 -        Bullish: False, Bearish: False
13:57:08 - DEBUG RELIANCE: EMA9=1423.34, EMA15=1423.03, Diff=0.32, RSI=45.56
13:57:08 -        Bullish: False, Bearish: False
13:57:09 - DEBUG HDFCBANK: EMA9=925.59, EMA15=925.88, Diff=-0.29, RSI=41.21
13:57:09 -        Bullish: False, Bearish: False
13:57:16 - DEBUG ITC: EMA9=317.57, EMA15=317.40, Diff=0.17, RSI=60.35
13:57:16 -        Bullish: False, Bearish: False
13:57:17 - DEBUG BEL: EMA9=435.34, EMA15=435.28, Diff=0.06, RSI=51.81
13:57:17 -        Bullish: False, Bearish: False
13:57:17 - DEBUG IDBI: EMA9=110.24, EMA15=110.10, Diff=0.15, RSI=69.34
13:57:17 -        Bullish: False, Bearish: False
13:57:18 - DEBUG RELIANCE: EMA9=1423.70, EMA15=1423.25, Diff=0.45, RSI=51.51
13:57:18 -        Bullish: False, Bearish: False
13:57:18 - DEBUG HDFCBANK: EMA9=925.69, EMA15=925.94, Diff=-0.25, RSI=43.56
13:57:18 -        Bullish: False, Bearish: False
13:57:26 - DEBUG ITC: EMA9=317.59, EMA15=317.41, Diff=0.18, RSI=61.80
13:57:26 -        Bullish: False, Bearish: False
13:57:27 - DEBUG BEL: EMA9=435.34, EMA15=435.28, Diff=0.06, RSI=51.81
13:57:27 -        Bullish: False, Bearish: False
13:57:28 - DEBUG IDBI: EMA9=110.25, EMA15=110.10, Diff=0.15, RSI=69.80
13:57:28 -        Bullish: False, Bearish: False
13:57:28 - DEBUG RELIANCE: EMA9=1423.70, EMA15=1423.25, Diff=0.45, RSI=51.51
13:57:28 -        Bullish: False, Bearish: False
13:57:29 - DEBUG HDFCBANK: EMA9=925.69, EMA15=925.94, Diff=-0.25, RSI=43.56
13:57:29 -        Bullish: False, Bearish: False
13:57:36 - DEBUG ITC: EMA9=317.58, EMA15=317.40, Diff=0.17, RSI=61.09
13:57:36 -        Bullish: False, Bearish: False
13:57:37 - DEBUG BEL: EMA9=435.34, EMA15=435.28, Diff=0.06, RSI=51.81
13:57:37 -        Bullish: False, Bearish: False
13:57:37 - DEBUG IDBI: EMA9=110.25, EMA15=110.10, Diff=0.15, RSI=71.71
13:57:37 -        Bullish: False, Bearish: False
13:57:38 - DEBUG RELIANCE: EMA9=1423.52, EMA15=1423.14, Diff=0.39, RSI=48.35
13:57:38 -        Bullish: False, Bearish: False
13:57:39 - DEBUG HDFCBANK: EMA9=925.68, EMA15=925.93, Diff=-0.25, RSI=43.31
13:57:39 -        Bullish: False, Bearish: False
13:57:46 - DEBUG ITC: EMA9=317.59, EMA15=317.41, Diff=0.18, RSI=61.80
13:57:46 -        Bullish: False, Bearish: False
13:57:47 - DEBUG BEL: EMA9=435.36, EMA15=435.29, Diff=0.06, RSI=52.90
13:57:47 -        Bullish: False, Bearish: False
13:57:48 - DEBUG IDBI: EMA9=110.25, EMA15=110.10, Diff=0.15, RSI=71.71
13:57:48 -        Bullish: False, Bearish: False
13:57:48 - DEBUG RELIANCE: EMA9=1423.52, EMA15=1423.14, Diff=0.39, RSI=48.35
13:57:48 -        Bullish: False, Bearish: False
13:57:49 - DEBUG HDFCBANK: EMA9=925.68, EMA15=925.93, Diff=-0.25, RSI=43.31
13:57:49 -        Bullish: False, Bearish: False
13:57:57 - DEBUG ITC: EMA9=317.55, EMA15=317.38, Diff=0.16, RSI=58.14
13:57:57 -        Bullish: False, Bearish: False
13:57:58 - DEBUG BEL: EMA9=435.33, EMA15=435.27, Diff=0.05, RSI=51.28
13:57:58 -        Bullish: False, Bearish: False
13:57:58 - DEBUG IDBI: EMA9=110.26, EMA15=110.11, Diff=0.16, RSI=73.08
13:57:58 -        Bullish: False, Bearish: False
13:57:59 - DEBUG RELIANCE: EMA9=1423.52, EMA15=1423.14, Diff=0.39, RSI=48.35
13:57:59 -        Bullish: False, Bearish: False
13:58:00 - DEBUG HDFCBANK: EMA9=925.69, EMA15=925.94, Diff=-0.25, RSI=43.56
13:58:00 -        Bullish: False, Bearish: False
13:58:07 - DEBUG ITC: EMA9=317.58, EMA15=317.40, Diff=0.17, RSI=61.09
13:58:07 -        Bullish: False, Bearish: False
13:58:08 - DEBUG BEL: EMA9=435.32, EMA15=435.27, Diff=0.05, RSI=50.77
13:58:08 -        Bullish: False, Bearish: False
13:58:09 - DEBUG IDBI: EMA9=110.26, EMA15=110.11, Diff=0.15, RSI=72.90
13:58:09 -        Bullish: False, Bearish: False
13:58:10 - DEBUG RELIANCE: EMA9=1423.58, EMA15=1423.18, Diff=0.41, RSI=49.36
13:58:10 -        Bullish: False, Bearish: False
13:58:10 - DEBUG HDFCBANK: EMA9=925.76, EMA15=925.98, Diff=-0.22, RSI=45.62
13:58:10 -        Bullish: False, Bearish: False
13:58:18 - DEBUG ITC: EMA9=317.57, EMA15=317.40, Diff=0.17, RSI=60.35
13:58:18 -        Bullish: False, Bearish: False
13:58:19 - DEBUG BEL: EMA9=435.36, EMA15=435.29, Diff=0.06, RSI=52.90
13:58:19 -        Bullish: False, Bearish: False
13:58:20 - DEBUG IDBI: EMA9=110.26, EMA15=110.11, Diff=0.16, RSI=73.08
13:58:20 -        Bullish: False, Bearish: False
13:58:20 - DEBUG RELIANCE: EMA9=1423.54, EMA15=1423.15, Diff=0.39, RSI=48.69
13:58:20 -        Bullish: False, Bearish: False
13:58:21 - DEBUG HDFCBANK: EMA9=925.80, EMA15=926.01, Diff=-0.21, RSI=46.82
13:58:21 -        Bullish: False, Bearish: False
13:58:29 - DEBUG ITC: EMA9=317.55, EMA15=317.38, Diff=0.16, RSI=58.14
13:58:29 -        Bullish: False, Bearish: False
13:58:30 - DEBUG BEL: EMA9=435.36, EMA15=435.29, Diff=0.06, RSI=52.90
13:58:30 -        Bullish: False, Bearish: False
13:58:30 - DEBUG IDBI: EMA9=110.25, EMA15=110.10, Diff=0.15, RSI=71.71
13:58:30 -        Bullish: False, Bearish: False
13:58:31 - DEBUG RELIANCE: EMA9=1423.60, EMA15=1423.19, Diff=0.42, RSI=49.71
13:58:31 -        Bullish: False, Bearish: False
13:58:32 - DEBUG HDFCBANK: EMA9=925.82, EMA15=926.02, Diff=-0.20, RSI=47.39
13:58:32 -        Bullish: False, Bearish: False
13:58:40 - DEBUG ITC: EMA9=317.59, EMA15=317.41, Diff=0.18, RSI=61.80
13:58:40 -        Bullish: False, Bearish: False
13:58:40 - DEBUG BEL: EMA9=435.40, EMA15=435.32, Diff=0.08, RSI=54.90
13:58:40 -        Bullish: False, Bearish: False
13:58:41 - DEBUG IDBI: EMA9=110.25, EMA15=110.10, Diff=0.15, RSI=71.71
13:58:41 -        Bullish: False, Bearish: False
13:58:41 - DEBUG RELIANCE: EMA9=1423.78, EMA15=1423.30, Diff=0.48, RSI=53.06
13:58:41 -        Bullish: False, Bearish: False
13:58:42 - DEBUG HDFCBANK: EMA9=925.84, EMA15=926.03, Diff=-0.19, RSI=47.96
13:58:42 -        Bullish: False, Bearish: False
13:58:47 - Bot stopped by user
13:58:47 - Excel saved
13:58:47 - Bot shutdown complete
12:16:48 - Dhan.py System Started
12:16:48 - System Started
12:16:53 - Connected. Balance: 31077.77
12:16:55 - Excel initialized successfully
12:16:57 - Bot started. Press Ctrl+C to stop.
12:16:59 - DEBUG ITC: EMA9=330.29, EMA15=330.09, Diff=0.20, RSI=64.26
12:16:59 -        Bullish: False, Bearish: False
12:17:02 - DEBUG BEL: EMA9=447.75, EMA15=448.01, Diff=-0.26, RSI=41.34
12:17:02 -        Bullish: False, Bearish: False
12:17:04 - DEBUG IDBI: EMA9=114.12, EMA15=114.13, Diff=-0.01, RSI=50.45
12:17:04 -        Bullish: False, Bearish: False
12:17:06 - DEBUG TCS: EMA9=2680.27, EMA15=2680.49, Diff=-0.22, RSI=48.77
12:17:06 -        Bullish: False, Bearish: False
12:17:07 - DEBUG RELIANCE: EMA9=1427.21, EMA15=1426.43, Diff=0.78, RSI=66.46
12:17:07 -        Bullish: False, Bearish: False
12:17:08 - DEBUG HDFCBANK: EMA9=922.82, EMA15=922.67, Diff=0.15, RSI=54.48
12:17:08 -        Bullish: False, Bearish: False
12:17:16 - DEBUG ITC: EMA9=330.28, EMA15=330.09, Diff=0.20, RSI=63.87
12:17:16 -        Bullish: False, Bearish: False
12:17:17 - DEBUG BEL: EMA9=447.71, EMA15=447.98, Diff=-0.28, RSI=38.91
12:17:17 -        Bullish: False, Bearish: False
12:17:18 - DEBUG IDBI: EMA9=114.11, EMA15=114.13, Diff=-0.01, RSI=49.64
12:17:18 -        Bullish: False, Bearish: False
12:17:19 - DEBUG TCS: EMA9=2680.23, EMA15=2680.46, Diff=-0.24, RSI=48.50
12:17:19 -        Bullish: False, Bearish: False
12:17:20 - DEBUG RELIANCE: EMA9=1427.25, EMA15=1426.45, Diff=0.79, RSI=67.15
12:17:20 -        Bullish: False, Bearish: False
12:17:22 - DEBUG HDFCBANK: EMA9=922.79, EMA15=922.65, Diff=0.13, RSI=53.11
12:17:22 -        Bullish: False, Bearish: False
12:17:28 - DEBUG ITC: EMA9=330.27, EMA15=330.08, Diff=0.19, RSI=63.48
12:17:28 -        Bullish: False, Bearish: False
12:17:28 - DEBUG BEL: EMA9=447.73, EMA15=448.00, Diff=-0.27, RSI=40.15
12:17:28 -        Bullish: False, Bearish: False
12:17:29 - DEBUG IDBI: EMA9=114.11, EMA15=114.12, Diff=-0.01, RSI=49.37
12:17:29 -        Bullish: False, Bearish: False
12:17:29 - DEBUG TCS: EMA9=2679.97, EMA15=2680.30, Diff=-0.33, RSI=46.91
12:17:29 -        Bullish: False, Bearish: False
12:17:30 - DEBUG RELIANCE: EMA9=1427.27, EMA15=1426.47, Diff=0.80, RSI=67.49
12:17:30 -        Bullish: False, Bearish: False
12:17:30 - DEBUG HDFCBANK: EMA9=922.79, EMA15=922.65, Diff=0.13, RSI=53.11
12:17:30 -        Bullish: False, Bearish: False
12:17:37 - DEBUG ITC: EMA9=330.25, EMA15=330.07, Diff=0.18, RSI=62.67
12:17:37 -        Bullish: False, Bearish: False
12:17:37 - DEBUG BEL: EMA9=447.75, EMA15=448.01, Diff=-0.26, RSI=41.34
12:17:37 -        Bullish: False, Bearish: False
12:17:37 - DEBUG IDBI: EMA9=114.11, EMA15=114.12, Diff=-0.01, RSI=49.37
12:17:37 -        Bullish: False, Bearish: False
12:17:38 - DEBUG TCS: EMA9=2679.91, EMA15=2680.26, Diff=-0.36, RSI=46.56
12:17:38 -        Bullish: False, Bearish: False
12:17:38 - DEBUG RELIANCE: EMA9=1427.29, EMA15=1426.48, Diff=0.81, RSI=67.82
12:17:38 -        Bullish: False, Bearish: False
12:17:39 - DEBUG HDFCBANK: EMA9=922.79, EMA15=922.65, Diff=0.13, RSI=53.11
12:17:39 -        Bullish: False, Bearish: False
12:17:45 - DEBUG ITC: EMA9=330.28, EMA15=330.09, Diff=0.20, RSI=63.87
12:17:45 -        Bullish: False, Bearish: False
12:17:45 - DEBUG BEL: EMA9=447.72, EMA15=447.99, Diff=-0.28, RSI=39.53
12:17:45 -        Bullish: False, Bearish: False
12:17:46 - DEBUG IDBI: EMA9=114.11, EMA15=114.12, Diff=-0.01, RSI=49.37
12:17:46 -        Bullish: False, Bearish: False
12:17:46 - DEBUG TCS: EMA9=2679.89, EMA15=2680.25, Diff=-0.36, RSI=46.44
12:17:46 -        Bullish: False, Bearish: False
12:17:47 - DEBUG RELIANCE: EMA9=1427.29, EMA15=1426.48, Diff=0.81, RSI=67.82
12:17:47 -        Bullish: False, Bearish: False
12:17:48 - DEBUG HDFCBANK: EMA9=922.80, EMA15=922.66, Diff=0.14, RSI=53.56
12:17:48 -        Bullish: False, Bearish: False
12:17:54 - DEBUG ITC: EMA9=330.28, EMA15=330.09, Diff=0.20, RSI=63.87
12:17:54 -        Bullish: False, Bearish: False
12:17:56 - DEBUG BEL: EMA9=447.74, EMA15=448.00, Diff=-0.27, RSI=40.75
12:17:56 -        Bullish: False, Bearish: False
12:17:58 - DEBUG IDBI: EMA9=114.10, EMA15=114.12, Diff=-0.02, RSI=47.83
12:17:58 -        Bullish: False, Bearish: False
12:17:59 - DEBUG TCS: EMA9=2680.15, EMA15=2680.41, Diff=-0.27, RSI=48.00
12:17:59 -        Bullish: False, Bearish: False
12:18:00 - DEBUG RELIANCE: EMA9=1427.29, EMA15=1426.48, Diff=0.81, RSI=67.82
12:18:00 -        Bullish: False, Bearish: False
12:18:01 - DEBUG HDFCBANK: EMA9=922.80, EMA15=922.66, Diff=0.14, RSI=53.56
12:18:01 -        Bullish: False, Bearish: False
12:18:07 - DEBUG ITC: EMA9=330.28, EMA15=330.09, Diff=0.20, RSI=63.87
12:18:07 -        Bullish: False, Bearish: False
12:18:08 - DEBUG BEL: EMA9=447.73, EMA15=448.00, Diff=-0.27, RSI=40.15
12:18:08 -        Bullish: False, Bearish: False
12:18:08 - DEBUG IDBI: EMA9=114.11, EMA15=114.12, Diff=-0.01, RSI=49.11
12:18:08 -        Bullish: False, Bearish: False
12:18:08 - DEBUG TCS: EMA9=2680.15, EMA15=2680.41, Diff=-0.27, RSI=48.00
12:18:08 -        Bullish: False, Bearish: False
12:18:09 - DEBUG RELIANCE: EMA9=1427.31, EMA15=1426.49, Diff=0.82, RSI=68.15
12:18:09 -        Bullish: False, Bearish: False
12:18:09 - DEBUG HDFCBANK: EMA9=922.77, EMA15=922.64, Diff=0.13, RSI=52.24
12:18:09 -        Bullish: False, Bearish: False
12:18:16 - DEBUG ITC: EMA9=330.28, EMA15=330.09, Diff=0.20, RSI=63.87
12:18:16 -        Bullish: False, Bearish: False
12:18:16 - DEBUG BEL: EMA9=447.73, EMA15=448.00, Diff=-0.27, RSI=40.15
12:18:16 -        Bullish: False, Bearish: False
12:18:17 - DEBUG IDBI: EMA9=114.11, EMA15=114.12, Diff=-0.01, RSI=49.11
12:18:17 -        Bullish: False, Bearish: False
12:18:17 - DEBUG TCS: EMA9=2680.29, EMA15=2680.50, Diff=-0.21, RSI=48.90
12:18:17 -        Bullish: False, Bearish: False
12:18:17 - DEBUG RELIANCE: EMA9=1427.31, EMA15=1426.49, Diff=0.82, RSI=68.15
12:18:17 -        Bullish: False, Bearish: False
12:18:18 - DEBUG HDFCBANK: EMA9=922.77, EMA15=922.64, Diff=0.13, RSI=52.24
12:18:18 -        Bullish: False, Bearish: False
12:18:24 - DEBUG ITC: EMA9=330.26, EMA15=330.07, Diff=0.19, RSI=63.08
12:18:24 -        Bullish: False, Bearish: False
12:18:25 - DEBUG BEL: EMA9=447.75, EMA15=448.01, Diff=-0.26, RSI=41.34
12:18:25 -        Bullish: False, Bearish: False
12:18:25 - DEBUG IDBI: EMA9=114.11, EMA15=114.12, Diff=-0.01, RSI=49.11
12:18:25 -        Bullish: False, Bearish: False
12:18:26 - DEBUG TCS: EMA9=2680.27, EMA15=2680.49, Diff=-0.22, RSI=48.77
12:18:26 -        Bullish: False, Bearish: False
12:18:26 - DEBUG RELIANCE: EMA9=1427.33, EMA15=1426.50, Diff=0.82, RSI=68.46
12:18:26 -        Bullish: False, Bearish: False
12:18:27 - DEBUG HDFCBANK: EMA9=922.79, EMA15=922.65, Diff=0.13, RSI=53.11
12:18:27 -        Bullish: False, Bearish: False
12:18:33 - DEBUG ITC: EMA9=330.25, EMA15=330.07, Diff=0.18, RSI=62.67
12:18:33 -        Bullish: False, Bearish: False
12:18:33 - DEBUG BEL: EMA9=447.72, EMA15=447.99, Diff=-0.28, RSI=39.53
12:18:33 -        Bullish: False, Bearish: False
12:18:34 - DEBUG IDBI: EMA9=114.11, EMA15=114.12, Diff=-0.01, RSI=49.11
12:18:34 -        Bullish: False, Bearish: False
12:18:34 - DEBUG TCS: EMA9=2680.33, EMA15=2680.53, Diff=-0.20, RSI=49.17
12:18:34 -        Bullish: False, Bearish: False
12:18:34 - DEBUG RELIANCE: EMA9=1427.25, EMA15=1426.45, Diff=0.79, RSI=67.15
12:18:34 -        Bullish: False, Bearish: False
12:18:35 - DEBUG HDFCBANK: EMA9=922.80, EMA15=922.66, Diff=0.14, RSI=53.56
12:18:35 -        Bullish: False, Bearish: False
12:18:41 - DEBUG ITC: EMA9=330.26, EMA15=330.07, Diff=0.19, RSI=63.08
12:18:41 -        Bullish: False, Bearish: False
12:18:42 - DEBUG BEL: EMA9=447.76, EMA15=448.02, Diff=-0.26, RSI=41.92
12:18:42 -        Bullish: False, Bearish: False
12:18:42 - DEBUG IDBI: EMA9=114.11, EMA15=114.12, Diff=-0.01, RSI=49.11
12:18:42 -        Bullish: False, Bearish: False
12:18:43 - DEBUG TCS: EMA9=2680.21, EMA15=2680.45, Diff=-0.24, RSI=48.38
12:18:43 -        Bullish: False, Bearish: False
12:18:43 - DEBUG RELIANCE: EMA9=1427.29, EMA15=1426.48, Diff=0.81, RSI=67.82
12:18:43 -        Bullish: False, Bearish: False
12:18:44 - DEBUG HDFCBANK: EMA9=922.80, EMA15=922.66, Diff=0.14, RSI=53.56
12:18:44 -        Bullish: False, Bearish: False
12:18:50 - DEBUG ITC: EMA9=330.29, EMA15=330.09, Diff=0.20, RSI=64.26
12:18:50 -        Bullish: False, Bearish: False
12:18:51 - DEBUG BEL: EMA9=447.75, EMA15=448.01, Diff=-0.26, RSI=41.34
12:18:51 -        Bullish: False, Bearish: False
12:18:51 - DEBUG IDBI: EMA9=114.10, EMA15=114.12, Diff=-0.02, RSI=47.83
12:18:51 -        Bullish: False, Bearish: False
12:18:52 - DEBUG TCS: EMA9=2680.45, EMA15=2680.60, Diff=-0.15, RSI=49.94
12:18:52 -        Bullish: False, Bearish: False
12:18:52 - DEBUG RELIANCE: EMA9=1427.45, EMA15=1426.58, Diff=0.87, RSI=70.24
12:18:52 -        Bullish: False, Bearish: False
12:18:52 - DEBUG HDFCBANK: EMA9=922.78, EMA15=922.65, Diff=0.13, RSI=52.67
12:18:52 -        Bullish: False, Bearish: False
12:18:59 - DEBUG ITC: EMA9=330.26, EMA15=330.07, Diff=0.19, RSI=63.08
12:18:59 -        Bullish: False, Bearish: False
12:18:59 - DEBUG BEL: EMA9=447.75, EMA15=448.01, Diff=-0.26, RSI=41.34
12:18:59 -        Bullish: False, Bearish: False
12:19:00 - DEBUG IDBI: EMA9=114.11, EMA15=114.12, Diff=-0.02, RSI=48.85
12:19:00 -        Bullish: False, Bearish: False
12:19:00 - DEBUG TCS: EMA9=2680.21, EMA15=2680.45, Diff=-0.24, RSI=48.38
12:19:00 -        Bullish: False, Bearish: False
12:19:01 - DEBUG RELIANCE: EMA9=1427.43, EMA15=1426.57, Diff=0.86, RSI=69.96
12:19:01 -        Bullish: False, Bearish: False
12:19:01 - DEBUG HDFCBANK: EMA9=922.78, EMA15=922.65, Diff=0.13, RSI=52.67
12:19:01 -        Bullish: False, Bearish: False
12:19:07 - DEBUG ITC: EMA9=330.30, EMA15=330.10, Diff=0.20, RSI=64.63
12:19:07 -        Bullish: False, Bearish: False
12:19:08 - DEBUG BEL: EMA9=447.77, EMA15=448.02, Diff=-0.26, RSI=42.49
12:19:08 -        Bullish: False, Bearish: False
12:19:08 - DEBUG IDBI: EMA9=114.11, EMA15=114.12, Diff=-0.01, RSI=49.37
12:19:08 -        Bullish: False, Bearish: False
12:19:09 - DEBUG TCS: EMA9=2680.35, EMA15=2680.54, Diff=-0.19, RSI=49.30
12:19:09 -        Bullish: False, Bearish: False
12:19:09 - DEBUG RELIANCE: EMA9=1427.33, EMA15=1426.50, Diff=0.82, RSI=68.46
12:19:09 -        Bullish: False, Bearish: False
12:19:10 - DEBUG HDFCBANK: EMA9=922.79, EMA15=922.65, Diff=0.13, RSI=53.11
12:19:10 -        Bullish: False, Bearish: False
12:19:16 - DEBUG ITC: EMA9=330.29, EMA15=330.09, Diff=0.20, RSI=64.26
12:19:16 -        Bullish: False, Bearish: False
12:19:17 - DEBUG BEL: EMA9=447.75, EMA15=448.01, Diff=-0.26, RSI=41.34
12:19:17 -        Bullish: False, Bearish: False
12:19:17 - DEBUG IDBI: EMA9=114.11, EMA15=114.12, Diff=-0.01, RSI=49.37
12:19:17 -        Bullish: False, Bearish: False
12:19:18 - DEBUG TCS: EMA9=2680.07, EMA15=2680.36, Diff=-0.30, RSI=47.51
12:19:18 -        Bullish: False, Bearish: False
12:19:19 - DEBUG RELIANCE: EMA9=1427.29, EMA15=1426.48, Diff=0.81, RSI=67.82
12:19:19 -        Bullish: False, Bearish: False
12:19:19 - DEBUG HDFCBANK: EMA9=922.80, EMA15=922.66, Diff=0.14, RSI=53.56
12:19:19 -        Bullish: False, Bearish: False
12:19:26 - DEBUG ITC: EMA9=330.29, EMA15=330.09, Diff=0.20, RSI=64.26
12:19:26 -        Bullish: False, Bearish: False
12:19:27 - DEBUG BEL: EMA9=447.72, EMA15=447.99, Diff=-0.28, RSI=39.53
12:19:27 -        Bullish: False, Bearish: False
12:19:27 - DEBUG IDBI: EMA9=114.11, EMA15=114.12, Diff=-0.01, RSI=49.37
12:19:27 -        Bullish: False, Bearish: False
12:19:28 - DEBUG TCS: EMA9=2680.05, EMA15=2680.35, Diff=-0.30, RSI=47.39
12:19:28 -        Bullish: False, Bearish: False
12:19:28 - DEBUG RELIANCE: EMA9=1427.27, EMA15=1426.47, Diff=0.80, RSI=67.49
12:19:28 -        Bullish: False, Bearish: False
12:19:29 - DEBUG HDFCBANK: EMA9=922.80, EMA15=922.66, Diff=0.14, RSI=53.56
12:19:29 -        Bullish: False, Bearish: False
12:19:35 - DEBUG ITC: EMA9=330.29, EMA15=330.09, Diff=0.20, RSI=64.26
12:19:35 -        Bullish: False, Bearish: False
12:19:36 - DEBUG BEL: EMA9=447.75, EMA15=448.01, Diff=-0.26, RSI=41.34
12:19:36 -        Bullish: False, Bearish: False
12:19:37 - DEBUG IDBI: EMA9=114.11, EMA15=114.12, Diff=-0.02, RSI=48.85
12:19:37 -        Bullish: False, Bearish: False
12:19:37 - DEBUG TCS: EMA9=2680.07, EMA15=2680.36, Diff=-0.30, RSI=47.51
12:19:37 -        Bullish: False, Bearish: False
12:19:38 - DEBUG RELIANCE: EMA9=1427.31, EMA15=1426.49, Diff=0.82, RSI=68.15
12:19:38 -        Bullish: False, Bearish: False
12:19:38 - DEBUG HDFCBANK: EMA9=922.78, EMA15=922.65, Diff=0.13, RSI=52.67
12:19:38 -        Bullish: False, Bearish: False
12:19:45 - DEBUG ITC: EMA9=330.30, EMA15=330.10, Diff=0.20, RSI=64.63
12:19:45 -        Bullish: False, Bearish: False
12:19:46 - DEBUG BEL: EMA9=447.74, EMA15=448.00, Diff=-0.27, RSI=40.75
12:19:46 -        Bullish: False, Bearish: False
12:19:46 - DEBUG IDBI: EMA9=114.10, EMA15=114.12, Diff=-0.02, RSI=47.83
12:19:46 -        Bullish: False, Bearish: False
12:19:47 - DEBUG TCS: EMA9=2679.83, EMA15=2680.21, Diff=-0.39, RSI=46.10
12:19:47 -        Bullish: False, Bearish: False
12:19:48 - DEBUG RELIANCE: EMA9=1427.33, EMA15=1426.50, Diff=0.82, RSI=68.46
12:19:48 -        Bullish: False, Bearish: False
12:19:48 - DEBUG HDFCBANK: EMA9=922.78, EMA15=922.65, Diff=0.13, RSI=52.67
12:19:48 -        Bullish: False, Bearish: False
12:19:55 - DEBUG ITC: EMA9=330.30, EMA15=330.10, Diff=0.20, RSI=64.63
12:19:55 -        Bullish: False, Bearish: False
12:19:56 - DEBUG BEL: EMA9=447.74, EMA15=448.00, Diff=-0.27, RSI=40.75
12:19:56 -        Bullish: False, Bearish: False
12:19:57 - DEBUG IDBI: EMA9=114.10, EMA15=114.12, Diff=-0.02, RSI=47.83
12:19:57 -        Bullish: False, Bearish: False
12:19:57 - DEBUG TCS: EMA9=2680.01, EMA15=2680.33, Diff=-0.32, RSI=47.15
12:19:57 -        Bullish: False, Bearish: False
12:19:58 - DEBUG RELIANCE: EMA9=1427.31, EMA15=1426.49, Diff=0.82, RSI=68.15
12:19:58 -        Bullish: False, Bearish: False
12:19:59 - DEBUG HDFCBANK: EMA9=922.80, EMA15=922.66, Diff=0.14, RSI=53.56
12:19:59 -        Bullish: False, Bearish: False
12:20:05 - DEBUG ITC: EMA9=330.39, EMA15=330.18, Diff=0.21, RSI=64.31
12:20:05 -        Bullish: False, Bearish: False
12:20:06 - DEBUG BEL: EMA9=447.66, EMA15=447.92, Diff=-0.26, RSI=40.80
12:20:06 -        Bullish: False, Bearish: False
12:20:06 - DEBUG IDBI: EMA9=114.10, EMA15=114.12, Diff=-0.02, RSI=47.83
12:20:06 -        Bullish: False, Bearish: False
12:20:07 - DEBUG TCS: EMA9=2680.07, EMA15=2680.32, Diff=-0.25, RSI=47.14
12:20:07 -        Bullish: False, Bearish: False
12:20:08 - DEBUG RELIANCE: EMA9=1427.57, EMA15=1426.76, Diff=0.82, RSI=68.19
12:20:08 -        Bullish: False, Bearish: False
12:20:08 - DEBUG HDFCBANK: EMA9=922.83, EMA15=922.70, Diff=0.13, RSI=52.17
12:20:08 -        Bullish: False, Bearish: False
12:20:14 - DEBUG ITC: EMA9=330.39, EMA15=330.18, Diff=0.21, RSI=64.31
12:20:14 -        Bullish: False, Bearish: False
12:20:15 - DEBUG BEL: EMA9=447.65, EMA15=447.92, Diff=-0.27, RSI=40.15
12:20:15 -        Bullish: False, Bearish: False
12:20:15 - DEBUG IDBI: EMA9=114.09, EMA15=114.11, Diff=-0.02, RSI=47.83
12:20:15 -        Bullish: False, Bearish: False
12:20:16 - DEBUG TCS: EMA9=2679.97, EMA15=2680.25, Diff=-0.28, RSI=46.44
12:20:16 -        Bullish: False, Bearish: False
12:20:16 - DEBUG RELIANCE: EMA9=1427.57, EMA15=1426.76, Diff=0.82, RSI=68.19
12:20:16 -        Bullish: False, Bearish: False
12:20:17 - DEBUG HDFCBANK: EMA9=922.83, EMA15=922.70, Diff=0.13, RSI=52.17
12:20:17 -        Bullish: False, Bearish: False
12:20:23 - DEBUG ITC: EMA9=330.40, EMA15=330.18, Diff=0.22, RSI=64.72
12:20:23 -        Bullish: False, Bearish: False
12:20:25 - DEBUG BEL: EMA9=447.61, EMA15=447.89, Diff=-0.28, RSI=38.46
12:20:25 -        Bullish: False, Bearish: False
12:20:25 - DEBUG IDBI: EMA9=114.08, EMA15=114.10, Diff=-0.02, RSI=46.78
12:20:25 -        Bullish: False, Bearish: False
12:20:26 - DEBUG TCS: EMA9=2679.85, EMA15=2680.18, Diff=-0.33, RSI=45.63
12:20:26 -        Bullish: False, Bearish: False
12:20:27 - DEBUG RELIANCE: EMA9=1427.57, EMA15=1426.76, Diff=0.82, RSI=68.19
12:20:27 -        Bullish: False, Bearish: False
12:20:27 - DEBUG HDFCBANK: EMA9=922.81, EMA15=922.68, Diff=0.13, RSI=51.26
12:20:27 -        Bullish: False, Bearish: False
12:20:34 - DEBUG ITC: EMA9=330.40, EMA15=330.18, Diff=0.22, RSI=64.72
12:20:34 -        Bullish: False, Bearish: False
12:20:35 - DEBUG BEL: EMA9=447.61, EMA15=447.89, Diff=-0.28, RSI=38.46
12:20:35 -        Bullish: False, Bearish: False
12:20:35 - DEBUG IDBI: EMA9=114.08, EMA15=114.10, Diff=-0.02, RSI=46.78
12:20:35 -        Bullish: False, Bearish: False
12:20:35 - DEBUG TCS: EMA9=2680.11, EMA15=2680.34, Diff=-0.23, RSI=47.41
12:20:35 -        Bullish: False, Bearish: False
12:20:36 - DEBUG RELIANCE: EMA9=1427.59, EMA15=1426.77, Diff=0.82, RSI=68.54
12:20:36 -        Bullish: False, Bearish: False
12:20:36 - DEBUG HDFCBANK: EMA9=922.81, EMA15=922.68, Diff=0.13, RSI=51.26
12:20:36 -        Bullish: False, Bearish: False
12:20:42 - DEBUG ITC: EMA9=330.41, EMA15=330.19, Diff=0.22, RSI=65.11
12:20:42 -        Bullish: False, Bearish: False
12:20:43 - DEBUG BEL: EMA9=447.63, EMA15=447.90, Diff=-0.27, RSI=39.29
12:20:43 -        Bullish: False, Bearish: False
12:20:43 - DEBUG IDBI: EMA9=114.08, EMA15=114.10, Diff=-0.02, RSI=46.78
12:20:43 -        Bullish: False, Bearish: False
12:20:44 - DEBUG TCS: EMA9=2680.11, EMA15=2680.34, Diff=-0.23, RSI=47.41
12:20:44 -        Bullish: False, Bearish: False
12:20:44 - DEBUG RELIANCE: EMA9=1427.55, EMA15=1426.75, Diff=0.81, RSI=67.85
12:20:44 -        Bullish: False, Bearish: False
12:20:45 - DEBUG HDFCBANK: EMA9=922.83, EMA15=922.70, Diff=0.13, RSI=52.17
12:20:45 -        Bullish: False, Bearish: False
12:20:51 - DEBUG ITC: EMA9=330.40, EMA15=330.18, Diff=0.22, RSI=64.72
12:20:51 -        Bullish: False, Bearish: False
12:20:52 - DEBUG BEL: EMA9=447.66, EMA15=447.92, Diff=-0.26, RSI=40.80
12:20:52 -        Bullish: False, Bearish: False
12:20:52 - DEBUG IDBI: EMA9=114.08, EMA15=114.10, Diff=-0.02, RSI=46.78
12:20:52 -        Bullish: False, Bearish: False
12:20:53 - DEBUG TCS: EMA9=2680.05, EMA15=2680.30, Diff=-0.25, RSI=47.00
12:20:53 -        Bullish: False, Bearish: False
12:20:53 - DEBUG RELIANCE: EMA9=1427.61, EMA15=1426.78, Diff=0.83, RSI=68.87
12:20:53 -        Bullish: False, Bearish: False
12:20:54 - DEBUG HDFCBANK: EMA9=922.82, EMA15=922.69, Diff=0.13, RSI=51.71
12:20:54 -        Bullish: False, Bearish: False
12:21:01 - DEBUG ITC: EMA9=330.41, EMA15=330.19, Diff=0.22, RSI=65.11
12:21:01 -        Bullish: False, Bearish: False
12:21:01 - DEBUG BEL: EMA9=447.61, EMA15=447.89, Diff=-0.28, RSI=38.46
12:21:01 -        Bullish: False, Bearish: False
12:21:02 - DEBUG IDBI: EMA9=114.09, EMA15=114.11, Diff=-0.02, RSI=47.83
12:21:02 -        Bullish: False, Bearish: False
12:21:03 - DEBUG TCS: EMA9=2679.93, EMA15=2680.23, Diff=-0.30, RSI=46.16
12:21:03 -        Bullish: False, Bearish: False
12:21:04 - DEBUG RELIANCE: EMA9=1427.63, EMA15=1426.80, Diff=0.84, RSI=69.20
12:21:04 -        Bullish: False, Bearish: False
12:21:04 - DEBUG HDFCBANK: EMA9=922.85, EMA15=922.71, Diff=0.14, RSI=53.11
12:21:04 -        Bullish: False, Bearish: False
12:21:11 - DEBUG ITC: EMA9=330.41, EMA15=330.19, Diff=0.22, RSI=65.11
12:21:11 -        Bullish: False, Bearish: False
12:21:11 - DEBUG BEL: EMA9=447.64, EMA15=447.91, Diff=-0.27, RSI=39.71
12:21:11 -        Bullish: False, Bearish: False
12:21:12 - DEBUG IDBI: EMA9=114.09, EMA15=114.11, Diff=-0.02, RSI=47.83
12:21:12 -        Bullish: False, Bearish: False
12:21:12 - DEBUG TCS: EMA9=2680.03, EMA15=2680.29, Diff=-0.26, RSI=46.86
12:21:12 -        Bullish: False, Bearish: False
12:21:13 - DEBUG RELIANCE: EMA9=1427.61, EMA15=1426.78, Diff=0.83, RSI=68.87
12:21:13 -        Bullish: False, Bearish: False
12:21:13 - DEBUG HDFCBANK: EMA9=922.85, EMA15=922.71, Diff=0.14, RSI=53.11
12:21:13 -        Bullish: False, Bearish: False
12:21:20 - DEBUG ITC: EMA9=330.44, EMA15=330.21, Diff=0.23, RSI=66.25
12:21:20 -        Bullish: False, Bearish: False
12:21:20 - DEBUG BEL: EMA9=447.64, EMA15=447.91, Diff=-0.27, RSI=39.71
12:21:20 -        Bullish: False, Bearish: False
12:21:21 - DEBUG IDBI: EMA9=114.08, EMA15=114.10, Diff=-0.02, RSI=47.04
12:21:21 -        Bullish: False, Bearish: False
12:21:21 - DEBUG TCS: EMA9=2680.09, EMA15=2680.33, Diff=-0.24, RSI=47.27
12:21:21 -        Bullish: False, Bearish: False
12:21:22 - DEBUG RELIANCE: EMA9=1427.63, EMA15=1426.80, Diff=0.84, RSI=69.20
12:21:22 -        Bullish: False, Bearish: False
12:21:22 - DEBUG HDFCBANK: EMA9=922.87, EMA15=922.72, Diff=0.15, RSI=53.95
12:21:22 -        Bullish: False, Bearish: False
12:21:29 - DEBUG ITC: EMA9=330.50, EMA15=330.24, Diff=0.25, RSI=68.30
12:21:29 -        Bullish: False, Bearish: False
12:21:29 - DEBUG BEL: EMA9=447.65, EMA15=447.92, Diff=-0.27, RSI=40.15
12:21:29 -        Bullish: False, Bearish: False
12:21:30 - DEBUG IDBI: EMA9=114.09, EMA15=114.11, Diff=-0.02, RSI=47.83
12:21:30 -        Bullish: False, Bearish: False
12:21:30 - DEBUG TCS: EMA9=2679.87, EMA15=2680.19, Diff=-0.32, RSI=45.75
12:21:30 -        Bullish: False, Bearish: False
12:21:31 - DEBUG RELIANCE: EMA9=1427.61, EMA15=1426.78, Diff=0.83, RSI=68.87
12:21:31 -        Bullish: False, Bearish: False
12:21:31 - DEBUG HDFCBANK: EMA9=922.85, EMA15=922.71, Diff=0.14, RSI=53.11
12:21:31 -        Bullish: False, Bearish: False
12:21:38 - DEBUG ITC: EMA9=330.49, EMA15=330.24, Diff=0.25, RSI=67.98
12:21:38 -        Bullish: False, Bearish: False
12:21:38 - DEBUG BEL: EMA9=447.65, EMA15=447.92, Diff=-0.27, RSI=40.15
12:21:38 -        Bullish: False, Bearish: False
12:21:39 - DEBUG IDBI: EMA9=114.08, EMA15=114.10, Diff=-0.02, RSI=47.04
12:21:39 -        Bullish: False, Bearish: False
12:21:39 - DEBUG TCS: EMA9=2679.97, EMA15=2680.25, Diff=-0.28, RSI=46.44
12:21:39 -        Bullish: False, Bearish: False
12:21:40 - DEBUG RELIANCE: EMA9=1427.65, EMA15=1426.81, Diff=0.85, RSI=69.51
12:21:40 -        Bullish: False, Bearish: False
12:21:40 - DEBUG HDFCBANK: EMA9=922.83, EMA15=922.70, Diff=0.13, RSI=52.17
12:21:40 -        Bullish: False, Bearish: False
12:21:47 - DEBUG ITC: EMA9=330.48, EMA15=330.23, Diff=0.25, RSI=67.65
12:21:47 -        Bullish: False, Bearish: False
12:21:47 - DEBUG BEL: EMA9=447.65, EMA15=447.92, Diff=-0.27, RSI=40.15
12:21:47 -        Bullish: False, Bearish: False
12:21:48 - DEBUG IDBI: EMA9=114.09, EMA15=114.11, Diff=-0.02, RSI=47.83
12:21:48 -        Bullish: False, Bearish: False
12:21:48 - DEBUG TCS: EMA9=2679.83, EMA15=2680.17, Diff=-0.34, RSI=45.51
12:21:48 -        Bullish: False, Bearish: False
12:21:49 - DEBUG RELIANCE: EMA9=1427.65, EMA15=1426.81, Diff=0.85, RSI=69.51
12:21:49 -        Bullish: False, Bearish: False
12:21:49 - DEBUG HDFCBANK: EMA9=922.85, EMA15=922.71, Diff=0.14, RSI=53.11
12:21:49 -        Bullish: False, Bearish: False
12:21:55 - DEBUG ITC: EMA9=330.47, EMA15=330.23, Diff=0.24, RSI=67.31
12:21:55 -        Bullish: False, Bearish: False
12:21:56 - DEBUG BEL: EMA9=447.65, EMA15=447.92, Diff=-0.27, RSI=40.15
12:21:56 -        Bullish: False, Bearish: False
12:21:56 - DEBUG IDBI: EMA9=114.09, EMA15=114.11, Diff=-0.02, RSI=47.83
12:21:56 -        Bullish: False, Bearish: False
12:21:57 - DEBUG TCS: EMA9=2679.83, EMA15=2680.17, Diff=-0.34, RSI=45.51
12:21:57 -        Bullish: False, Bearish: False
12:21:57 - DEBUG RELIANCE: EMA9=1427.69, EMA15=1426.83, Diff=0.86, RSI=70.13
12:21:57 -        Bullish: False, Bearish: False
12:21:58 - DEBUG HDFCBANK: EMA9=922.85, EMA15=922.71, Diff=0.14, RSI=53.11
12:21:58 -        Bullish: False, Bearish: False
12:22:04 - DEBUG ITC: EMA9=330.48, EMA15=330.23, Diff=0.25, RSI=67.65
12:22:04 -        Bullish: False, Bearish: False
12:22:05 - DEBUG BEL: EMA9=447.64, EMA15=447.91, Diff=-0.27, RSI=39.71
12:22:05 -        Bullish: False, Bearish: False
12:22:05 - DEBUG IDBI: EMA9=114.08, EMA15=114.11, Diff=-0.02, RSI=47.30
12:22:05 -        Bullish: False, Bearish: False
12:22:06 - DEBUG TCS: EMA9=2679.99, EMA15=2680.27, Diff=-0.28, RSI=46.58
12:22:06 -        Bullish: False, Bearish: False
12:22:07 - DEBUG RELIANCE: EMA9=1427.69, EMA15=1426.83, Diff=0.86, RSI=70.13
12:22:07 -        Bullish: False, Bearish: False
12:22:08 - DEBUG HDFCBANK: EMA9=922.87, EMA15=922.72, Diff=0.15, RSI=53.95
12:22:08 -        Bullish: False, Bearish: False
12:22:14 - DEBUG ITC: EMA9=330.47, EMA15=330.23, Diff=0.24, RSI=67.31
12:22:14 -        Bullish: False, Bearish: False
12:22:14 - DEBUG BEL: EMA9=447.69, EMA15=447.94, Diff=-0.25, RSI=42.66
12:22:14 -        Bullish: False, Bearish: False
12:22:15 - DEBUG IDBI: EMA9=114.08, EMA15=114.11, Diff=-0.02, RSI=47.30
12:22:15 -        Bullish: False, Bearish: False
12:22:15 - DEBUG TCS: EMA9=2680.13, EMA15=2680.35, Diff=-0.22, RSI=47.54
12:22:15 -        Bullish: False, Bearish: False
12:22:16 - DEBUG RELIANCE: EMA9=1427.71, EMA15=1426.85, Diff=0.87, RSI=70.44
12:22:16 -        Bullish: False, Bearish: False
12:22:17 - DEBUG HDFCBANK: EMA9=922.88, EMA15=922.73, Diff=0.15, RSI=54.35
12:22:17 -        Bullish: False, Bearish: False
12:22:23 - DEBUG ITC: EMA9=330.48, EMA15=330.23, Diff=0.25, RSI=67.65
12:22:23 -        Bullish: False, Bearish: False
12:22:23 - DEBUG BEL: EMA9=447.63, EMA15=447.90, Diff=-0.27, RSI=39.29
12:22:23 -        Bullish: False, Bearish: False
12:22:24 - DEBUG IDBI: EMA9=114.09, EMA15=114.11, Diff=-0.02, RSI=48.12
12:22:24 -        Bullish: False, Bearish: False
12:22:24 - DEBUG TCS: EMA9=2680.17, EMA15=2680.38, Diff=-0.21, RSI=47.81
12:22:24 -        Bullish: False, Bearish: False
12:22:25 - DEBUG RELIANCE: EMA9=1427.67, EMA15=1426.82, Diff=0.85, RSI=69.83
12:22:25 -        Bullish: False, Bearish: False
12:22:25 - DEBUG HDFCBANK: EMA9=922.83, EMA15=922.70, Diff=0.13, RSI=52.17
12:22:25 -        Bullish: False, Bearish: False
12:22:32 - DEBUG ITC: EMA9=330.48, EMA15=330.23, Diff=0.25, RSI=67.65
12:22:32 -        Bullish: False, Bearish: False
12:22:32 - DEBUG BEL: EMA9=447.62, EMA15=447.90, Diff=-0.28, RSI=38.87
12:22:32 -        Bullish: False, Bearish: False
12:22:32 - DEBUG IDBI: EMA9=114.09, EMA15=114.11, Diff=-0.02, RSI=48.41
12:22:32 -        Bullish: False, Bearish: False
12:22:33 - DEBUG TCS: EMA9=2680.33, EMA15=2680.48, Diff=-0.15, RSI=48.86
12:22:33 -        Bullish: False, Bearish: False
12:22:33 - DEBUG RELIANCE: EMA9=1427.71, EMA15=1426.85, Diff=0.87, RSI=70.44
12:22:33 -        Bullish: False, Bearish: False
12:22:34 - DEBUG HDFCBANK: EMA9=922.85, EMA15=922.71, Diff=0.14, RSI=53.11
12:22:34 -        Bullish: False, Bearish: False
12:22:40 - DEBUG ITC: EMA9=330.49, EMA15=330.24, Diff=0.25, RSI=67.98
12:22:40 -        Bullish: False, Bearish: False
12:22:40 - DEBUG BEL: EMA9=447.67, EMA15=447.93, Diff=-0.26, RSI=41.43
12:22:40 -        Bullish: False, Bearish: False
12:22:41 - DEBUG IDBI: EMA9=114.09, EMA15=114.11, Diff=-0.02, RSI=48.12
12:22:41 -        Bullish: False, Bearish: False
12:22:41 - DEBUG TCS: EMA9=2680.61, EMA15=2680.65, Diff=-0.04, RSI=50.59
12:22:41 -        Bullish: False, Bearish: False
12:22:42 - DEBUG RELIANCE: EMA9=1427.71, EMA15=1426.85, Diff=0.87, RSI=70.44
12:22:42 -        Bullish: False, Bearish: False
12:22:42 - DEBUG HDFCBANK: EMA9=922.81, EMA15=922.68, Diff=0.13, RSI=51.26
12:22:42 -        Bullish: False, Bearish: False
12:22:49 - DEBUG ITC: EMA9=330.47, EMA15=330.23, Diff=0.24, RSI=67.31
12:22:49 -        Bullish: False, Bearish: False
12:22:49 - DEBUG BEL: EMA9=447.63, EMA15=447.90, Diff=-0.27, RSI=39.29
12:22:49 -        Bullish: False, Bearish: False
12:22:50 - DEBUG IDBI: EMA9=114.09, EMA15=114.11, Diff=-0.02, RSI=48.41
12:22:50 -        Bullish: False, Bearish: False
12:22:50 - DEBUG TCS: EMA9=2680.37, EMA15=2680.50, Diff=-0.13, RSI=49.11
12:22:50 -        Bullish: False, Bearish: False
12:22:51 - DEBUG RELIANCE: EMA9=1427.65, EMA15=1426.81, Diff=0.85, RSI=69.51
12:22:51 -        Bullish: False, Bearish: False
12:22:51 - DEBUG HDFCBANK: EMA9=922.75, EMA15=922.65, Diff=0.10, RSI=48.72
12:22:51 -        Bullish: False, Bearish: False
12:22:58 - DEBUG ITC: EMA9=330.47, EMA15=330.23, Diff=0.24, RSI=67.31
12:22:58 -        Bullish: False, Bearish: False
12:22:59 - DEBUG BEL: EMA9=447.64, EMA15=447.91, Diff=-0.27, RSI=39.71
12:22:59 -        Bullish: False, Bearish: False
12:23:00 - DEBUG IDBI: EMA9=114.08, EMA15=114.10, Diff=-0.02, RSI=46.52
12:23:00 -        Bullish: False, Bearish: False
12:23:00 - DEBUG TCS: EMA9=2680.19, EMA15=2680.39, Diff=-0.20, RSI=47.95
12:23:00 -        Bullish: False, Bearish: False
12:23:01 - DEBUG RELIANCE: EMA9=1427.69, EMA15=1426.83, Diff=0.86, RSI=70.13
12:23:01 -        Bullish: False, Bearish: False
12:23:01 - DEBUG HDFCBANK: EMA9=922.77, EMA15=922.66, Diff=0.11, RSI=49.54
12:23:01 -        Bullish: False, Bearish: False
12:23:06 - Bot stopped by user
12:23:06 - Excel saved
12:23:06 - Bot shutdown complete
14:43:55 - Dhan.py System Started
14:43:55 - System Started
14:43:58 - Connected. Balance: 31077.77
14:44:01 - Excel initialized successfully
14:44:03 - Bot started. Press Ctrl+C to stop.
14:44:05 - DEBUG ITC: EMA9=331.78, EMA15=331.63, Diff=0.15, RSI=61.18
14:44:05 -        Bullish: False, Bearish: False
14:44:06 - DEBUG BEL: EMA9=448.72, EMA15=448.69, Diff=0.03, RSI=44.47
14:44:06 -        Bullish: False, Bearish: False
14:44:06 - DEBUG IDBI: EMA9=114.03, EMA15=114.05, Diff=-0.02, RSI=45.88
14:44:06 -        Bullish: False, Bearish: False
14:44:07 - DEBUG TCS: EMA9=2690.66, EMA15=2690.00, Diff=0.67, RSI=49.30
14:44:07 -        Bullish: False, Bearish: False
14:44:08 - DEBUG RELIANCE: EMA9=1435.77, EMA15=1434.89, Diff=0.88, RSI=67.86
14:44:08 -        Bullish: False, Bearish: False
14:44:09 - DEBUG HDFCBANK: EMA9=922.44, EMA15=922.26, Diff=0.17, RSI=55.95
14:44:09 -        Bullish: False, Bearish: False
14:44:16 - DEBUG ITC: EMA9=331.76, EMA15=331.61, Diff=0.14, RSI=58.87
14:44:16 -        Bullish: False, Bearish: False
14:44:16 - DEBUG BEL: EMA9=448.79, EMA15=448.73, Diff=0.06, RSI=47.78
14:44:16 -        Bullish: False, Bearish: False
14:44:17 - DEBUG IDBI: EMA9=114.04, EMA15=114.06, Diff=-0.01, RSI=49.12
14:44:17 -        Bullish: False, Bearish: False
14:44:17 - DEBUG TCS: EMA9=2690.72, EMA15=2690.03, Diff=0.69, RSI=49.74
14:44:17 -        Bullish: False, Bearish: False
14:44:18 - DEBUG RELIANCE: EMA9=1435.81, EMA15=1434.92, Diff=0.89, RSI=68.43
14:44:18 -        Bullish: False, Bearish: False
14:44:18 - DEBUG HDFCBANK: EMA9=922.43, EMA15=922.26, Diff=0.17, RSI=55.56
14:44:18 -        Bullish: False, Bearish: False
14:44:25 - DEBUG ITC: EMA9=331.79, EMA15=331.63, Diff=0.15, RSI=62.40
14:44:25 -        Bullish: False, Bearish: False
14:44:27 - DEBUG BEL: EMA9=448.79, EMA15=448.73, Diff=0.06, RSI=47.78
14:44:27 -        Bullish: False, Bearish: False
14:44:27 - DEBUG IDBI: EMA9=114.04, EMA15=114.06, Diff=-0.01, RSI=49.12
14:44:27 -        Bullish: False, Bearish: False
14:44:28 - DEBUG TCS: EMA9=2690.78, EMA15=2690.07, Diff=0.71, RSI=50.19
14:44:28 -        Bullish: False, Bearish: False
14:44:29 - DEBUG RELIANCE: EMA9=1435.87, EMA15=1434.96, Diff=0.91, RSI=69.24
14:44:29 -        Bullish: False, Bearish: False
14:44:29 - DEBUG HDFCBANK: EMA9=922.40, EMA15=922.24, Diff=0.16, RSI=54.34
14:44:29 -        Bullish: False, Bearish: False
14:44:36 - DEBUG ITC: EMA9=331.79, EMA15=331.63, Diff=0.15, RSI=62.40
14:44:36 -        Bullish: False, Bearish: False
14:44:37 - DEBUG BEL: EMA9=448.78, EMA15=448.73, Diff=0.05, RSI=47.27
14:44:37 -        Bullish: False, Bearish: False
14:44:38 - DEBUG IDBI: EMA9=114.04, EMA15=114.05, Diff=-0.01, RSI=47.55
14:44:38 -        Bullish: False, Bearish: False
14:44:39 - DEBUG TCS: EMA9=2690.78, EMA15=2690.07, Diff=0.71, RSI=50.19
14:44:39 -        Bullish: False, Bearish: False
14:44:40 - DEBUG RELIANCE: EMA9=1435.91, EMA15=1434.98, Diff=0.93, RSI=69.76
14:44:40 -        Bullish: False, Bearish: False
14:44:40 - DEBUG HDFCBANK: EMA9=922.42, EMA15=922.25, Diff=0.17, RSI=55.16
14:44:40 -        Bullish: False, Bearish: False
14:44:47 - DEBUG ITC: EMA9=331.77, EMA15=331.62, Diff=0.15, RSI=60.00
14:44:47 -        Bullish: False, Bearish: False
14:44:48 - DEBUG BEL: EMA9=448.75, EMA15=448.71, Diff=0.04, RSI=45.83
14:44:48 -        Bullish: False, Bearish: False
14:44:49 - DEBUG IDBI: EMA9=114.04, EMA15=114.06, Diff=-0.01, RSI=49.12
14:44:49 -        Bullish: False, Bearish: False
14:44:49 - DEBUG TCS: EMA9=2690.62, EMA15=2689.97, Diff=0.65, RSI=49.01
14:44:49 -        Bullish: False, Bearish: False
14:44:50 - DEBUG RELIANCE: EMA9=1435.89, EMA15=1434.97, Diff=0.92, RSI=69.50
14:44:50 -        Bullish: False, Bearish: False
14:44:51 - DEBUG HDFCBANK: EMA9=922.38, EMA15=922.23, Diff=0.15, RSI=53.48
14:44:51 -        Bullish: False, Bearish: False
14:44:59 - DEBUG ITC: EMA9=331.77, EMA15=331.62, Diff=0.15, RSI=60.00
14:44:59 -        Bullish: False, Bearish: False
14:44:59 - DEBUG BEL: EMA9=448.73, EMA15=448.70, Diff=0.03, RSI=49.01
14:44:59 -        Bullish: False, Bearish: False
14:45:00 - DEBUG IDBI: EMA9=114.06, EMA15=114.07, Diff=-0.00, RSI=53.15
14:45:00 -        Bullish: False, Bearish: False
14:45:01 - DEBUG TCS: EMA9=2690.05, EMA15=2689.69, Diff=0.36, RSI=48.60
14:45:01 -        Bullish: False, Bearish: False
14:45:02 - DEBUG RELIANCE: EMA9=1436.11, EMA15=1435.22, Diff=0.89, RSI=68.72
14:45:02 -        Bullish: False, Bearish: False
14:45:02 - DEBUG HDFCBANK: EMA9=922.51, EMA15=922.33, Diff=0.18, RSI=54.78
14:45:02 -        Bullish: False, Bearish: False
14:45:09 - DEBUG ITC: EMA9=331.77, EMA15=331.64, Diff=0.13, RSI=60.00
14:45:09 -        Bullish: False, Bearish: False
14:45:10 - DEBUG BEL: EMA9=448.70, EMA15=448.68, Diff=0.01, RSI=47.27
14:45:10 -        Bullish: False, Bearish: False
14:45:11 - DEBUG IDBI: EMA9=114.06, EMA15=114.06, Diff=-0.01, RSI=51.72
14:45:11 -        Bullish: False, Bearish: False
14:45:11 - DEBUG TCS: EMA9=2690.17, EMA15=2689.77, Diff=0.41, RSI=49.55
14:45:11 -        Bullish: False, Bearish: False
14:45:12 - DEBUG RELIANCE: EMA9=1436.09, EMA15=1435.20, Diff=0.88, RSI=68.43
14:45:12 -        Bullish: False, Bearish: False
14:45:13 - DEBUG HDFCBANK: EMA9=922.53, EMA15=922.34, Diff=0.19, RSI=55.81
14:45:13 -        Bullish: False, Bearish: False
14:45:20 - DEBUG ITC: EMA9=331.77, EMA15=331.64, Diff=0.13, RSI=60.00
14:45:20 -        Bullish: False, Bearish: False
14:45:20 - DEBUG BEL: EMA9=448.68, EMA15=448.67, Diff=0.01, RSI=46.22
14:45:20 -        Bullish: False, Bearish: False
14:45:21 - DEBUG IDBI: EMA9=114.06, EMA15=114.06, Diff=-0.01, RSI=51.72
14:45:21 -        Bullish: False, Bearish: False
14:45:22 - DEBUG TCS: EMA9=2689.99, EMA15=2689.66, Diff=0.34, RSI=48.13
14:45:22 -        Bullish: False, Bearish: False
14:45:23 - DEBUG RELIANCE: EMA9=1436.11, EMA15=1435.22, Diff=0.89, RSI=68.72
14:45:23 -        Bullish: False, Bearish: False
14:45:23 - DEBUG HDFCBANK: EMA9=922.54, EMA15=922.35, Diff=0.19, RSI=56.33
14:45:23 -        Bullish: False, Bearish: False
14:45:30 - DEBUG ITC: EMA9=331.78, EMA15=331.65, Diff=0.13, RSI=60.81
14:45:30 -        Bullish: False, Bearish: False
14:45:31 - DEBUG BEL: EMA9=448.69, EMA15=448.67, Diff=0.01, RSI=46.74
14:45:31 -        Bullish: False, Bearish: False
14:45:31 - DEBUG IDBI: EMA9=114.06, EMA15=114.06, Diff=-0.01, RSI=51.72
14:45:31 -        Bullish: False, Bearish: False
14:45:33 - DEBUG TCS: EMA9=2690.03, EMA15=2689.68, Diff=0.35, RSI=48.44
14:45:33 -        Bullish: False, Bearish: False
14:45:34 - DEBUG RELIANCE: EMA9=1436.15, EMA15=1435.24, Diff=0.91, RSI=69.30
14:45:34 -        Bullish: False, Bearish: False
14:45:34 - DEBUG HDFCBANK: EMA9=922.54, EMA15=922.35, Diff=0.19, RSI=56.33
14:45:34 -        Bullish: False, Bearish: False
14:45:41 - DEBUG ITC: EMA9=331.77, EMA15=331.64, Diff=0.13, RSI=60.00
14:45:41 -        Bullish: False, Bearish: False
14:45:42 - DEBUG BEL: EMA9=448.67, EMA15=448.66, Diff=0.00, RSI=45.72
14:45:42 -        Bullish: False, Bearish: False
14:45:43 - DEBUG IDBI: EMA9=114.04, EMA15=114.05, Diff=-0.01, RSI=48.09
14:45:43 -        Bullish: False, Bearish: False
14:45:43 - DEBUG TCS: EMA9=2690.01, EMA15=2689.67, Diff=0.35, RSI=48.29
14:45:43 -        Bullish: False, Bearish: False
14:45:44 - DEBUG RELIANCE: EMA9=1436.17, EMA15=1435.25, Diff=0.91, RSI=69.58
14:45:44 -        Bullish: False, Bearish: False
14:45:44 - DEBUG HDFCBANK: EMA9=922.52, EMA15=922.34, Diff=0.18, RSI=55.29
14:45:44 -        Bullish: False, Bearish: False
14:45:51 - DEBUG ITC: EMA9=331.74, EMA15=331.62, Diff=0.12, RSI=56.49
14:45:51 -        Bullish: False, Bearish: False
14:45:52 - DEBUG BEL: EMA9=448.65, EMA15=448.65, Diff=-0.00, RSI=44.74
14:45:52 -        Bullish: False, Bearish: False
14:45:52 - DEBUG IDBI: EMA9=114.05, EMA15=114.06, Diff=-0.01, RSI=48.60
14:45:52 -        Bullish: False, Bearish: False
14:45:53 - DEBUG TCS: EMA9=2689.97, EMA15=2689.64, Diff=0.33, RSI=47.99
14:45:53 -        Bullish: False, Bearish: False
14:45:54 - DEBUG RELIANCE: EMA9=1436.21, EMA15=1435.28, Diff=0.93, RSI=70.13
14:45:54 -        Bullish: False, Bearish: False
14:45:55 - DEBUG HDFCBANK: EMA9=922.54, EMA15=922.35, Diff=0.19, RSI=56.33
14:45:55 -        Bullish: False, Bearish: False
14:46:01 - DEBUG ITC: EMA9=331.76, EMA15=331.64, Diff=0.13, RSI=58.78
14:46:01 -        Bullish: False, Bearish: False
14:46:02 - DEBUG BEL: EMA9=448.64, EMA15=448.64, Diff=-0.01, RSI=44.26
14:46:02 -        Bullish: False, Bearish: False
14:46:03 - DEBUG IDBI: EMA9=114.04, EMA15=114.05, Diff=-0.01, RSI=48.09
14:46:03 -        Bullish: False, Bearish: False
14:46:04 - DEBUG TCS: EMA9=2690.03, EMA15=2689.68, Diff=0.35, RSI=48.44
14:46:04 -        Bullish: False, Bearish: False
14:46:04 - DEBUG RELIANCE: EMA9=1436.21, EMA15=1435.28, Diff=0.93, RSI=70.13
14:46:04 -        Bullish: False, Bearish: False
14:46:05 - DEBUG HDFCBANK: EMA9=922.52, EMA15=922.34, Diff=0.18, RSI=55.29
14:46:05 -        Bullish: False, Bearish: False
14:46:12 - DEBUG ITC: EMA9=331.76, EMA15=331.64, Diff=0.13, RSI=58.78
14:46:12 -        Bullish: False, Bearish: False
14:46:13 - DEBUG BEL: EMA9=448.65, EMA15=448.65, Diff=-0.00, RSI=44.74
14:46:13 -        Bullish: False, Bearish: False
14:46:13 - DEBUG IDBI: EMA9=114.04, EMA15=114.05, Diff=-0.01, RSI=48.09
14:46:13 -        Bullish: False, Bearish: False
14:46:14 - DEBUG TCS: EMA9=2690.03, EMA15=2689.68, Diff=0.35, RSI=48.44
14:46:14 -        Bullish: False, Bearish: False
14:46:15 - DEBUG RELIANCE: EMA9=1436.21, EMA15=1435.28, Diff=0.93, RSI=70.13
14:46:15 -        Bullish: False, Bearish: False
14:46:16 - DEBUG HDFCBANK: EMA9=922.53, EMA15=922.34, Diff=0.19, RSI=55.81
14:46:16 -        Bullish: False, Bearish: False
14:46:23 - DEBUG ITC: EMA9=331.76, EMA15=331.64, Diff=0.13, RSI=58.78
14:46:23 -        Bullish: False, Bearish: False
14:46:23 - DEBUG BEL: EMA9=448.68, EMA15=448.67, Diff=0.01, RSI=46.22
14:46:23 -        Bullish: False, Bearish: False
14:46:24 - DEBUG IDBI: EMA9=114.05, EMA15=114.06, Diff=-0.01, RSI=48.60
14:46:24 -        Bullish: False, Bearish: False
14:46:25 - DEBUG TCS: EMA9=2689.89, EMA15=2689.59, Diff=0.30, RSI=47.40
14:46:25 -        Bullish: False, Bearish: False
14:46:26 - DEBUG RELIANCE: EMA9=1436.21, EMA15=1435.28, Diff=0.93, RSI=70.13
14:46:26 -        Bullish: False, Bearish: False
14:46:26 - DEBUG HDFCBANK: EMA9=922.53, EMA15=922.34, Diff=0.19, RSI=55.81
14:46:26 -        Bullish: False, Bearish: False
14:46:33 - DEBUG ITC: EMA9=331.72, EMA15=331.61, Diff=0.11, RSI=54.37
14:46:33 -        Bullish: False, Bearish: False
14:46:34 - DEBUG BEL: EMA9=448.67, EMA15=448.66, Diff=0.00, RSI=45.72
14:46:34 -        Bullish: False, Bearish: False
14:46:35 - DEBUG IDBI: EMA9=114.06, EMA15=114.07, Diff=-0.00, RSI=52.68
14:46:35 -        Bullish: False, Bearish: False
14:46:35 - DEBUG TCS: EMA9=2689.85, EMA15=2689.57, Diff=0.29, RSI=47.11
14:46:35 -        Bullish: False, Bearish: False
14:46:36 - DEBUG RELIANCE: EMA9=1436.13, EMA15=1435.23, Diff=0.90, RSI=69.02
14:46:36 -        Bullish: False, Bearish: False
14:46:37 - DEBUG HDFCBANK: EMA9=922.53, EMA15=922.34, Diff=0.19, RSI=55.81
14:46:37 -        Bullish: False, Bearish: False
14:46:45 - DEBUG ITC: EMA9=331.71, EMA15=331.61, Diff=0.11, RSI=53.37
14:46:45 -        Bullish: False, Bearish: False
14:46:46 - DEBUG BEL: EMA9=448.66, EMA15=448.66, Diff=-0.00, RSI=45.22
14:46:46 -        Bullish: False, Bearish: False
14:46:47 - DEBUG IDBI: EMA9=114.04, EMA15=114.05, Diff=-0.01, RSI=48.09
14:46:47 -        Bullish: False, Bearish: False
14:46:48 - DEBUG TCS: EMA9=2689.93, EMA15=2689.62, Diff=0.32, RSI=47.69
14:46:48 -        Bullish: False, Bearish: False
14:46:49 - DEBUG RELIANCE: EMA9=1436.11, EMA15=1435.22, Diff=0.89, RSI=68.72
14:46:49 -        Bullish: False, Bearish: False
14:46:50 - DEBUG HDFCBANK: EMA9=922.51, EMA15=922.33, Diff=0.18, RSI=54.78
14:46:50 -        Bullish: False, Bearish: False
14:46:56 - DEBUG ITC: EMA9=331.73, EMA15=331.62, Diff=0.12, RSI=55.41
14:46:56 -        Bullish: False, Bearish: False
14:46:56 - DEBUG BEL: EMA9=448.65, EMA15=448.65, Diff=-0.00, RSI=44.74
14:46:56 -        Bullish: False, Bearish: False
14:46:57 - DEBUG IDBI: EMA9=114.06, EMA15=114.06, Diff=-0.01, RSI=51.22
14:46:57 -        Bullish: False, Bearish: False
14:46:57 - DEBUG TCS: EMA9=2690.01, EMA15=2689.67, Diff=0.35, RSI=48.29
14:46:57 -        Bullish: False, Bearish: False
14:46:58 - DEBUG RELIANCE: EMA9=1436.13, EMA15=1435.23, Diff=0.90, RSI=69.02
14:46:58 -        Bullish: False, Bearish: False
14:46:58 - DEBUG HDFCBANK: EMA9=922.52, EMA15=922.34, Diff=0.18, RSI=55.29
14:46:58 -        Bullish: False, Bearish: False
14:46:59 - Bot stopped by user
14:46:59 - Excel saved
14:46:59 - Bot shutdown complete
2026-04-29 11:44:03,716 - INFO - Initializing Trading Bot...
2026-04-29 11:44:03,724 - INFO - Database initialized
2026-04-29 11:44:03,725 - INFO - Loaded strategy: EMA_RSI
2026-04-29 11:44:03,727 - INFO - Loaded strategy: MACD_Bollinger
2026-04-29 11:44:03,728 - INFO - Loaded strategy: RSI_50_Crossover
2026-04-29 11:44:03,729 - INFO - Loaded strategy: VWAP_Reversion
2026-04-29 11:44:03,729 - INFO - Loaded strategy: MA_Crossover_50_200
2026-04-29 11:44:03,731 - INFO - Loaded strategy: ORB_30min
2026-04-29 11:44:03,732 - INFO - Loaded strategy: SMC_FVG_Reversion
2026-04-29 11:44:03,734 - INFO - Loaded strategy: SMC_OrderBlock
2026-04-29 11:44:03,735 - INFO - Loaded strategy: SMC_LiquiditySweep
2026-04-29 11:44:03,736 - INFO - Loaded strategy: SMC_MSS
2026-04-29 11:44:03,739 - INFO - Telegram commands disabled
2026-04-29 11:44:03,739 - INFO - Trading Bot Initialized
2026-04-29 11:44:03,740 - INFO - Starting main trading loop...
2026-04-29 11:44:03,968 - INFO - Strategy MACD_Bollinger error: 'BBU_20_2.0'
2026-04-29 11:44:04,190 - ERROR - Fatal error: 'ema_9'
2026-04-29 11:44:04,191 - INFO - Shutting down...
2026-04-29 11:44:04,192 - INFO - Shutdown complete
2026-04-30 09:36:18,428 - INFO - Preparing SELL order for IDBI using RSI_50_Crossover
2026-04-30 09:36:37,486 - INFO - Preparing SELL order for IDBI using RSI_50_Crossover
2026-04-30 09:36:56,772 - INFO - Preparing SELL order for IDBI using RSI_50_Crossover
2026-04-30 09:40:34,828 - INFO - Closing all positions...
2026-04-30 10:32:08,458 - INFO - Closing all positions...
2026-04-30 10:38:33,971 - INFO - Preparing BUY order for IDBI using RSI_50_Crossover
2026-04-30 10:38:56,871 - INFO - Preparing BUY order for IDBI using RSI_50_Crossover
2026-04-30 10:40:06,026 - INFO - Preparing BUY order for IDBI using EMA_RSI
2026-04-30 10:40:27,312 - INFO - Preparing BUY order for IDBI using EMA_RSI
2026-04-30 10:40:47,540 - INFO - Closing all positions...
2026-04-30 10:41:47,114 - INFO - Preparing SELL order for ITC using RSI_50_Crossover
2026-04-30 10:41:47,125 - INFO - ATR calculated: 2.22
2026-04-30 10:42:17,358 - INFO - Closing all positions...
2026-04-30 12:33:15,374 - INFO - Preparing BUY order for BEL using RSI_50_Crossover
2026-04-30 12:33:34,639 - INFO - Preparing BUY order for IDBI using RSI_50_Crossover
2026-04-30 12:33:34,659 - INFO - ATR calculated: 0.26
2026-04-30 12:33:38,094 - INFO - Preparing BUY order for BEL using RSI_50_Crossover
2026-04-30 12:34:08,618 - INFO - Preparing BUY order for BEL using RSI_50_Crossover
2026-04-30 12:34:35,008 - INFO - Closing all positions...
2026-04-30 13:37:01,364 - INFO - Preparing BUY order for ITC using RSI_50_Crossover
2026-04-30 13:37:01,378 - INFO - ATR calculated: 1.22
2026-04-30 13:38:31,056 - INFO - Preparing SELL order for BEL using RSI_50_Crossover
2026-04-30 13:38:31,069 - INFO - ATR calculated: 1.81
2026-04-30 13:38:50,455 - INFO - Preparing SELL order for BEL using RSI_50_Crossover
2026-04-30 13:38:50,468 - INFO - ATR calculated: 1.81
2026-04-30 13:39:27,455 - INFO - Preparing SELL order for BEL using EMA_RSI
2026-04-30 13:39:27,466 - INFO - ATR calculated: 1.77
2026-04-30 13:39:56,917 - INFO - Preparing SELL order for BEL using EMA_RSI
2026-04-30 13:39:56,928 - INFO - ATR calculated: 1.83
2026-04-30 13:40:16,607 - INFO - Preparing BUY order for BEL using RSI_50_Crossover
2026-04-30 13:40:16,617 - INFO - ATR calculated: 1.80
2026-04-30 13:40:36,825 - INFO - Preparing BUY order for BEL using RSI_50_Crossover
2026-04-30 13:40:36,835 - INFO - ATR calculated: 1.84
2026-04-30 13:40:56,553 - INFO - Preparing BUY order for BEL using RSI_50_Crossover
2026-04-30 13:40:56,566 - INFO - ATR calculated: 1.93
2026-04-30 13:41:15,385 - INFO - Closing all positions...
2026-04-30 14:38:56,338 - INFO - Preparing BUY order for IDBI using EMA_RSI
2026-04-30 14:39:14,467 - INFO - Preparing SELL order for IDBI using EMA_RSI
2026-04-30 14:39:34,250 - INFO - Preparing SELL order for IDBI using RSI_50_Crossover
2026-04-30 14:40:10,412 - INFO - Preparing SELL order for IDBI using RSI_50_Crossover
2026-04-30 14:40:28,591 - INFO - Preparing SELL order for IDBI using EMA_RSI
2026-04-30 14:40:48,564 - INFO - Preparing SELL order for IDBI using EMA_RSI
2026-04-30 14:41:00,280 - INFO - Closing all positions...
2026-04-30 16:43:09,523 - INFO - Closing all positions...
2026-04-30 17:07:06,319 - INFO - Closing all positions...
2026-04-30 17:07:06,324 - INFO - Closing all positions...
2026-04-30 17:14:12,915 - INFO - Closing all positions...
2026-04-30 17:14:12,919 - INFO - Closing all positions...
2026-04-30 20:01:06,624 - INFO - Closing all positions...
